Date,brent_usd,brent_7d,log_brent
2021-01-04,51.09000015258789,51.09000015258789,3.9335887863293553
2021-01-05,53.599998474121094,52.34499931335449,3.957856408653628
2021-01-06,54.29999923706055,52.996665954589844,3.970229005056251
2021-01-07,54.380001068115234,53.34249973297119,3.976733381790972
2021-01-08,55.9900016784668,53.87200012207031,3.986610864684651
2021-01-11,55.65999984741211,54.170000076293945,3.9921272510782244
2021-01-12,56.58000183105469,54.514286041259766,3.99846279651677
2021-01-13,56.060001373291016,55.224286215645925,4.011402824200396
2021-01-14,56.41999816894531,55.627143314906526,4.018671271248023
2021-01-15,55.099998474121094,55.741428920200896,4.020723657179128
2021-01-19,55.900001525878906,55.95857184273856,4.0246116284340605
2021-01-20,56.08000183105469,55.97142900739397,4.024841364244198
2021-01-21,56.099998474121094,56.03428595406668,4.025963752566848
2021-01-22,55.40999984741211,55.867142813546316,4.02297642225906
2021-01-25,55.880001068115234,55.84142848423549,4.022516039864652
2021-01-26,55.90999984741211,55.76857158115932,4.021210477399243
2021-01-27,55.810001373291016,55.870000566755024,4.023027573615232
2021-01-28,55.529998779296875,55.81714303152902,4.022081044991267
2021-01-29,55.880001068115234,55.78857149396624,4.0215690364743475
2021-02-01,56.349998474121094,55.82428577968052,4.022209003729118
2021-02-02,57.459999084472656,56.117142813546316,4.027441341848857
2021-02-03,58.459999084472656,56.485713958740234,4.033987755892588
2021-02-04,58.84000015258789,56.9042854309082,4.04137065342644
2021-02-05,59.34000015258789,57.40857097080776,4.050193612227307
2021-02-08,60.560001373291016,58.12714276994978,4.0626327280873795
2021-02-09,61.09000015258789,58.87142835344587,4.0753558855867675
2021-02-10,61.470001220703125,59.602857317243306,4.087703514486629
2021-02-11,61.13999938964844,60.12857164655413,4.096485130346488
2021-02-12,62.43000030517578,60.69571467808315,4.105873097189137
2021-02-16,63.349998474121094,61.34000015258789,4.116432161173681
2021-02-17,64.33999633789062,62.05428532191685,4.128009571665868
2021-02-18,63.93000030517578,62.53571374075754,4.13573781339632
2021-02-19,62.90999984741211,62.79571369716099,4.139886817914875
2021-02-22,65.23999786376953,63.33428464617048,4.148426804108574
2021-02-23,65.37000274658203,63.93857084001814,4.157922791802573
2021-02-24,67.04000091552734,64.59714235578265,4.16817017383152
2021-02-25,66.87999725341797,65.10142789568219,4.1759464828554265
2021-02-26,66.12999725341797,65.3571423121861,4.179866727322127
2021-03-01,63.689998626708984,65.32285635811942,4.17934199583755
2021-03-02,62.70000076293945,65.29285648890904,4.1788826350288995
2021-03-03,64.06999969482422,65.12571389334542,4.176319461907429
2021-03-04,66.73999786376953,65.32142748151507,4.179320121530272
2021-03-05,69.36000061035156,65.6528560093471,4.184381103372196
2021-03-08,68.23999786376953,65.84714181082589,4.187336022704019
2021-03-09,67.5199966430664,66.04571315220424,4.1903471257917015
2021-03-10,67.9000015258789,66.64714213779995,4.199412167052738
2021-03-11,69.62999725341797,67.63714163643974,4.214157264657863
2021-03-12,69.22000122070312,68.37285614013672,4.224975905810171
2021-03-15,68.87999725341797,68.67857033865792,4.2294372195438
2021-03-16,68.38999938964844,68.53999873570034,4.227417498000305
2021-03-17,68.0,68.5057133265904,4.22691714801767
2021-03-18,63.279998779296875,67.8999993460519,4.218036024933603
2021-03-19,64.52999877929688,67.41857038225446,4.210920504927495
2021-03-22,64.62000274658203,66.7028568812779,4.20024778380759
2021-03-23,60.790000915527344,65.49857112339565,4.182028327493268
2021-03-24,64.41000366210938,64.86000061035156,4.172231110289464
2021-03-25,61.95000076293945,63.94000080653599,4.1579451562456455
2021-03-26,64.56999969482422,63.45000076293945,4.150252206184659
2021-03-29,64.9800033569336,63.6928585597447,4.154072445771202
2021-03-30,64.13999938964844,63.63714436122349,4.153197330703288
2021-03-31,63.540000915527344,63.48285838535854,4.150769922769213
2021-04-01,64.86000061035156,64.06428691319057,4.159887062222789
2021-04-05,62.150001525878906,63.741429465157644,4.154834735238468
2021-04-06,62.7400016784668,63.85428673880441,4.156603717872598
2021-04-07,63.15999984741211,63.652858189174104,4.153444228774081
2021-04-08,63.20000076293945,63.3985721043178,4.149441339175641
2021-04-09,62.95000076293945,63.22857230050223,4.146756292351775
2021-04-12,63.279998779296875,63.191429138183594,4.1461686770541215
2021-04-13,63.66999816894531,63.021428789411274,4.143474808071667
2021-04-14,66.58000183105469,63.65428597586496,4.153466659356438
2021-04-15,66.94000244140625,64.2542860848563,4.162848431042277
2021-04-16,66.7699966430664,64.76999991280692,4.17084253184863
2021-04-19,67.05000305175781,65.32000023978097,4.17929827177313
2021-04-20,66.56999969482422,65.83714294433594,4.187184161507708
2021-04-21,65.31999969482422,66.12857164655414,4.1916009022782585
2021-04-22,65.4000015258789,66.37571498325893,4.195331251379927
2021-04-23,66.11000061035156,66.30857195172992,4.194319179207537
2021-04-26,65.6500015258789,66.12428610665458,4.19153609400154
2021-04-27,66.41999816894531,66.07428632463727,4.190779659442802
2021-04-28,67.2699966430664,66.10571398053851,4.191255187607742
2021-04-29,68.55999755859375,66.38999938964844,4.195546433537642
2021-04-30,67.25,66.66571371895927,4.199690783562152
2021-05-03,67.55999755859375,66.97428458077567,4.204308733488972
2021-05-04,68.87999725341797,67.36999838692802,4.210199791029092
2021-05-05,68.95999908447266,67.84285518101284,4.217194077582285
2021-05-06,68.08999633789062,68.08142634800502,4.220704435103301
2021-05-07,68.27999877929688,68.22571236746651,4.222821507983152
2021-05-10,68.31999969482422,68.19142695835659,4.22231885252503
2021-05-11,68.55000305175781,68.37714168003627,4.22503858281155
2021-05-12,69.31999969482422,68.62857055664062,4.228708928445445
2021-05-13,67.05000305175781,68.36714281354632,4.224892340991721
2021-05-14,68.70999908447266,68.33142852783203,4.22436981487932
2021-05-17,69.45999908447266,68.52714320591518,4.2272299179626565
2021-05-18,68.70999908447266,68.58857182094029,4.228125929322446
2021-05-19,66.66000366210938,68.35142953055245,4.224662477809365
2021-05-20,65.11000061035156,67.86000061035156,4.21744676835036
2021-05-21,66.44000244140625,67.44857243129185,4.2113654175860775
2021-05-24,68.45999908447266,67.6500004359654,4.214347361061223
2021-05-25,68.6500015258789,67.6414293561663,4.214220655625058
2021-05-26,68.87000274658203,67.55714416503906,4.212973819954367
2021-05-27,69.45999908447266,67.66428702218192,4.214558522595426
2021-05-28,69.62999725341797,68.08857182094029,4.220809384402529
2021-06-01,70.25,68.82285744803292,4.231535920112331
2021-06-02,71.3499984741211,69.52428545270648,4.241676122508156
2021-06-03,71.30999755859375,69.93142809186664,4.24751516324137
2021-06-04,71.88999938964844,70.394284929548,4.254112079890713
2021-06-07,71.48999786376953,70.76856994628906,4.259414974822472
2021-06-08,72.22000122070312,71.16285596575055,4.264970996418219
2021-06-09,72.22000122070312,71.53285653250558,4.270156876070658
2021-06-10,72.5199966430664,71.85714176722935,4.274680005876643
2021-06-11,72.69000244140625,72.04857090541294,4.277340487487028
2021-06-14,72.86000061035156,72.26999991280692,4.280409104088399
2021-06-15,73.98999786376953,72.56999969482422,4.284551609084785
2021-06-16,74.38999938964844,72.98428562709263,4.29024415259318
2021-06-17,73.08000183105469,73.10714285714286,4.291926075486086
2021-06-18,73.51000213623047,73.2914287022182,4.2944436675698086
2021-06-21,74.9000015258789,73.63142939976284,4.299071964471598
2021-06-22,74.80999755859375,73.93428584507534,4.303176669552119
2021-06-23,75.19000244140625,74.26714324951172,4.30766863654816
2021-06-24,75.55999755859375,74.49142892020089,4.310684070715984
2021-06-25,76.18000030517578,74.7471433367048,4.314110995309163
2021-06-28,74.68000030517578,74.97571454729352,4.31716425506373
2021-06-29,74.76000213623047,75.15428597586495,4.31954314685301
2021-06-30,75.12999725341797,75.18714250837054,4.319980239055206
2021-07-01,75.83999633789062,75.33428519112724,4.3219353458048015
2021-07-02,76.16999816894531,75.47428458077567,4.323791996657957
2021-07-06,74.52999877929688,75.32714189801898,4.321840520032185
2021-07-07,73.43000030517578,74.93428475516183,4.316611526181344
2021-07-08,74.12000274658203,74.85428510393415,4.31554335844452
2021-07-09,75.55000305175781,74.96714237758091,4.3170499159094975
2021-07-12,75.16000366210938,74.97142900739398,4.3171070943896535
2021-07-13,76.48999786376953,75.06428636823382,4.318344897968133
2021-07-14,74.76000213623047,74.86285836356026,4.315657884536014
2021-07-15,73.47000122070312,74.71143014090401,4.313633094367791
2021-07-16,73.58999633789062,74.73428671700614,4.313938979029606
2021-07-19,68.62000274658203,73.94857243129185,4.303369884457855
2021-07-20,69.3499984741211,73.06285749162946,4.291320132176751
2021-07-21,72.2300033569336,72.64428601946149,4.2855747361242775
2021-07-22,73.79000091552734,72.25857216971261,4.280250965902247
2021-07-23,74.0999984741211,72.16428593226841,4.278945268839073
2021-07-26,74.5,72.31142861502511,4.280982188802997
2021-07-27,74.4800033569336,72.43857247488839,4.282738926510831
2021-07-28,74.73999786376953,73.31285749162946,4.294736002672966
2021-07-29,76.05000305175781,74.27000100272042,4.307707115182221
2021-07-30,76.33000183105469,74.855715070452,4.3155624615975
2021-08-02,72.88999938964844,74.72714342389789,4.313843391919179
2021-08-03,72.41000366210938,74.4857155936105,4.310607370003109
2021-08-04,70.37999725341797,73.8971437726702,4.3026741773110215
2021-08-05,71.29000091552734,73.4414291381836,4.296488206065479
2021-08-06,70.69999694824219,72.86428615025112,4.288598617056467
2021-08-09,69.04000091552734,71.86285727364677,4.274759542565463
2021-08-10,70.62999725341797,71.04857090541294,4.263363740412784
2021-08-11,71.44000244140625,70.8414284842355,4.260443977649713
2021-08-12,71.30999755859375,70.68428475516183,4.258223267503732
2021-08-13,70.58999633789062,70.71428462437221,4.258647598100459
2021-08-16,69.51000213623047,70.45999908447266,4.255045159919516
2021-08-17,69.02999877929688,70.22142791748047,4.2516535054449625
2021-08-18,68.2300033569336,70.10571398053851,4.250004302566545
2021-08-19,66.44999694824219,69.50857107979911,4.241450069856053
2021-08-20,65.18000030517578,68.61428506033761,4.228500750084679
2021-08-23,68.75,68.24857112339565,4.2231564979249665
2021-08-24,71.05000305175781,68.31428636823382,4.224118915541552
2021-08-25,72.25,68.70571463448661,4.229832378221333
2021-08-26,71.06999969482422,68.9971433367048,4.234065102822896
2021-08-27,72.69999694824219,69.63571384974888,4.243277565759309
2021-08-30,73.41000366210938,70.63000052315849,4.25745499082786
2021-08-31,72.98999786376953,71.74571446010044,4.273128124076808
2021-09-01,71.58999633789062,72.15142822265625,4.278767080209769
2021-09-02,73.02999877929688,72.43428475516183,4.282679733646
2021-09-03,72.61000061035156,72.48571341378349,4.283389486080866
2021-09-07,71.69000244140625,72.57428523472377,4.284610661219051
2021-09-08,72.5999984741211,72.55999973842076,4.284413802201875
2021-09-09,71.44999694824219,72.27999877929688,4.280547448835495
2021-09-10,72.91999816894531,72.26999882289341,4.280409089007265
2021-09-13,73.51000213623047,72.54428536551339,4.284197208006086
2021-09-14,73.5999984741211,72.62571389334542,4.285319044980498
2021-09-15,75.45999908447266,73.03285653250558,4.290909429374879
2021-09-16,75.66999816894531,73.60142735072544,4.29866441889903
2021-09-17,75.33999633789062,73.99285561697823,4.303968542826822
2021-09-20,73.91999816894531,74.34571293422154,4.308726010641462
2021-09-21,74.36000061035156,74.55142756870815,4.311489190171713
2021-09-22,76.19000244140625,74.93428475516183,4.316611526181344
2021-09-23,77.25,75.4557135445731,4.323545908583658
2021-09-24,78.08999633789062,75.83142743791852,4.328512816720275
2021-09-27,79.52999877929688,76.38285609654018,4.3357582743496375
2021-09-28,79.08999633789062,76.91857038225446,4.342747334773739
2021-09-29,78.63999938964844,77.59285627092633,4.35147536458719
2021-09-30,78.5199966430664,78.18714141845703,4.359105202041803
2021-10-01,79.27999877929688,78.62856946672711,4.3647351126130385
2021-10-04,81.26000213623047,79.20142691476005,4.371994315258589
2021-10-05,82.55999755859375,79.83999851771763,4.380024613437548
2021-10-06,81.08000183105469,80.06142752511161,4.38279418409634
2021-10-07,81.94999694824219,80.46999904087612,4.387884432239018
2021-10-08,82.38999938964844,81.0057133265904,4.394519687081147
2021-10-11,83.6500015258789,81.73857116699219,4.403525997765491
2021-10-12,83.41999816894531,82.32999965122768,4.410735557074062
2021-10-13,83.18000030517578,82.60428510393415,4.414061556952928
2021-10-14,84.0,82.80999973842076,4.416548823886821
2021-10-15,84.86000061035156,83.3499995640346,4.423048603966264
2021-10-18,84.33000183105469,83.69000026157924,4.427119499170356
2021-10-19,85.08000183105469,84.07428632463727,4.431700769034102
2021-10-20,85.81999969482422,84.38428606305804,4.435381200180513
2021-10-21,84.61000061035156,84.55428641183036,4.437393770828686
2021-10-22,85.52999877929688,84.89000047956195,4.441356306399093
2021-10-25,85.98999786376953,85.17428588867188,4.444699579463418
2021-10-26,86.4000015258789,85.39428601946149,4.447279190118835
2021-10-27,84.58000183105469,85.43000030517578,4.4476973307357595
2021-10-28,84.31999969482422,85.32142857142857,4.446425637150606
2021-10-29,84.37999725341797,85.11571393694196,4.444011671141148
2021-11-01,84.70999908447266,85.12999943324498,4.444179493238441
2021-11-02,84.72000122070312,85.01428549630302,4.442819307031422
2021-11-03,81.98999786376953,84.44285692487445,4.436075056193588
2021-11-04,80.54000091552734,83.60571398053851,4.42611186680447
2021-11-05,82.73999786376953,83.34285627092633,4.422962897916333
2021-11-08,83.43000030517578,83.21571350097656,4.421436194188996
2021-11-09,84.77999877929688,83.27285657610211,4.42212264464434
2021-11-10,82.63999938964844,82.97714233398438,4.418565176302373
2021-11-11,82.87000274658203,82.71285683768136,4.415375053521785
2021-11-12,82.16999816894531,82.73857116699219,4.415685891933131
2021-11-15,82.05000305175781,82.95428575788226,4.418289682063463
2021-11-16,82.43000030517578,82.91000039236886,4.417755686860595
2021-11-17,80.27999877929688,82.46000017438617,4.412313329393551
2021-11-18,81.23999786376953,81.95428575788226,4.406161601050968
2021-11-19,78.88999938964844,81.41857147216797,4.399603397749801
2021-11-22,79.69999694824219,80.96571350097656,4.39402577494849
2021-11-23,82.30999755859375,80.98571341378349,4.394272761508468
2021-11-24,82.25,81.0142844063895,4.394625489820649
2021-11-26,72.72000122070312,79.62714168003627,4.377355010611126
2021-11-29,73.44000244140625,78.6499993460519,4.365007621189625
2021-11-30,70.56999969482422,77.12571389334542,4.345436738498375
2021-12-01,68.87000274658203,75.6942858014788,4.3267026728053635
2021-12-02,69.66999816894531,74.26142883300781,4.307591689514648
2021-12-03,69.87999725341797,72.48571450369698,4.283389501117119
2021-12-06,73.08000183105469,71.17571476527623,4.265151675477937
2021-12-07,75.44000244140625,71.56428636823382,4.27059615578787
2021-12-08,75.81999969482422,71.90428597586495,4.275335873184943
2021-12-09,74.41999816894531,72.45428575788226,4.282955821715289
2021-12-10,75.1500015258789,73.35142844063895,4.295261978709375
2021-12-13,74.38999938964844,74.02571432931083,4.30441252377981
2021-12-14,73.69999694824219,74.57142857142857,4.311757438827326
2021-12-15,73.87999725341797,74.68571363176618,4.313288823938754
2021-12-16,75.0199966430664,74.62571280343192,4.312485123471931
2021-12-17,73.5199966430664,74.29714093889508,4.308072471022306
2021-12-20,71.5199966430664,73.88285500662667,4.302480798420697
2021-12-21,73.9800033569336,73.71571241106305,4.3002159706526015
2021-12-22,75.29000091552734,73.84428405761719,4.301958606626687
2021-12-23,76.8499984741211,74.29428427559989,4.308034021114561
2021-12-27,78.5999984741211,74.96857016427177,4.317068961227878
2021-12-28,78.94000244140625,75.52857099260602,4.324511008413899
2021-12-29,79.2300033569336,76.3442862374442,4.335253192419517
2021-12-30,79.31999969482422,77.45857238769531,4.349743243600413
2021-12-31,77.77999877929688,78.00142887660435,4.356727145452627
2022-01-03,78.9800033569336,78.52857208251953,4.36346253413882
2022-01-04,80.0,78.97857230050224,4.369176578973191
2022-01-05,80.80000305175781,79.29285866873605,4.373148069966929
2022-01-06,81.98999786376953,79.72857230050224,4.378628019675315
2022-01-07,81.75,80.08857182094029,4.383133169999549
2022-01-10,80.87000274658203,80.31000082833427,4.385894156514581
2022-01-11,83.72000122070312,81.15857260567802,4.396404927391396
2022-01-12,84.66999816894531,81.97142900739398,4.406370759810455
2022-01-13,84.47000122070312,82.61000061035156,4.414130745962764
2022-01-14,86.05999755859375,83.36142839704242,4.4231857131394685
2022-01-18,87.51000213623047,84.1500004359654,4.432600925817628
2022-01-19,88.44000244140625,85.105715070452,4.443894190438985
2022-01-20,88.37999725341797,86.17857142857143,4.456421555449828
2022-01-21,87.88999938964844,86.77428545270648,4.4633103272305865
2022-01-24,86.2699966430664,87.0028566632952,4.46594095332581
2022-01-25,88.19999694824219,87.53571319580078,4.472046860901837
2022-01-26,89.95999908447266,88.09285627092633,4.478391443058824
2022-01-27,89.33999633789062,88.35428401402065,4.481354686713186
2022-01-28,90.02999877929688,88.58142634800502,4.483922200736205
2022-01-31,91.20999908447266,88.98571232386998,4.488475821158053
2022-02-01,89.16000366210938,89.16714150565011,4.4905126029507825
2022-02-02,89.47000122070312,89.62428501674107,4.495626321389956
2022-02-03,91.11000061035156,90.03999982561383,4.500254014101769
2022-02-04,93.2699966430664,90.51285661969867,4.5054919027121345
2022-02-07,92.69000244140625,90.99142892020089,4.510765314390811
2022-02-08,90.77999877929688,91.09857177734375,4.5119421266166055
2022-02-09,91.55000305175781,91.1471437726702,4.512475165172052
2022-02-10,91.41000366210938,91.46857234409877,4.515995441632385
2022-02-11,94.44000244140625,92.17857251848493,4.523727701367346
2022-02-14,96.4800033569336,92.94571576799665,4.532015621313872
2022-02-15,93.27999877929688,92.94714464460101,4.532030994433649
2022-02-16,94.80999755859375,93.25000108991351,4.535284070212005
2022-02-17,92.97000122070312,93.56285858154297,4.538633494707365
2022-02-18,93.54000091552734,93.8471439906529,4.541667330930179
2022-02-22,96.83999633789062,94.62285723005023,4.54989906664045
2022-02-23,96.83999633789062,94.96571350097656,4.55351591594063
2022-02-24,99.08000183105469,95.33714185442243,4.557419470875695
2022-02-25,97.93000030517578,96.00142778669085,4.564363064135267
2022-02-28,100.98999786376953,96.88428497314453,4.5735173279647565
2022-03-01,104.97000122070312,98.59857068743024,4.591056765432834
2022-03-02,112.93000030517578,101.36857060023716,4.618763088478448
2022-03-03,110.45999908447266,103.31428527832031,4.637775655802856
2022-03-04,118.11000061035156,106.3528573172433,4.666762408396223
2022-03-07,123.20999908447266,109.7999997820173,4.698660527090159
2022-03-08,127.9800033569336,114.09285736083984,4.737012655091225
2022-03-09,111.13999938964844,115.54285757882255,4.749641522424141
2022-03-10,109.33000183105469,116.16571480887276,4.755017747601103
2022-03-11,112.66999816894531,116.12857164655414,4.754697953574294
2022-03-14,106.9000015258789,115.62000056675502,4.750308956556207
2022-03-15,99.91000366210938,113.02000100272042,4.727564803073759
2022-03-16,98.0199966430664,109.42142922537667,4.695206750379809
2022-03-17,106.63999938964844,106.37285723005023,4.66695044314236
2022-03-18,107.93000030517578,105.91428593226841,4.662630143719423
2022-03-21,115.62000274658203,106.81285749162946,4.671078307778384
2022-03-22,115.4800033569336,107.21428680419922,4.674829512183952
2022-03-23,121.5999984741211,109.31428636823382,4.694227094493059
2022-03-24,119.02999877929688,112.04571424211774,4.718906950895338
2022-03-25,120.6500015258789,115.27857208251953,4.747351565099282
2022-03-28,112.4800033569336,116.11285836356026,4.754562635056688
2022-03-29,110.2300033569336,116.4414302280971,4.757388401764003
2022-03-30,113.44999694824219,116.13142939976284,4.754722561799524
2022-03-31,107.91000366210938,115.0500008719308,4.745366824060087
2022-04-01,104.38999938964844,112.59142957414899,4.723765598902465
2022-04-04,107.52999877929688,110.94857243129185,4.709066782520628
2022-04-05,106.63999938964844,108.9471435546875,4.690862843100053
2022-04-06,101.06999969482422,107.31714303152901,4.675788404177444
2022-04-07,100.58000183105469,105.93857138497489,4.662859410892124
2022-04-08,102.77999877929688,104.41428593226841,4.648366504518704
2022-04-11,98.4800033569336,103.06714303152901,4.6353806499445245
2022-04-12,104.63999938964844,103.1028573172433,4.635727104676165
2022-04-13,108.77999877929688,103.28142874581474,4.6374575801550835
2022-04-14,111.69999694824219,104.00428553989956,4.644432105406802
2022-04-18,113.16000366210938,105.73142896379743,4.660902189869198
2022-04-19,107.25,106.68428584507534,4.6698738732825635
2022-04-20,106.80000305175781,107.25857216971261,4.675242481604462
2022-04-21,108.33000183105469,108.66571480887276,4.6882763332326824
2022-04-22,106.6500015258789,108.9528579711914,4.69091529299877
2022-04-25,102.31999969482422,108.03000095912388,4.6824089752072044
2022-04-26,104.98999786376953,107.07142966134208,4.673496178666651
2022-04-27,105.31999969482422,105.95142909458706,4.662980773010194
2022-04-28,107.58999633789062,106.0,4.663439094112067
2022-04-29,109.33999633789062,106.36285618373326,4.6668564199418
2022-05-02,107.58000183105469,106.2557133265904,4.665848578844394
2022-05-03,104.97000122070312,106.01571328299386,4.663587321644633
2022-05-04,110.13999938964844,107.13285609654018,4.674069710019347
2022-05-05,110.9000015258789,107.97714233398438,4.681919559668544
2022-05-06,112.38999938964844,108.98714229038784,4.691229914632597
2022-05-09,105.94000244140625,108.75142887660435,4.6890648089776885
2022-05-10,102.45999908447266,107.76857212611607,4.679986077250448
2022-05-11,107.51000213623047,107.75857216971261,4.67989328191886
2022-05-12,107.44999694824219,108.11285727364677,4.683175656274151
2022-05-13,111.55000305175781,108.31428636823382,4.685037060064427
2022-05-16,114.23999786376953,108.7914287022182,4.689432551008016
2022-05-17,111.93000030517578,108.72571454729352,4.6888283305227505
2022-05-18,109.11000061035156,109.17857142857143,4.692984811715631
2022-05-19,112.04000091552734,110.5471431187221,4.705442064533732
2022-05-20,112.55000305175781,111.26714324951172,4.711934005799509
2022-05-23,113.41999816894531,112.12000056675502,4.719569731351484
2022-05-24,113.55999755859375,112.40714263916016,4.722127482052335
2022-05-25,114.02999877929688,112.37714276994977,4.721860560640691
2022-05-26,117.4000015258789,113.1585715157645,4.728790122774371
2022-05-27,119.43000030517578,114.63285718645368,4.741734475110309
2022-05-31,122.83999633789062,116.17571367536273,4.755103818058373
2022-06-01,116.29000091552734,116.70999908447266,4.759692217579799
2022-06-02,117.61000061035156,117.3085708618164,4.764807820865776
2022-06-03,119.72000122070312,118.18857138497489,4.7722814115069365
2022-06-06,119.51000213623047,118.97142900739398,4.778883371909901
2022-06-07,120.56999969482422,119.42428588867188,4.7826825796782595
2022-06-08,123.58000183105469,120.01714324951172,4.787634592991067
2022-06-09,123.06999969482422,120.0500008719308,4.787908329930326
2022-06-10,122.01000213623047,120.86714390345982,4.794691958101491
2022-06-13,122.2699966430664,121.53285762241909,4.800184659326492
2022-06-14,121.16999816894531,121.74000004359654,4.80188762342389
2022-06-15,118.51000213623047,121.5971429007394,4.800713473373957
2022-06-16,119.80999755859375,121.48857116699219,4.799820193887063
2022-06-17,113.12000274658203,119.9942855834961,4.787444121510639
2022-06-21,114.6500015258789,118.7914287022182,4.777369255354455
2022-06-22,111.73999786376953,117.32428523472377,4.764941769479727
2022-06-23,110.05000305175781,115.57857186453683,4.74995057456253
2022-06-24,113.12000274658203,114.42857251848493,4.739950807537883
2022-06-27,115.08999633789062,113.94000026157924,4.735671996348013
2022-06-28,117.9800033569336,113.67857251848493,4.733374926694567
2022-06-29,116.26000213623047,114.12714385986328,4.737313123929171
2022-06-30,114.80999755859375,114.1500004359654,4.737513376795037
2022-07-01,111.62999725341797,114.13428606305804,4.737375703079748
2022-07-05,102.7699966430664,113.0942851475307,4.72822185264588
2022-07-06,100.69000244140625,111.31857081821987,4.712396098075634
2022-07-07,104.6500015258789,109.82714298793248,4.698907702422963
2022-07-08,107.0199966430664,108.2614277430943,4.684548929376219
2022-07-11,107.0999984741211,106.9528557913644,4.672388137288464
2022-07-12,99.48999786376953,104.7642844063895,4.65171291615327
2022-07-13,99.56999969482422,103.04142761230469,4.635131117193146
2022-07-14,99.0999984741211,102.51714215959821,4.630030025176762
2022-07-15,101.16000366210938,102.58428519112724,4.630684755227106
2022-07-18,106.2699966430664,102.81571306501117,4.632938192167524
2022-07-19,107.3499984741211,102.86285618373326,4.633396607642893
2022-07-20,106.91999816894531,102.83714185442243,4.633146589853005
2022-07-21,103.86000061035156,103.461427961077,4.639198866539632
2022-07-22,103.19999694824219,103.97999899727958,4.644198563312172
2022-07-25,105.1500015258789,104.8442851475307,4.652476250831772
2022-07-26,104.4000015258789,105.30714198521206,4.656881241960632
2022-07-27,106.62000274658203,105.35714285714286,4.657355939158662
2022-07-28,107.13999938964844,105.32714298793248,4.657071154089924
2022-07-29,110.01000213623047,105.76857212611607,4.661253425448479
2022-08-01,100.02999877929688,105.22142900739398,4.656066977348948
2022-08-02,100.54000091552734,104.84142957414899,4.652449014132451
2022-08-03,96.77999877929688,103.64571489606585,4.640978495972825
2022-08-04,94.12000274658203,102.17714364188058,4.626708009331858
2022-08-05,94.91999816894531,100.5057144165039,4.6102145857483805
2022-08-08,96.6500015258789,99.00714329310826,4.595192002007422
2022-08-09,96.30999755859375,97.0499997820173,4.575226307368933
2022-08-10,97.4000015258789,96.67428588867188,4.571347450744298
2022-08-11,99.5999984741211,96.53999982561383,4.569957428425985
2022-08-12,98.1500015258789,96.73571450369698,4.571982667299451
2022-08-15,95.0999984741211,96.87571389334542,4.573428856867989
2022-08-16,92.33999633789062,96.50714220319476,4.569617018074492
2022-08-17,93.6500015258789,96.07857077462333,4.565166302292889
2022-08-18,96.58999633789062,96.11857060023716,4.565582539765571
2022-08-19,96.72000122070312,96.02142769949776,4.564571371764362
2022-08-22,96.4800033569336,95.57571411132812,4.559918751292236
2022-08-23,100.22000122070312,95.87142835344586,4.563008005835182
2022-08-24,101.22000122070312,96.74571446010044,4.572086035942798
2022-08-25,99.33999633789062,97.74571446010044,4.582369356063989
2022-08-26,100.98999786376953,98.79428536551339,4.593039762650974
2022-08-29,105.08999633789062,100.00857107979911,4.605255893113122
2022-08-30,99.30999755859375,100.37857055664062,4.608948743805017
2022-08-31,96.48999786376953,100.37999834333148,4.608962967722817
2022-09-01,92.36000061035156,99.25714111328125,4.597713867742507
2022-09-02,93.0199966430664,98.08571188790458,4.5858417075222135
2022-09-06,92.83000183105469,97.1557126726423,4.5763149766951825
2022-09-07,88.0,95.2999986921038,4.557029796936167
2022-09-08,89.1500015258789,93.02285657610211,4.532845232592353
2022-09-09,92.83999633789062,92.09857068743024,4.522859424003273
2022-09-12,94.0,91.74285670689174,4.518989627848064
2022-09-13,93.16999816894531,91.8585706438337,4.520250118618017
2022-09-14,94.0999984741211,92.01285661969867,4.521928313151786
2022-09-15,90.83999633789062,91.72857012067523,4.51883389148636
2022-09-16,91.3499984741211,92.20714133126395,4.524037582349024
2022-09-19,92.0,92.61428397042411,4.5284433842963425
2022-09-20,90.62000274658203,92.2971420288086,4.525013177094513
2022-09-21,89.83000183105469,91.70142800467355,4.518537951711218
2022-09-22,90.45999908447266,91.31428527832031,4.514307240622412
2022-09-23,86.1500015258789,90.17857142857143,4.501791831534256
2022-09-26,84.05999755859375,89.21000017438617,4.490993142880475
2022-09-27,86.2699966430664,88.48428562709263,4.482824972711937
2022-09-28,89.31999969482422,88.10142844063895,4.478488746665843
2022-09-29,88.48999786376953,87.7971420288086,4.475028949186547
2022-09-30,87.95999908447266,87.52999877929688,4.4719815777982355
2022-10-03,88.86000061035156,87.30142756870815,4.469366815159831
2022-10-04,91.80000305175781,88.1085706438337,4.478569811341353
2022-10-05,93.37000274658203,89.43857138497489,4.493552036392089
2022-10-06,94.41999816894531,90.6028573172433,4.5064857502695475
2022-10-07,97.91999816894531,91.83142852783203,4.519954597726061
2022-10-10,96.19000244140625,92.93142918178013,4.5318619005726966
2022-10-11,94.29000091552734,93.83571515764508,4.541545542152304
2022-10-12,92.44999694824219,94.34857177734375,4.546996134204955
2022-10-13,94.56999969482422,94.7442855834961,4.551181531679365
2022-10-14,91.62999725341797,94.49571337018695,4.548554472308806
2022-10-17,91.62000274658203,94.09571402413505,4.544312498520402
2022-10-18,90.02999877929688,92.96857125418526,4.532261492534098
2022-10-19,92.41000366210938,92.42857142857143,4.5264361454455875
2022-10-20,92.37999725341797,92.1557137625558,4.523479687213197
2022-10-21,93.5,92.3057141985212,4.52510604856892
2022-10-24,93.26000213623047,92.11857169015067,4.523076569948985
2022-10-25,93.5199966430664,92.38857160295758,4.526003287047472
2022-10-26,95.69000244140625,92.97000013078961,4.532276861874561
2022-10-27,96.95999908447266,93.96000017438617,4.542869161646673
2022-10-28,95.7699966430664,94.43999917166573,4.5479647034463015
2022-10-31,94.83000183105469,94.78999982561383,4.551663916625239
2022-11-01,94.6500015258789,94.95428575788226,4.553395573236831
2022-11-02,96.16000366210938,95.36857169015067,4.557749086967721
2022-11-03,94.66999816894531,95.53285762241909,4.5594702471855015
2022-11-04,98.56999969482422,95.9442858014788,4.563767666761375
2022-11-07,97.91999816894531,96.08142852783203,4.565196045769359
2022-11-08,95.36000061035156,96.02285766601562,4.564586263814029
2022-11-09,92.6500015258789,95.71142905099052,4.561337717148386
2022-11-10,93.66999816894531,95.57142857142857,4.559873911072915
2022-11-11,95.98999786376953,95.5471420288086,4.55961975949911
2022-11-14,93.13999938964844,95.32857077462333,4.557329563994309
2022-11-15,93.86000061035156,94.6557137625558,4.550246243108059
2022-11-16,92.86000061035156,93.93285696847099,4.542580239475637
2022-11-17,89.77999877929688,93.13571384974888,4.534057718133199
2022-11-18,87.62000274658203,92.41714259556362,4.526312487365845
2022-11-21,87.44999694824219,91.52857099260602,4.5166511748265
2022-11-22,88.36000061035156,90.43857138497489,4.504670851010957
2022-11-23,85.41000366210938,89.33428628104073,4.492385359110934
2022-11-25,83.62999725341797,87.87285723005023,4.475890965538224
2022-11-28,83.19000244140625,86.49142892020089,4.460045321400595
2022-11-29,83.02999877929688,85.52714320591518,4.448833789958225
2022-11-30,85.43000030517578,85.21428571428571,4.445169092482657
2022-12-01,86.87999725341797,85.13285718645368,4.444213061959955
2022-12-02,85.56999969482422,84.73428562709263,4.439520308738794
2022-12-05,82.68000030517578,84.3442851475307,4.434907055037343
2022-12-06,79.3499984741211,83.73285675048828,4.427631454235631
2022-12-07,77.16999816894531,82.87285614013672,4.417307579575794
2022-12-08,76.1500015258789,81.88999938964844,4.405376875828787
2022-12-09,76.0999984741211,80.55714198521206,4.388966770934068
2022-12-12,77.98999786376953,79.28714207240513,4.373075972649402
2022-12-13,80.68000030517578,78.58857073102679,4.364226278315289
2022-12-14,82.69999694824219,78.59142739432198,4.364262627257007
2022-12-15,81.20999908447266,78.85714176722935,4.367637883400415
2022-12-16,79.04000091552734,79.12428501674107,4.371019844300179
2022-12-19,79.80000305175781,79.64571380615234,4.3775882220537605
2022-12-20,79.98999786376953,80.20142800467355,4.38454132025851
2022-12-21,82.19999694824219,80.8028564453125,4.3920123169481275
2022-12-22,80.9800033569336,80.84571402413505,4.392542573166321
2022-12-23,83.91999816894531,81.01999991280692,4.3946960366983525
2022-12-27,84.33000183105469,81.46571459089007,4.400182251869839
2022-12-28,83.26000213623047,82.06857190813336,4.407555140590179
2022-12-29,82.26000213623047,82.42000034877232,4.411828130142318
2022-12-30,85.91000366210938,83.26571546282086,4.4220368853731005
2023-01-03,82.0999984741211,83.25142996651786,4.421865305488024
2023-01-04,77.83999633789062,82.80285753522601,4.416462572090713
2023-01-05,78.69000244140625,82.05571528843471,4.407398471276397
2023-01-06,78.56999969482422,81.23285784040179,4.3973198185245215
2023-01-09,79.6500015258789,80.71714346749442,4.390950987256324
2023-01-10,80.0999984741211,80.4085715157645,4.387120781394977
2023-01-11,82.66999816894531,79.94571358816964,4.381347824186285
2023-01-12,84.02999877929688,80.22142791748047,4.3847906602019435
2023-01-13,85.27999877929688,81.28428540910993,4.397952706469713
2023-01-17,85.91999816894531,82.31714194161552,4.410579372040858
2023-01-18,84.9800033569336,83.23285675048828,4.421642182736046
2023-01-19,86.16000366210938,84.16285705566406,4.432753696317937
2023-01-20,87.62999725341797,85.23857116699219,4.4454540446191615
2023-01-23,88.19000244140625,86.02714320591518,4.454662865129844
2023-01-24,86.12999725341797,86.32714298793248,4.458144067618175
2023-01-25,86.12000274658203,86.4471435546875,4.459533169995068
2023-01-26,87.47000122070312,86.66857256208148,4.4620913332065575
2023-01-27,86.66000366210938,86.90857260567802,4.464856676493049
2023-01-30,84.9000015258789,86.72857230050224,4.462783383134634
2023-01-31,84.48999786376953,86.28000095912388,4.457597832637366
2023-02-01,82.83999633789062,85.51571437290737,4.448700152889871
2023-02-02,82.16999816894531,84.9500002179827,4.442062850683953
2023-02-03,79.94000244140625,84.06714303152901,4.431615801359689
2023-02-06,80.98999786376953,83.14142826625279,4.420543112727364
2023-02-07,83.69000244140625,82.71714237758091,4.4154268644378325
2023-02-08,85.08999633789062,82.74428449358258,4.415754942307803
2023-02-09,84.5,82.74571337018695,4.415772210742426
2023-02-10,86.38999938964844,83.2528566632952,4.421882442545648
2023-02-13,86.61000061035156,83.88714272635323,4.429472356513622
2023-02-14,85.58000183105469,84.69285692487445,4.439031264274964
2023-02-15,85.37999725341797,85.31999969482422,4.446408890026312
2023-02-16,85.13999938964844,85.52714211600167,4.448833777214744
2023-02-17,83.0,85.22857121058873,4.44533672046771
2023-02-21,83.05000305175781,85.02142878941127,4.442903328122432
2023-02-22,80.5999984741211,84.1942858014788,4.433127054354863
2023-02-23,82.20999908447266,83.56571415492466,4.425633318205306
2023-02-24,83.16000366210938,83.22000013078961,4.421487705126408
2023-02-27,82.44999694824219,82.80142865862165,4.416445315573539
2023-02-28,83.88999938964844,82.62285723005023,4.414286364159927
2023-03-01,84.30999755859375,82.80999973842076,4.416548823886821
2023-03-02,84.75,83.0528564453125,4.41947722975215
2023-03-03,85.83000183105469,83.7999997820173,4.428433004886812
2023-03-06,86.18000030517578,84.36714281354632,4.43517802264673
2023-03-07,83.29000091552734,84.38571384974888,4.435398120091535
2023-03-08,82.66000366210938,84.41571480887276,4.435753578687806
2023-03-09,81.58999633789062,84.08714294433594,4.4318536771032075
2023-03-10,82.77999877929688,83.86857169015067,4.429250950806603
2023-03-13,80.7699966430664,83.2999997820173,4.422448546555958
2023-03-14,77.44999694824219,82.1028562273298,4.4079728054674865
2023-03-15,73.69000244140625,80.31857081821987,4.386000862187251
2023-03-16,74.69999694824219,79.09142739432198,4.370604492090329
2023-03-17,72.97000122070312,77.70714133126395,4.352947162175502
2023-03-20,73.79000091552734,76.59285627092633,4.338503812226871
2023-03-21,75.31999969482422,75.52714211600167,4.324492089876163
2023-03-22,76.69000244140625,74.9442858014788,4.316744981501803
2023-03-23,75.91000366210938,74.72428676060268,4.313805163268011
2023-03-24,74.98999786376953,74.91000039236886,4.3162873981976615
2023-03-27,78.12000274658203,75.39857264927456,4.3227883444537545
2023-03-28,78.6500015258789,76.21000126429966,4.333492704267708
2023-03-29,78.27999877929688,76.85142953055245,4.34187407138027
2023-03-30,79.2699966430664,77.41571480887276,4.349189793693494
2023-03-31,79.7699966430664,77.85571398053851,4.354857292895979
2023-04-03,84.93000030517578,79.144284929548,4.371272578155298
2023-04-04,84.94000244140625,80.56571415492466,4.3890731763184565
2023-04-05,84.98999786376953,81.5471420288086,4.401181282822114
2023-04-06,85.12000274658203,82.47142791748047,4.412451905082185
2023-04-10,84.18000030517578,83.31428527832031,4.422620026406354
2023-04-11,85.61000061035156,84.22000013078961,4.433432424286734
2023-04-12,87.33000183105469,85.3000008719308,4.446174464719565
2023-04-13,86.08999633789062,85.46571459089007,4.448115296584183
2023-04-14,86.30999755859375,85.66142817905971,4.450402644696612
2023-04-17,84.76000213623047,85.62857164655414,4.4500190083729265
2023-04-18,84.7699966430664,85.57857077462333,4.449434910389101
2023-04-19,83.12000274658203,85.42714255196708,4.447663878775119
2023-04-20,81.0999984741211,84.78285653250558,4.440093358828282
2023-04-21,81.66000366210938,83.97285679408482,4.4304936132207136
2023-04-24,82.7300033569336,83.49285779680524,4.42476109283085
2023-04-25,80.7699966430664,82.70142909458706,4.415236882346931
2023-04-26,77.69000244140625,81.6914291381836,4.402949089853504
2023-04-27,78.37000274658203,80.77714429582868,4.391694057886574
2023-04-28,79.54000091552734,80.26571546282086,4.385342574150086
2023-05-01,79.30999755859375,80.01000104631696,4.38215163993936
2023-05-02,75.31999969482422,79.10428619384766,4.370767060332695
2023-05-03,72.33000183105469,77.61857169015067,4.351806724459301
2023-05-04,72.5,76.43714359828404,4.336468750781202
2023-05-05,75.30000305175781,76.09571511404855,4.331991957290921
2023-05-08,77.01000213623047,75.90142931256976,4.3294355157469315
2023-05-09,77.44000244140625,75.60142953055245,4.3254751921410035
2023-05-10,76.41000366210938,75.18714468819755,4.319980268047224
2023-05-11,74.9800033569336,75.1385737827846,4.31933405916697
2023-05-12,74.16999816894531,75.40143040248326,4.322826245689182
2023-05-15,75.2300033569336,75.7914308820452,4.327985237208265
2023-05-16,74.91000366210938,75.73571668352399,4.327249867976718
2023-05-17,76.95999908447266,75.72857339041573,4.32715554484471
2023-05-18,75.86000061035156,75.50285884312221,4.3241705210099175
2023-05-19,75.58000183105469,75.38428715297154,4.322598860100367
2023-05-22,75.98999786376953,75.52857208251953,4.324511022844379
2023-05-23,76.83999633789062,75.91000039236886,4.329548433197546
2023-05-24,78.36000061035156,76.35714285714286,4.335421581409786
2023-05-25,76.26000213623047,76.5499997820173,4.337944119256107
2023-05-26,76.94999694824219,76.54857090541294,4.337925453156247
2023-05-30,73.54000091552734,76.21714237758091,4.333586402976689
2023-05-31,72.66000366210938,75.7999997820173,4.328098289772565
2023-06-01,74.27999877929688,75.5557141985212,4.3248703205180385
2023-06-02,76.12999725341797,75.45428575788226,4.323526986223344
2023-06-05,76.70999908447266,75.21857125418526,4.320398158634003
2023-06-06,76.29000091552734,75.22285679408482,4.320455131503196
2023-06-07,76.94999694824219,75.22285679408482,4.320455131503196
2023-06-08,75.95999908447266,75.56857081821987,4.325040466828121
2023-06-09,74.79000091552734,75.87285614013672,4.329058993825773
2023-06-12,71.83999633789062,75.52428436279297,4.324454251726922
2023-06-13,74.29000091552734,75.2614277430943,4.320967755794467
2023-06-14,73.19999694824219,74.75999886648995,4.314282967425377
2023-06-15,75.66999816894531,74.67142704554966,4.3130975162289875
2023-06-16,76.61000061035156,74.62285614013672,4.312446842859718
2023-06-20,75.9000015258789,74.61428506033761,4.3123319776225575
2023-06-21,77.12000274658203,74.94714246477399,4.3167830979348585
2023-06-22,74.13999938964844,75.27571432931083,4.321157563918399
2023-06-23,73.8499984741211,75.21285683768136,4.32032218492852
2023-06-26,74.18000030517578,75.3528573172433,4.322181844953978
2023-06-27,72.26000213623047,74.86571502685547,4.315696042427069
2023-06-28,74.02999877929688,74.4971433367048,4.310760780176585
2023-06-29,74.33999633789062,74.27428545270648,4.30776480100898
2023-06-30,74.9000015258789,73.95714242117745,4.303485768957704
2023-07-03,74.6500015258789,74.02999986921039,4.304470414688296
2023-07-05,76.6500015258789,74.43000030517578,4.309859090471991
2023-07-06,76.5199966430664,74.76428549630302,4.31434030432998
2023-07-07,78.47000122070312,75.65142822265625,4.326136319403888
2023-07-10,77.69000244140625,76.17428588867188,4.33302395021243
2023-07-11,79.4000015258789,76.8971437726702,4.342468733723897
2023-07-12,80.11000061035156,77.6414293561663,4.352101168179856
2023-07-13,81.36000061035156,78.6000006539481,4.364371707755112
2023-07-14,79.87000274658203,79.06000082833427,4.370207068345826
2023-07-17,78.5,79.34285845075335,4.373778442301494
2023-07-18,79.62999725341797,79.50857216971261,4.375864841881598
2023-07-19,79.45999908447266,79.76142883300781,4.379040039648189
2023-07-20,79.63999938964844,79.79571424211774,4.379469796774405
2023-07-21,81.06999969482422,79.93285696847099,4.381186994380494
2023-07-24,82.73999786376953,80.12999943324498,4.383650308717035
2023-07-25,83.63999938964844,80.66857038225446,4.39034903699012
2023-07-26,82.91999816894531,81.2999986921038,4.398146000466481
2023-07-27,84.23999786376953,81.9585702078683,4.406213878219367
2023-07-28,84.98999786376953,82.74857003348214,4.415806733545712
2023-07-31,85.55999755859375,83.59428405761719,4.425975145236608
2023-08-01,84.91000366210938,84.14285605294364,4.432516021643142
2023-08-02,83.19999694824219,84.2085702078683,4.433296700010076
2023-08-03,85.13999938964844,84.42285592215401,4.435838169705778
2023-08-04,86.23999786376953,84.8971415928432,4.441440424821704
2023-08-07,85.33999633789062,85.05428423200335,4.4432896906714054
2023-08-08,86.16999816894531,85.22285570417132,4.445269657298771
2023-08-09,87.55000305175781,85.50714220319476,4.448599906994189
2023-08-10,86.4000015258789,85.71999904087612,4.451086159416343
2023-08-11,86.80999755859375,86.23571341378349,4.457084400612065
2023-08-14,86.20999908447266,86.38857051304409,4.4588553813308245
2023-08-15,84.88999938964844,86.19571358816964,4.456620450077911
2023-08-16,83.44999694824219,85.92571367536273,4.453483128495559
2023-08-17,84.12000274658203,85.63285718645368,4.450069055133947
2023-08-18,84.80000305175781,85.24000004359654,4.445470807741873
2023-08-21,84.45999908447266,84.96285683768136,4.442214182607222
2023-08-22,84.02999877929688,84.56571415492466,4.437528914431731
2023-08-23,83.20999908447266,84.13714272635323,4.432448119020917
2023-08-24,83.36000061035156,83.91857147216797,4.4298469414475425
2023-08-25,84.4800033569336,84.06571524483817,4.431598817330445
2023-08-28,84.41999816894531,84.10857173374721,4.432108484897428
2023-08-29,85.48999786376953,84.20714242117745,4.433279744505526
2023-08-30,85.86000061035156,84.40714263916016,4.435652026447197
2023-08-31,86.86000061035156,84.81142861502511,4.440430305120605
2023-09-01,88.55000305175781,85.57428632463727,4.44938484461679
2023-09-05,90.04000091552734,86.52857208251953,4.460474672489186
2023-09-06,90.5999984741211,87.4028570992606,4.470527972050076
2023-09-07,89.91999816894531,88.18857138497489,4.479477378482962
2023-09-08,90.6500015258789,88.92571476527623,4.487801355646199
2023-09-11,90.63999938964844,89.60857173374721,4.495450982076407
2023-09-12,92.05999755859375,90.35142844063895,4.503706826992274
2023-09-13,91.87999725341797,90.82714189801898,4.508958160521398
2023-09-14,93.69999694824219,91.3499984741211,4.5146982661203605
2023-09-15,93.93000030517578,91.82571302141461,4.519892356678738
2023-09-18,94.43000030517578,92.46999904087612,4.526884257217277
2023-09-19,94.33999633789062,92.99714115687779,4.532568752432139
2023-09-20,93.52999877929688,93.40999821254185,4.536998386749138
2023-09-21,93.30000305175781,93.58714185442243,4.538893000696776
2023-09-22,93.2699966430664,93.78571319580078,4.541012533066221
2023-09-25,93.29000091552734,93.72714233398438,4.540387820018619
2023-09-26,93.95999908447266,93.73142787388393,4.540433542547022
2023-09-27,96.55000305175781,94.03428540910993,4.543659454163912
2023-09-28,95.37999725341797,94.18285696847099,4.545238179548245
2023-09-29,95.30999755859375,94.43714250837054,4.54793445454196
2023-10-02,90.70999908447266,94.06714194161552,4.544008803270961
2023-10-03,90.91999816894531,93.73142787388393,4.540433542547022
2023-10-04,85.80999755859375,92.66285596575055,4.52896770150521
2023-10-05,84.06999969482422,91.24999891008649,4.5136029805183435
2023-10-06,84.58000183105469,89.53999873570034,4.494685438692877
2023-10-09,88.1500015258789,88.50714220319476,4.483083251618541
2023-10-10,87.6500015258789,87.41285705566406,4.470642377742524
2023-10-11,85.81999969482422,86.71428571428571,4.462618642004185
2023-10-12,86.0,86.01142883300781,4.454480180831029
2023-10-13,90.88999938964844,86.73714338030133,4.462882204734885
2023-10-16,89.6500015258789,87.53428649902344,4.472030562315215
2023-10-17,89.9000015258789,88.2942864554269,4.480675399462331
2023-10-18,91.5,88.77285766601562,4.48608094636129
2023-10-19,92.37999725341797,89.44857134137835,4.493663838238342
2023-10-20,92.16000366210938,90.35428619384766,4.503738455800635
2023-10-23,89.83000183105469,90.90142931256976,4.50977572507048
2023-10-24,88.06999969482422,90.49857221330915,4.50533407393291
2023-10-25,90.12999725341797,90.56714303152901,4.506091487575855
2023-10-26,87.93000030517578,90.28571428571429,4.502979245091544
2023-10-27,90.4800033569336,90.14000047956195,4.501364022582693
2023-10-30,87.44999694824219,89.43571472167969,4.493520095934267
2023-10-31,87.41000366210938,88.75714329310826,4.485903912926226
2023-11-01,84.62999725341797,88.01428549630302,4.477499136488538
2023-11-02,86.8499984741211,87.83999960763114,4.475516973294362
2023-11-03,84.88999938964844,87.0914284842355,4.4669584689611685
2023-11-06,85.18000030517578,86.69857134137835,4.462437405465935
2023-11-07,81.61000061035156,85.43142809186664,4.447714043538693
2023-11-08,79.54000091552734,84.30142865862165,4.434398812178816
2023-11-09,80.01000213623047,83.2442855834961,4.4217794848649215
2023-11-10,81.43000030517578,82.78714316231864,4.416272773517268
2023-11-13,82.5199966430664,82.16857147216797,4.408772886762986
2023-11-14,82.47000122070312,81.82285744803292,4.404556635480205
2023-11-15,81.18000030517578,81.25142887660435,4.397548407228804
2023-11-16,77.41999816894531,80.6528570992606,4.390154229849013
2023-11-17,80.61000061035156,80.8057141985212,4.392047683305217
2023-11-20,82.31999969482422,81.13571384974888,4.396123232248831
2023-11-21,82.44999694824219,81.28142765590123,4.397917548340054
2023-11-22,81.95999908447266,81.20142800467355,4.396932833277448
2023-11-23,81.37000274658203,81.04428536551339,4.3949957381760285
2023-11-24,80.58000183105469,80.9585712977818,4.39393755836988
2023-11-27,79.9800033569336,81.32428632463727,4.398444696724687
2023-11-28,81.68000030517578,81.47714342389789,4.400322532127173
2023-11-29,83.0999984741211,81.58857182094029,4.401689200948007
2023-11-30,82.83000183105469,81.64285823277065,4.402354347529323
2023-12-01,78.87999725341797,81.2028579711914,4.396950443237793
2023-12-04,78.02999877929688,80.72571454729352,4.391057168228496
2023-12-05,77.19999694824219,80.24285670689174,4.385057745049999
2023-12-06,74.30000305175781,79.43142809186664,4.3748941097339085
2023-12-07,74.05000305175781,78.3414284842355,4.361076562488539
2023-12-08,75.83999633789062,77.30428532191685,4.347749391597741
2023-12-11,76.02999877929688,76.33285631452289,4.335103465711882
2023-12-12,73.23999786376953,75.52714211600167,4.324492089876163
2023-12-13,74.26000213623047,74.98857116699219,4.317335717484518
2023-12-14,76.61000061035156,74.90428597586495,4.316211111527743
2023-12-15,76.55000305175781,75.22571454729352,4.32049312127184
2023-12-18,77.94999694824219,75.78285653250558,4.327872099951346
2023-12-19,79.2300033569336,76.26714324951172,4.334242219718949
2023-12-20,79.69999694824219,76.7914287022182,4.341093028485409
2023-12-21,79.38999938964844,77.67000034877232,4.352469086921994
2023-12-22,79.06999969482422,78.35714285714286,4.361277130659972
2023-12-26,81.06999969482422,78.9942855834961,4.369375515464638
2023-12-27,79.6500015258789,79.43714250837054,4.374966048651528
2023-12-28,78.38999938964844,79.5,4.375757021660286
2023-12-29,77.04000091552734,79.18714250837054,4.371813943575452
2024-01-02,75.88999938964844,78.64285714285714,4.364916807107421
2024-01-03,78.25,78.48000008719308,4.36284381636813
2024-01-04,77.58999633789062,78.26857103620257,4.360146130798198
2024-01-05,78.76000213623047,77.93857138497489,4.355920970065576
2024-01-08,76.12000274658203,77.43428584507534,4.34942965208824
2024-01-09,77.58999633789062,77.31999969482422,4.347952650393211
2024-01-10,76.80000305175781,77.28571428571429,4.3475091297911685
2024-01-11,77.41000366210938,77.5028577532087,4.350314809914415
2024-01-12,78.29000091552734,77.50857216971261,4.3503885388840695
2024-01-16,78.29000091552734,77.60857282366071,4.351677895619021
2024-01-17,77.87999725341797,77.48285784040179,4.350056722737266
2024-01-18,79.0999984741211,77.9085715157645,4.355535979118389
2024-01-19,78.55999755859375,78.0471431187221,4.357313043072079
2024-01-22,80.05999755859375,78.51285661969867,4.363262389973
2024-01-23,79.55000305175781,78.81857081821987,4.367148639379933
2024-01-24,80.04000091552734,79.06857081821987,4.3703154610266015
2024-01-25,82.43000030517578,79.65999930245536,4.377767568996975
2024-01-26,83.55000305175781,80.47000013078961,4.387884445783363
2024-01-29,82.4000015258789,80.9414291381836,4.393725796052202
2024-01-30,82.87000274658203,81.55714416503906,4.401303929951462
2024-01-31,81.70999908447266,81.79285866873605,4.40418993745944
2024-02-01,78.69999694824219,81.67142922537667,4.402704237221673
2024-02-02,77.33000183105469,81.28428649902344,4.397952719878375
2024-02-05,77.98999786376953,80.6500004359654,4.390118809976864
2024-02-06,78.58999633789062,79.94142804827008,4.381294217124995
2024-02-07,79.20999908447266,79.48571341378349,4.37557730002432
2024-02-08,81.62999725341797,79.3085697719029,4.373346190543429
2024-02-09,82.19000244140625,79.37714168003627,4.374210438644586
2024-02-12,82.0,79.84857068743024,4.38013197453125
2024-02-13,82.7699966430664,80.62571280343192,4.389817616049655
2024-02-14,81.5999984741211,81.14142717633929,4.3961936466837495
2024-02-15,82.86000061035156,81.75142778669085,4.403683274905468
2024-02-16,83.47000122070312,82.35999952043805,4.411099876336835
2024-02-20,82.33999633789062,82.461427961077,4.41233064414406
2024-02-21,83.02999877929688,82.58142743791852,4.413784805824639
2024-02-22,83.66999816894531,82.81999860491071,4.4166695612725855
2024-02-23,81.62000274658203,82.6557137625558,4.414683953910868
2024-02-26,82.52999877929688,82.78857094900948,4.416290019847125
2024-02-27,83.6500015258789,82.90142822265625,4.417652290251666
2024-02-28,83.68000030517578,82.93142809186664,4.418014098764217
2024-02-29,83.62000274658203,83.11428615025112,4.420216602251161
2024-03-01,83.55000305175781,83.18857247488839,4.421109988332342
2024-03-04,82.80000305175781,83.06428745814732,4.419614855677859
2024-03-05,82.04000091552734,83.12428719656808,4.420336923860372
2024-03-06,82.95999908447266,83.1857158115932,4.421075648130802
2024-03-07,82.95999908447266,83.08714403424945,4.419889985131046
2024-03-08,82.08000183105469,82.85857282366071,4.417135212552825
2024-03-11,82.20999908447266,82.65714372907367,4.414701254035487
2024-03-12,81.91999816894531,82.42428588867188,4.411880125149223
2024-03-13,84.02999877929688,82.5999995640346,4.414009675248901
2024-03-14,85.41999816894531,83.08285631452289,4.41983837870728
2024-03-15,85.33999633789062,83.42285592215401,4.4239223236437475
2024-03-18,86.88999938964844,83.98428453717914,4.4306296924969075
2024-03-19,87.37999725341797,84.74142674037388,4.439604581737984
2024-03-20,85.94999694824219,85.27571214948382,4.4458896794804375
2024-03-21,85.77999877929688,85.82714080810547,4.452335282908054
2024-03-22,85.43000030517578,86.02714102608817,4.454662839791015
2024-03-25,86.75,86.21714128766742,4.456869012745973
2024-03-26,86.25,86.34714181082589,4.45837570399653
2024-03-27,86.08999633789062,86.23285566057477,4.457051261203253
2024-03-28,87.4800033569336,86.2471422467913,4.4572169219920115
2024-04-01,87.41999816894531,86.45714242117745,4.459648827816327
2024-04-02,88.91999816894531,86.9057137625558,4.46482378111739
2024-04-03,89.3499984741211,87.46571350097656,4.471246870868855
2024-04-04,90.6500015258789,88.02285657610211,4.47759651457256
2024-04-05,91.16999816894531,88.72571345738002,4.485549739721757
2024-04-08,90.37999725341797,89.33857073102679,4.492433317710338
2024-04-09,89.41999816894531,89.61571284702846,4.4955306712022605
2024-04-10,90.4800033569336,90.0528564453125,4.500396791777537
2024-04-11,89.73999786376953,90.16999925885882,4.501696769292439
2024-04-12,90.44999694824219,90.32714189801898,4.503437989988298
2024-04-15,90.0999984741211,90.24857003348214,4.502567752583111
2024-04-16,90.0199966430664,90.08428410121373,4.500745722110557
2024-04-17,87.29000091552734,89.64285605294364,4.495833509792228
2024-04-18,87.11000061035156,89.31285640171596,4.4921454461841925
2024-04-19,87.29000091552734,88.85714176722935,4.4870299314179585
2024-04-22,87.0,88.46571350097656,4.482615058880054
2024-04-23,88.41999816894531,88.17571367536273,4.479331569940936
2024-04-24,88.0199966430664,87.87857055664062,4.475955981528869
2024-04-25,89.01000213623047,87.73428562709263,4.474312765136294
2024-04-26,89.5,88.0499997820173,4.477904832466545
2024-04-29,88.4000015258789,88.23428562709263,4.479995613409151
2024-04-30,87.86000061035156,88.31571415492466,4.4809180550257635
2024-05-01,83.44000244140625,87.80714307512555,4.475142853540554
2024-05-02,83.66999816894531,87.12857164655414,4.467384862748949
2024-05-03,82.95999908447266,86.4057148524693,4.459053817748385
2024-05-06,83.33000183105469,85.5942862374442,4.449618531357277
2024-05-07,83.16000366210938,84.68857247488839,4.438980674903955
2024-05-08,83.58000183105469,84.00000108991351,4.430816811818475
2024-05-09,83.87999725341797,83.43142918178013,4.424025087077463
2024-05-10,82.79000091552734,83.33857182094029,4.422911489069697
2024-05-13,83.36000061035156,83.2942864554269,4.4223799568495314
2024-05-14,82.37999725341797,83.21142905099052,4.421384706794316
2024-05-15,82.75,83.12857164655414,4.420388465229546
2024-05-16,83.2699966430664,83.144284929548,4.420577471220834
2024-05-17,83.9800033569336,83.20142800467355,4.421264511197582
2024-05-20,83.70999908447266,83.17714255196708,4.420972581139551
2024-05-21,82.87999725341797,83.18999917166573,4.421127138338659
2024-05-22,81.9000015258789,82.98142787388393,4.418616822202854
2024-05-23,81.36000061035156,82.83571406773159,4.4168592977158925
2024-05-24,82.12000274658203,82.74571446010044,4.415772223914268
2024-05-28,84.22000122070312,82.88142939976284,4.417411024981212
2024-05-29,83.5999984741211,82.82714298793248,4.416755821535908
2024-05-30,81.86000061035156,82.56285749162946,4.413559912224776
2024-05-31,81.62000274658203,82.38285827636719,4.411377384647442
2024-06-03,78.36000061035156,81.87714385986328,4.405219878160556
2024-06-04,77.5199966430664,81.32857186453683,4.398497392262267
2024-06-05,78.41000366210938,80.79857199532645,4.391959292045707
2024-06-06,79.87000274658203,80.17714364188058,4.384238482258031
2024-06-07,79.62000274658203,79.60857282366071,4.377121785840947
2024-06-10,81.62999725341797,79.57571520124164,4.376708960890778
2024-06-11,81.91999816894531,79.61857169015067,4.3772473783275
2024-06-12,82.5999984741211,80.22428567068917,4.384826282882601
2024-06-13,82.75,80.97142900739398,4.3940963641454
2024-06-14,82.62000274658203,81.57285744803292,4.401496577323338
2024-06-17,84.25,82.19857134137835,4.409137921635893
2024-06-18,85.33000183105469,83.01428549630302,4.419012707399901
2024-06-20,85.70999908447266,83.5971429007394,4.426009343678173
2024-06-21,85.23999786376953,84.07142857142857,4.4316667776450185
2024-06-24,86.01000213623047,84.55857195172992,4.437444453431322
2024-06-25,85.01000213623047,84.88142939976284,4.44125533440619
2024-06-26,85.25,85.25714329310826,4.445671904947773
2024-06-27,86.38999938964844,85.56285749162946,4.449251281174396
2024-06-28,86.41000366210938,85.71714346749442,4.451052846059154
2024-07-01,86.5999984741211,85.8442862374442,4.452535029944481
2024-07-02,86.23999786376953,85.98714338030133,4.454197789500038
2024-07-03,87.33999633789062,86.17714255196708,4.45640497489591
2024-07-05,86.54000091552734,86.39571380615234,4.458938065854368
2024-07-08,85.75,86.46714237758091,4.459764484867344
2024-07-09,84.66000366210938,86.22000013078961,4.456902170835917
2024-07-10,85.08000183105469,86.02999986921039,4.454696071112978
2024-07-11,85.4000015258789,85.85857173374721,4.452701427830978
2024-07-12,85.02999877929688,85.68571472167969,4.4506861223475545
2024-07-15,84.8499984741211,85.33000074114118,4.446526101234081
2024-07-16,83.7300033569336,84.92857251848493,4.441810579908819
2024-07-17,85.08000183105469,84.83285849434989,4.440682949990691
2024-07-18,85.11000061035156,84.8971437726702,4.441440450497798
2024-07-19,82.62999725341797,84.5471431187221,4.437309285521468
2024-07-22,82.4000015258789,84.11857169015067,4.432227371257996
2024-07-23,81.01000213623047,83.5442864554269,4.425376867968493
2024-07-24,81.70999908447266,83.09571511404855,4.419993137524146
2024-07-25,82.37000274658203,82.90142931256976,4.417652303398767
2024-07-26,81.12999725341797,82.33714294433594,4.410822317468396
2024-07-29,79.77999877929688,81.57571411132812,4.4015315964873825
2024-07-30,78.62999725341797,81.00428553989956,4.39450206117286
2024-07-31,80.72000122070312,80.76428549630302,4.391534856626942
2024-08-01,79.5199966430664,80.55142756870815,4.388895832230781
2024-08-02,76.80999755859375,79.85142735072544,4.380167749901703
2024-08-05,76.30000305175781,78.98428453717914,4.369248902768717
2024-08-06,76.4800033569336,78.31999969482422,4.360802994325731
2024-08-07,78.33000183105469,78.11285727364677,4.358154669079232
2024-08-08,79.16000366210938,78.18857247488839,4.359123504838264
2024-08-09,79.66000366210938,78.03714425223214,4.357184921700325
2024-08-12,82.30000305175781,78.43428802490234,4.362261179004333
2024-08-13,80.69000244140625,78.9885744367327,4.369303214624343
2024-08-14,79.76000213623047,79.4828600202288,4.375541401186036
2024-08-15,81.04000091552734,80.13428824288505,4.38370383043049
2024-08-16,79.68000030517578,80.32714516775948,4.386107610748769
2024-08-19,77.66000366210938,80.11285945347377,4.383436383679056
2024-08-20,77.19999694824219,79.76142992292132,4.379040053312858
2024-08-21,76.05000305175781,78.86857278006417,4.367782831393044
2024-08-22,77.22000122070312,78.37285831996373,4.361477672518652
2024-08-23,79.0199966430664,78.26714324951172,4.360127888485926
2024-08-26,81.43000030517578,78.32285744803292,4.360839481826804
2024-08-27,79.55000305175781,78.30428641183036,4.360602344944499
2024-08-28,78.6500015258789,78.44571467808315,4.362406852806018
2024-08-29,79.94000244140625,78.83714403424945,4.36738425679644
2024-08-30,78.80000305175781,79.23000117710659,4.3723550298339795
2024-09-03,73.75,78.73428671700614,4.366078724043932
2024-09-04,72.69999694824219,77.83142961774554,4.354545329269071
2024-09-05,72.69000244140625,76.58285849434989,4.338373272257059
2024-09-06,71.05999755859375,75.37000056675502,4.322409325375015
2024-09-09,71.83999633789062,74.3971426827567,4.309417536299906
2024-09-10,69.19000244140625,72.86142839704242,4.288559396069039
2024-09-11,70.61000061035156,71.69142804827008,4.27237118743581
2024-09-12,71.97000122070312,71.43714250837054,4.2688179372852275
2024-09-13,71.61000061035156,71.28142874581474,4.266635827094876
2024-09-16,72.75,71.28999982561383,4.266756062683386
2024-09-17,73.69999694824219,71.66714259556362,4.272032380305832
2024-09-18,73.6500015258789,71.92571476527623,4.2756338470354525
2024-09-19,74.87999725341797,72.73857116699219,4.286871796349587
2024-09-20,74.48999786376953,73.29285648890904,4.294463148330506
2024-09-23,73.9000015258789,73.56857081821987,4.2982179076065075
2024-09-24,75.16999816894531,74.07714189801898,4.305107008303406
2024-09-25,73.45999908447266,74.17857033865792,4.306475299007804
2024-09-26,71.5999984741211,73.87857055664062,4.302422806966284
2024-09-27,71.9800033569336,73.63999938964844,4.299188348076561
2024-09-30,71.7699966430664,73.19571358816964,4.29313686171404
2024-10-01,73.55999755859375,73.06285640171596,4.291320117259273
2024-10-02,73.9000015258789,73.06285640171596,4.291320117259273
2024-10-03,77.62000274658203,73.41285705566406,4.296099084527109
2024-10-04,78.05000305175781,74.06857190813336,4.304991311538714
2024-10-07,80.93000030517578,75.40142931256976,4.3228262312343695
2024-10-08,77.18000030517578,76.14428601946149,4.332630040668473
2024-10-09,76.58000183105469,76.83142961774554,4.341613796252248
2024-10-10,79.4000015258789,77.66571589878627,4.352413923176132
2024-10-11,79.04000091552734,78.4000015258789,4.361823946819103
2024-10-14,77.45999908447266,78.37714385986328,4.361532352452828
2024-10-15,74.25,77.83428628104073,4.354582031805387
2024-10-16,74.22000122070312,76.87571498325893,4.3421900266786695
2024-10-17,74.44999694824219,76.48571450369698,4.337103984880918
2024-10-18,73.05999755859375,75.98285675048828,4.330507745769279
2024-10-21,74.29000091552734,75.2528566632952,4.320853865211362
2024-10-22,76.04000091552734,74.82428523472377,4.315142501200304
2024-10-23,74.95999908447266,74.46714237758091,4.310357986186258
2024-10-24,74.37999725341797,74.48571341378349,4.310607340738074
2024-10-25,76.05000305175781,74.7471422467913,4.314110980727823
2024-10-28,71.41999816894531,74.31428527832031,4.308303198092729
2024-10-29,71.12000274658203,74.03714316231864,4.3045669019030495
2024-10-30,72.55000305175781,73.788572038923,4.301203869194765
2024-10-31,73.16000366210938,73.37714385986328,4.295612495573057
2024-11-01,73.0999984741211,73.11142948695591,4.291984708664423
2024-11-04,75.08000183105469,73.21143014090401,4.293351558243109
2024-11-05,75.52999877929688,73.13714381626674,4.292336361046324
2024-11-06,74.91999816894531,73.63714381626674,4.2991495698477085
2024-11-07,75.62999725341797,74.28142874581474,4.3078609708958435
2024-11-08,73.87000274658203,74.47000013078961,4.310396361478826
2024-11-11,71.83000183105469,74.27999986921039,4.30784173472374
2024-11-12,71.88999938964844,74.10714285714286,4.305511922489595
2024-11-13,72.27999877929688,73.70714242117745,4.300099706591578
2024-11-14,72.55999755859375,73.28285653250558,4.294326700671984
2024-11-15,71.04000091552734,72.72857121058873,4.286734308855769
2024-11-18,73.30000305175781,72.39571489606585,4.2821471111216525
2024-11-19,73.30999755859375,72.31571415492466,4.281041452089525
2024-11-20,72.80999755859375,72.4557135445731,4.2829755275561245
2024-11-21,74.2300033569336,72.78999982561383,4.287578580734423
2024-11-22,75.16999816894531,73.2028568812779,4.293234448638435
2024-11-25,73.01000213623047,73.26714324951172,4.294112258050661
2024-11-26,72.80999755859375,73.51999991280692,4.297557476861454
2024-11-27,72.83000183105469,73.4528568812779,4.296643797456092
2024-11-29,72.94000244140625,73.4000004359654,4.295923941560053
2024-12-02,71.83000183105469,73.26000104631696,4.294014771632909
2024-12-03,73.62000274658203,73.17285810198102,4.292824561250758
2024-12-04,72.30999755859375,72.76428658621651,4.287225265963712
2024-12-05,72.08999633789062,72.63285718645368,4.285417397773878
2024-12-06,71.12000274658203,72.3914293561663,4.2820879133258405
2024-12-09,72.13999938964844,72.29285757882255,4.280725335610143
2024-12-10,72.19000244140625,72.18571472167969,4.279242169282046
2024-12-11,73.5199966430664,72.42714255196708,4.282581126261919
2024-12-12,73.41000366210938,72.3971426827567,4.282166832905099
2024-12-13,74.48999786376953,72.7085712977818,4.286459277146701
2024-12-16,73.91000366210938,72.96857234409877,4.2900288326155795
2024-12-17,73.19000244140625,73.26428658621651,4.294073267599278
2024-12-18,73.38999938964844,73.44285801478794,4.29650766187838
2024-12-19,72.87999725341797,73.5414287022182,4.297848903237013
2024-12-20,72.94000244140625,73.45857238769531,4.296721606329761
2024-12-23,72.62999725341797,73.3471429007394,4.2952035522385295
2024-12-24,73.58000183105469,73.21714346749442,4.293429593922246
2024-12-26,73.26000213623047,73.12428610665458,4.292160542860326
2024-12-27,74.16999816894531,73.26428549630302,4.294073252722814
2024-12-30,74.38999938964844,73.40714263916016,4.296021242046266
2024-12-31,74.63999938964844,73.6585715157645,4.299440517885139
2025-01-02,75.93000030517578,74.08571406773159,4.305222721106946
2025-01-03,76.51000213623047,74.64000047956195,4.3126765629640875
2025-01-06,76.30000305175781,75.02857208251953,4.317869002089315
2025-01-07,77.05000305175781,75.57000078473773,4.325059389416878
2025-01-08,76.16000366210938,75.85428728376117,4.328814227384525
2025-01-09,76.91999816894531,76.21571568080357,4.333567683957765
2025-01-10,79.76000213623047,76.94714464460101,4.343118752963555
2025-01-13,81.01000213623047,77.67285919189453,4.352505893803636
2025-01-14,79.91999816894531,78.16000148228237,4.358758026699245
2025-01-15,82.02999877929688,78.97857230050224,4.369176578973191
2025-01-16,81.29000091552734,79.58428628104073,4.37681666483307
2025-01-17,80.79000091552734,80.24571446010044,4.385093358217818
2025-01-21,79.29000091552734,80.58428628104073,4.389303671213251
2025-01-22,79.0,80.47571454729352,4.387955456266838
2025-01-23,78.29000091552734,80.08714294433594,4.383115328635688
2025-01-24,78.5,79.88428606305804,4.380579163380802
2025-01-27,77.08000183105469,79.17714364188058,4.371687666789867
2025-01-28,77.48999786376953,78.63428606305804,4.36480781377714
2025-01-29,76.58000183105469,78.03285762241909,4.357129989557534
2025-01-30,76.87000274658203,77.68714359828404,4.352689781627699
2025-01-31,76.76000213623047,77.36714390345982,4.348562193099847
2025-02-03,75.95999908447266,77.03428649902344,4.344250601954413
2025-02-04,76.19999694824219,76.70571463448661,4.339976211914397
2025-02-05,74.61000061035156,76.3528573172433,4.335365454896843
2025-02-06,74.29000091552734,75.89571489606585,4.32936022557548
2025-02-07,74.66000366210938,75.62142944335938,4.3257397012642835
2025-02-10,75.87000274658203,75.47857230050224,4.323848805383758
2025-02-11,77.0,75.51285770961216,4.32430294254501
2025-02-12,75.18000030517578,75.40142931256976,4.3228262312343695
2025-02-13,75.0199966430664,75.23285784040179,4.3205880748926315
2025-02-14,74.73999786376953,75.25142887660435,4.3208348918421216
2025-02-18,75.83999633789062,75.47285679408482,4.323773078953681
2025-02-19,76.04000091552734,75.66999925885882,4.326381770912044
2025-02-20,76.4800033569336,75.75714220319476,4.3275327264556065
2025-02-21,74.43000030517578,75.38999938964844,4.322674632127688
2025-02-24,74.77999877929688,75.33285631452289,4.321916378476025
2025-02-25,73.0199966430664,75.0471420288086,4.318116476459087
2025-02-26,72.52999877929688,74.73142787388393,4.313900724863688
2025-02-27,74.04000091552734,74.47428567068917,4.310453907021815
2025-02-28,73.18000030517578,74.06571415492466,4.30495272826019
2025-03-03,71.62000274658203,73.37142835344586,4.29553460034949
2025-03-04,71.04000091552734,72.88714272635323,4.288912254822706
2025-03-05,69.30000305175781,72.10428619384766,4.27811349042752
2025-03-06,69.45999908447266,71.59571511404855,4.271035227399971
2025-03-07,70.36000061035156,71.28571537562779,4.266695961985573
2025-03-10,69.27999877929688,70.605715070452,4.257111091229324
2025-03-11,69.55999755859375,70.08857182094029,4.249759753944813
2025-03-12,70.94999694824219,69.99285670689174,4.248393189797802
2025-03-13,69.87999725341797,69.82714189801898,4.246022786591971
2025-03-14,70.58000183105469,70.00999886648995,4.2486380727984185
2025-03-17,71.06999969482422,70.23999895368304,4.251917934430549
2025-03-18,70.55999755859375,70.26856994628906,4.252324614154404
2025-03-19,70.77999877929688,70.48285566057477,4.25536949812515
2025-03-20,72.0,70.83142743791852,4.260302792575571
2025-03-21,72.16000366210938,71.00428553989956,4.262740234936636
2025-03-24,73.0,71.4500002179827,4.268997907426719
2025-03-25,73.0199966430664,71.79857090541294,4.273864572031762
2025-03-26,73.79000091552734,72.18714250837054,4.279261948438854
2025-03-27,74.02999877929688,72.68285696847099,4.2861055516226365
2025-03-28,73.62999725341797,73.08999960763114,4.291691553124003
2025-03-31,74.73999786376953,73.48142787388393,4.297032692301345
2025-04-01,74.48999786376953,73.8142841884068,4.301552265565961
2025-04-02,74.94999694824219,74.09285518101284,4.3053191063443395
2025-04-03,70.13999938964844,73.68142700195312,4.299750759321299
2025-04-04,65.58000183105469,72.5085699898856,4.283704761631804
2025-04-07,64.20999908447266,71.105712890625,4.264167683660414
2025-04-08,62.81999969482422,69.56142752511161,4.24221021148815
2025-04-09,65.4800033569336,68.23857116699219,4.223009964614158
2025-04-10,63.33000183105469,66.64428601946149,4.199369311808731
2025-04-11,64.76000213623047,65.18857247488839,4.177284184781183
2025-04-14,64.87999725341797,64.43714359828404,4.165690230794419
2025-04-15,64.66999816894531,64.30714307512555,4.163670714888885
2025-04-16,65.8499984741211,64.5414287022182,4.167307323072608
2025-04-17,67.95999908447266,65.27571432931083,4.178620057908092
2025-04-21,66.26000213623047,65.38714272635323,4.180325644737673
2025-04-22,67.44000244140625,65.97428567068917,4.189265055058157
2025-04-23,66.12000274658203,66.16857147216797,4.192205599037232
2025-04-24,66.55000305175781,66.40714372907367,4.1958046369766295
2025-04-25,66.87000274658203,66.72143009730748,4.200526192132942
2025-04-28,65.86000061035156,66.72285897391183,4.200547607460857
2025-04-29,64.25,66.19285910470145,4.192572588615695
2025-04-30,63.119998931884766,65.74428721836635,4.1857727808703515
2025-05-01,62.130001068115234,64.9857155936105,4.1741674856465485
2025-05-02,61.290000915527344,64.29571533203125,4.163492993440607
2025-05-05,60.22999954223633,63.392857687813894,4.1493512003308135
2025-05-06,62.150001525878906,62.71857179914202,4.13865760472329
2025-05-07,61.119998931884766,62.04142870221819,4.127802366770102
2025-05-08,62.84000015258789,61.84000015258789,4.124550406746629
2025-05-09,63.90999984741211,61.95285742623465,4.126373731728706
2025-05-12,64.95999908447266,62.357142857142854,4.132878226224344
2025-05-13,66.62999725341797,63.11999947684152,4.145037668249303
2025-05-14,66.08999633789062,63.9571418762207,4.158213200854427
2025-05-15,64.52999877929688,64.29714148385185,4.163515174327726
2025-05-16,65.41000366210938,64.90999930245536,4.173001684299042
2025-05-19,65.54000091552734,65.29571369716099,4.178926393961987
2025-05-20,65.37999725341797,65.5057133265904,4.1821373651973675
2025-05-21,64.91000366210938,65.49857112339565,4.182028327493268
2025-05-22,64.44000244140625,65.18571472167969,4.177240345566095
2025-05-23,64.77999877929688,64.99857221330915,4.174365303705292
2025-05-27,64.08999633789062,64.93571472167969,4.173397776226354
2025-05-28,64.9000015258789,64.86285727364677,4.172275152848227
2025-05-29,64.1500015258789,64.66428593226841,4.169209054237126
2025-05-30,63.900001525878906,64.4528579711914,4.165934072408103
2025-06-02,64.62999725341797,64.41285705566406,4.165313256905644
2025-06-03,65.62999725341797,64.58285631452289,4.167948993440359
2025-06-04,64.86000061035156,64.5942851475307,4.1681259416667755
2025-06-05,65.33999633789062,64.77285657610211,4.170886635605072
2025-06-06,66.47000122070312,64.9971422467913,4.174343303495149
2025-06-09,67.04000091552734,65.40999930245536,4.180675141308932
2025-06-10,66.87000274658203,65.83428519112724,4.1871407541679435
2025-06-11,69.7699966430664,66.56857081821987,4.198232556525609
2025-06-12,69.36000061035156,67.10142844063895,4.2062053319870945
2025-06-13,74.2300033569336,68.44000026157924,4.225957452846016
2025-06-16,73.2300033569336,69.56714412144252,4.242292388660911
2025-06-17,76.44999694824219,70.99285779680524,4.262579277570165
2025-06-18,76.69999694824219,72.37285723005023,4.2818313289616174
2025-06-20,77.01000213623047,73.82142857142857,4.3016490495065645
2025-06-23,71.4800033569336,74.06571524483817,4.304952742975684
2025-06-24,67.13999938964844,73.74857221330915,4.300661635212989
2025-06-25,67.68000030517578,72.81285749162946,4.287892553504252
2025-06-26,67.7300033569336,72.02714320591518,4.277043036944612
2025-06-27,67.7699966430664,70.78714316231864,4.259677390456971
2025-06-30,67.61000061035156,69.4885722569057,4.241162311092796
2025-07-01,67.11000061035156,68.07428632463727,4.220599554841811
2025-07-02,69.11000061035156,67.73571450369698,4.215613581492558
2025-07-03,68.80000305175781,67.97285788399833,4.219108476730304
2025-07-04,68.29000091552734,68.06000082833427,4.220389681243407
2025-07-07,69.58000183105469,68.32428632463727,4.224265286456063
2025-07-08,70.1500015258789,68.66428702218192,4.229229224504205
2025-07-09,70.19000244140625,69.03285871233258,4.23458260446594
2025-07-10,68.63999938964844,69.25142996651786,4.237743794190251
2025-07-11,70.36000061035156,69.43000139508929,4.240319070858647
2025-07-14,69.20999908447266,69.4885722569057,4.241162311092796
2025-07-15,68.70999908447266,69.54857199532645,4.242025386100097
2025-07-16,68.5199966430664,69.3971426827567,4.239845694946977
2025-07-17,69.5199966430664,69.30714198521206,4.2385479598353175
2025-07-18,69.27999877929688,69.17714146205357,4.236670482361207
2025-07-21,69.20999908447266,69.2585699898856,4.237846891777087
2025-07-22,68.58999633789062,69.0057122366769,4.23418928720948
2025-07-23,68.51000213623047,68.9057126726423,4.232739087102767
2025-07-24,69.18000030517578,68.97285570417132,4.233713031605194
2025-07-25,68.44000244140625,68.961427961077,4.233547333233233
2025-07-28,70.04000091552734,69.03571428571429,4.234623969033127
2025-07-29,72.51000213623047,69.4971433367048,4.241285648656996
2025-07-30,73.23999786376953,70.07285744803292,4.2495355214572434
2025-07-31,72.52999877929688,70.63571493966239,4.257535893918724
2025-08-01,69.66999816894531,70.80142865862165,4.259879179290176
2025-08-04,68.76000213623047,70.74142892020089,4.259031383180349
2025-08-05,67.63999938964844,70.62714276994977,4.257414529111837
2025-08-06,66.88999938964844,70.17714255196708,4.251022653338221
2025-08-07,66.43000030517578,69.3085708618164,4.2385685762080945
2025-08-08,66.58999633789062,68.3585706438337,4.224766948781183
2025-08-11,66.62999725341797,67.51571328299386,4.212360360164928
2025-08-12,66.12000274658203,67.00857107979911,4.204820537773227
2025-08-13,65.62999725341797,66.56142752511161,4.198125243475147
2025-08-14,66.83999633789062,66.4471413748605,4.196406765044444
2025-08-15,65.8499984741211,66.29856981549945,4.194168325548886
2025-08-18,66.5999984741211,66.32285526820591,4.19453456279845
2025-08-19,65.79000091552734,66.2085702078683,4.192809913897184
2025-08-20,66.83999633789062,66.23857007707868,4.1932629228433775
2025-08-21,67.66999816894531,66.45999799455915,4.196600232751292
2025-08-22,67.7300033569336,66.75999886648995,4.201104081814754
2025-08-25,68.80000305175781,67.03999982561383,4.205289453572602
2025-08-26,67.22000122070312,67.23571450369698,4.208204572179983
2025-08-27,68.05000305175781,67.44285801478794,4.211280691425365
2025-08-28,68.62000274658203,67.8471439906529,4.217257292405303
2025-08-29,68.12000274658203,68.03000204903739,4.2199488144765835
2025-09-02,69.13999938964844,68.24000222342355,4.2230309357658316
2025-09-03,67.5999984741211,68.22143009730748,4.222758739791996
2025-09-04,66.98999786376953,67.96285792759487,4.218961349003616
2025-09-05,65.5,67.71714346749442,4.215339374855695
2025-09-08,66.0199966430664,67.42714255196708,4.211047645339121
2025-09-09,66.38999938964844,67.1085706438337,4.206311765237229
2025-09-10,67.48999786376953,67.01856994628906,4.204969744365742
2025-09-11,66.37000274658203,66.62285614013672,4.199047703959081
2025-09-12,66.98999786376953,66.53571319580078,4.197738844045505
2025-09-15,67.44000244140625,66.5999995640346,4.198704571000317
2025-09-16,68.47000122070312,67.02428545270648,4.205055023158168
2025-09-17,67.94999694824219,67.2999997820173,4.209160233411712
2025-09-18,67.44000244140625,67.4500002179827,4.211386585885532
2025-09-19,66.68000030517578,67.33428628104073,4.209669561321671
2025-09-22,66.56999969482422,67.36285727364677,4.2100937869923944
2025-09-23,67.62999725341797,67.45428575788226,4.211450120411066
2025-09-24,69.30999755859375,67.72142791748047,4.2154026426522115
2025-09-25,69.41999816894531,67.85714176722935,4.217404638917444
2025-09-26,70.12999725341797,68.16857038225446,4.221983613792821
2025-09-29,67.97000122070312,68.24428449358258,4.223093686874599
2025-09-30,67.0199966430664,68.29285539899554,4.223805154941091
2025-10-01,65.3499984741211,68.11856951032367,4.221249856019145
2025-10-02,64.11000061035156,67.61571284702846,4.2138403946047704
2025-10-03,64.52999877929688,66.93285587855748,4.2036899658355384
2025-10-06,65.47000122070312,66.36857060023716,4.195223610090553
2025-10-07,65.44999694824219,65.6999991280692,4.185098912219168
2025-10-08,66.25,65.45428466796875,4.181351954964427
2025-10-09,65.22000122070312,65.19714246477399,4.177415640744774
2025-10-10,62.72999954223633,64.82285690307617,4.171658271149376
2025-10-13,63.31999969482422,64.7099996294294,4.169915743342539
2025-10-14,62.38999938964844,64.4042854309082,4.165180174854559
2025-10-15,61.90999984741211,63.895713806152344,4.157252282547719
2025-10-16,61.060001373291016,63.26857158115932,4.147388706345685
2025-10-17,61.290000915527344,62.56000028337751,4.136126100766747
2025-10-20,61.0099983215332,61.95857129778181,4.126465956822227
2025-10-21,61.31999969482422,61.75714274815151,4.123209640853434
2025-10-22,62.59000015258789,61.6528570992606,4.1215195724012395
2025-10-23,65.98999786376953,62.16714259556362,4.129826606079169
2025-10-24,65.94000244140625,62.74285725184849,4.139044742877119
2025-10-27,65.62000274658203,63.3942860194615,4.149373731505598
2025-10-28,64.4000015258789,63.83857182094029,4.156357581665441
2025-10-29,64.91999816894531,64.39714322771344,4.165069272308268
2025-10-30,65.0,64.92285755702427,4.173199758267711
2025-10-31,65.06999969482422,65.27714320591518,4.17864194753397
2025-11-03,64.88999938964844,65.12000056675502,4.176231730397525
2025-11-04,64.44000244140625,64.9057148524693,4.172935676111735
2025-11-05,63.52000045776367,64.60571452549526,4.168302867023174
2025-11-06,63.380001068115234,64.46000017438617,4.166044879092631
2025-11-07,63.630001068115234,64.27571487426758,4.163181875210174
2025-11-10,64.05999755859375,64.14142881120954,4.161090470462317
2025-11-11,65.16000366210938,64.15428652082171,4.161290909107083
2025-11-12,62.709999084472656,63.8428579057966,4.156424718834364
2025-11-13,63.0099983215332,63.63857160295759,4.1532197582610255
2025-11-14,64.38999938964844,63.762857164655415,4.155170844717857
2025-11-17,64.19999694824219,63.879999433244976,4.157006314474629
2025-11-18,64.88999938964844,64.05999919346401,4.15982013159069
2025-11-19,63.5099983215332,63.98142787388393,4.158592851775997
2025-11-20,63.380001068115234,63.72714178902762,4.154610559568351
2025-11-21,62.560001373291016,63.7057135445731,4.154274253133085
2025-11-24,63.369998931884766,63.75714220319475,4.155081212323051
2025-11-25,62.47999954223633,63.484285082135884,4.1507923962491775
2025-11-26,63.130001068115234,63.33142852783203,4.148381707163752
2025-11-28,63.20000076293945,63.09000015258789,4.144562280801293
2025-12-01,63.16999816894531,63.04142870221819,4.143792108716324
2025-12-02,62.45000076293945,62.90857151576451,4.141682426532918
2025-12-03,62.66999816894531,62.92428534371512,4.141932183685771
2025-12-04,63.2599983215332,62.90857097080776,4.141682417870239
2025-12-05,63.75,63.089999607631135,4.144562272163525
2025-12-08,62.4900016784668,62.99857112339565,4.143112045553303
2025-12-09,61.939998626708984,62.81857081821987,4.1402507434254066
2025-12-10,62.209999084472656,62.68142809186663,4.138065201080643
2025-12-11,61.279998779296875,62.51428495134626,4.135395089848217
2025-12-12,61.119998931884766,62.29285648890904,4.131846756119718
2025-12-15,60.560001373291016,61.907142639160156,4.125635563003917
2025-12-16,58.91999816894531,61.21714237758091,4.114427254505259
2025-12-17,59.68000030517578,60.815713609967915,4.107848203112678
2025-12-18,59.81999969482422,60.51285661969866,4.102855848571292
2025-12-19,60.470001220703125,60.26428549630301,4.09873964793921
2025-12-22,62.06999969482422,60.37714276994978,4.100610602356607
2025-12-23,62.380001068115234,60.55714307512556,4.1035874329028985
2025-12-24,62.2400016784668,60.7971431187221,4.107542799689229
2025-12-26,60.63999938964844,61.04285757882254,4.111576200736622
2025-12-29,61.939998626708984,61.36571448189871,4.116851283131674
2025-12-30,61.91999816894531,61.665714263916016,4.12172809192202
2025-12-31,60.849998474121094,61.719999585832866,4.12260802078454
2026-01-02,60.75,61.53142820085798,4.119548071938534
2026-01-05,61.7599983215332,61.44285637991769,4.11810757831732
2026-01-06,60.70000076293945,61.22285624912807,4.1145205879194275
2026-01-07,59.959999084472656,61.12571334838867,4.112932618048226
2026-01-08,61.9900016784668,61.13285664149693,4.113049473547467
2026-01-09,63.34000015258789,61.33571406773159,4.116362284509252
2026-01-12,63.869998931884766,61.76714270455496,4.123371551628934
2026-01-13,65.47000122070312,62.44142859322684,4.134228974841408
2026-01-14,66.5199966430664,63.12142835344587,4.1450603054553135
2026-01-15,63.7599983215332,63.558570861816406,4.1519618565481435
2026-01-16,64.12999725341797,64.15428488595145,4.161290883623669
2026-01-20,64.91999816894531,64.57285581316266,4.167794133833835
2026-01-21,65.23999786376953,64.84428405761719,4.171988765900433
2026-01-22,64.05999755859375,64.87142671857562,4.172407260486666
2026-01-23,65.87999725341797,64.92999758039203,4.173309729255525
2026-01-26,65.58999633789062,64.79714039393834,4.17126147266131
2026-01-27,67.56999969482422,65.34142630440849,4.179626234897157
2026-01-28,68.4000015258789,65.95142691476005,4.188918515241014
2026-01-29,70.70999908447266,66.77856990269252,4.201382219232182
2026-01-30,70.69000244140625,67.55714198521206,4.212973787687949
2026-02-02,66.30000305175781,67.87714276994977,4.217699347110491
2026-02-03,67.33000183105469,68.08428628104073,4.220746441758001
2026-02-04,69.45999908447266,68.63714381626674,4.228833843245567
2026-02-05,67.55000305175781,68.63428715297154,4.228792222592596
2026-02-06,68.05000305175781,68.58428737095424,4.228063461425915
2026-02-09,69.04000091552734,68.34571620396206,4.224578886794161
2026-02-10,68.80000305175781,68.07571629115513,4.22062056059268
2026-02-11,69.4000015258789,68.51857321602958,4.2271048503557225
2026-02-12,67.5199966430664,68.54571533203125,4.227500899781053
2026-02-13,67.75,68.30142974853516,4.223930699718335
2026-02-17,67.41999816894531,68.28285762241909,4.2236587485797665
2026-02-18,70.3499984741211,68.61142839704242,4.228459115565555
2026-02-19,71.66000366210938,68.98571450369698,4.233899446984006
2026-02-20,71.76000213623047,69.4085715157645,4.2400103687588535
2026-02-23,71.48999786376953,69.70714242117745,4.244302786277914
2026-02-24,70.7699966430664,70.17142813546317,4.250941221564758
2026-02-25,70.8499984741211,70.61428506033761,4.257232461996753
2026-02-26,70.75,71.08999960763114,4.263946674422066
2026-02-27,72.4800033569336,71.39428601946149,4.268217838404514
2026-03-02,77.73999786376953,72.26285661969867,4.280310257455385
2026-03-03,81.4000015258789,73.63999938964844,4.299188348076561
2026-03-04,81.4000015258789,75.0557141985212,4.318230693735658
2026-03-05,85.41000366210938,77.1471437726702,4.345714556382697
2026-03-06,92.69000244140625,80.26714433942523,4.385360375821422
2026-03-09,98.95999908447266,84.2971442086356,4.434347987905347
2026-03-10,87.80000305175781,86.4857155936105,4.45997926265499
2026-03-11,91.9800033569336,88.52000209263393,4.483228538823087
2026-03-12,100.45999908447266,91.24285888671875,4.513524730624538
2026-03-13,103.13999938964844,94.34857286725726,4.546996145756942
2026-03-16,100.20999908447266,96.46285792759487,4.569158042313003
2026-03-17,103.41999816894531,97.99571446010044,4.584923747715413
2026-03-18,107.37999725341797,99.19857134137835,4.597123612386499
2026-03-19,108.6500015258789,102.17714255196708,4.626707998664957
