,brent_usd,eurusd,brent_eur,benzina_eur_l,diesel_eur_l,eurobob_usd_tonne,eurobob_eur_l,gasoil_usd_tonne,gasoil_eur_l,margine_benz_crack,margine_dies_crack
2019-01-07,56.31250095367432,1.1414881229400635,49.33253340265472,0.48963,0.5538099999999999,493.13,0.3196846227888091,568.5,0.4183486366638913,0.1699453772111909,0.1354613633361086
2019-01-14,60.262000274658206,1.1492203712463378,52.43728860227532,0.4868,0.5514600000000001,496.098,0.3194448420731211,574.25,0.4197367294114933,0.16735515792687888,0.13172327058850675
2019-01-21,61.46000003814697,1.140920352935791,53.868790998424615,0.49421,0.55988,488.646,0.31693539261486914,568.0,0.41818870070315195,0.17727460738513084,0.1416912992968481
2019-01-28,61.05999984741211,1.13696231842041,53.70450617241494,0.49660000000000004,0.56349,516.606,0.33623668419470226,578.25,0.4272173247349377,0.16036331580529778,0.13627267526506237
2019-02-04,61.847999572753906,1.145156240463257,54.00835046555234,0.5006,0.56753,510.854,0.33011387148977367,582.5,0.42727794052107726,0.17048612851022638,0.14025205947892272
2019-02-11,61.981999206542966,1.1375039339065551,54.48948118682702,0.50786,0.5725,535.607,0.34843763453090587,615.5,0.454521505015272,0.1594223654690941,0.11797849498472801
2019-02-18,64.21249961853027,1.1294404029846192,56.853375750366816,0.51567,0.5809,536.045,0.3512122454197363,622.0,0.4626007699204958,0.16445775458026368,0.11829923007950416
2019-02-25,66.49600067138672,1.1337316751480102,58.65232676215523,0.52953,0.5955900000000001,551.87,0.3602120404254251,614.5,0.4552929157003679,0.16931795957457485,0.14029708429963217
2019-03-04,65.6739990234375,1.137804651260376,57.71992490159774,0.5357999999999999,0.60135,571.472,0.3716712526456579,610.25,0.45052549172845124,0.16412874735434202,0.1508245082715488
2019-03-11,66.09400024414063,1.1277843952178954,58.60517358140146,0.54104,0.60651,577.842,0.37915321564400983,606.75,0.4519214861999649,0.16188678435599013,0.15458851380003508
2019-03-18,67.2300018310547,1.1301177978515624,59.48937531898348,0.5454,0.60914,583.359,0.38198288781989487,597.25,0.44392717374573676,0.16341711218010513,0.16521282625426326
2019-03-25,67.64199981689453,1.1357969999313355,59.55465617622147,0.5526,0.6098,639.836,0.4168690708186622,605.25,0.44762400326003315,0.13573092918133778,0.16217599673996685
2019-04-01,68.2040008544922,1.125925588607788,60.57593995960846,0.5614,0.61023,663.394,0.4360071082557191,618.0,0.4610606644457687,0.12539289174428092,0.14916933555423134
2019-04-08,69.90399932861328,1.1220394611358642,62.3008385621732,0.5737300000000001,0.61142,682.539,0.4501435800561755,633.0,0.4738870765398292,0.12358641994382458,0.13753292346017076
2019-04-15,71.18000183105468,1.1273144960403445,63.141210443999555,0.58688,0.6166200000000001,681.167,0.4471366080809809,636.5,0.47427758791178126,0.13974339191901908,0.1423424120882188
2019-04-22,72.3375015258789,1.1273518562316895,64.1658601314374,0.59558,0.6224400000000001,684.079,0.44903324299486813,624.25,0.465134285362132,0.14654675700513187,0.15730571463786808
2019-04-29,73.52400054931641,1.1184787034988404,65.7357179169506,0.6042799999999999,0.62826,695.65,0.46025105206711137,643.5,0.48328144139810203,0.14402894793288856,0.144978558601898
2019-05-06,71.56399993896484,1.1192286968231202,63.940461982520645,0.60587,0.62774,689.063,0.4555875143724841,636.25,0.47751634810384336,0.1502824856275159,0.1502236518961566
2019-05-13,70.29800109863281,1.1209958076477051,62.71031579158709,0.60424,0.62713,715.85,0.47255216869328176,652.0,0.4885656094907709,0.13168783130671824,0.13856439050922909
2019-05-20,71.96199951171874,1.119663166999817,64.27111441429645,0.60289,0.62666,705.313,0.46615056686962114,604.0,0.45313627790355177,0.1367394331303789,0.17352372209644823
2019-05-27,69.90500068664551,1.1179559826850891,62.5292961166045,0.6086,0.6323,633.521,0.41934168004900346,577.5,0.43391690505997776,0.18925831995099657,0.1983830949400222
2019-06-03,66.43999938964843,1.1161412000656128,59.52651813743882,0.60103,0.62388,597.473,0.3961237341422475,560.0,0.42145205281585096,0.20490626585775246,0.20242794718414903
2019-06-10,61.970000457763675,1.126520538330078,55.01009377922771,0.5879500000000001,0.60999,595.216,0.3909913978602868,565.75,0.4218564898110667,0.19695860213971328,0.18813351018893332
2019-06-17,61.30400009155274,1.1288145065307618,54.30830285833336,0.57962,0.60126,599.043,0.39270563713996676,589.0,0.43830053311466466,0.18691436286003327,0.16295946688533536
2019-06-24,63.69399871826172,1.1268324613571168,56.52481704471926,0.57489,0.5962799999999999,627.885,0.41233716274059967,597.5,0.44540782876944235,0.16255283725940034,0.15087217123055757
2019-07-01,65.94000091552735,1.1376577615737915,57.96119284969191,0.57386,0.59477,639.108,0.4157137022875431,579.5,0.4278791183445252,0.15814629771245692,0.16689088165547483
2019-07-08,63.64000129699707,1.127632451057434,56.43683031409645,0.5752200000000001,0.59645,651.764,0.42771504096722257,607.75,0.4527273044698835,0.1475049590327775,0.14372269553011652
2019-07-15,66.1780014038086,1.1241517543792725,58.869277342675474,0.58041,0.59938,633.005,0.4166908054674979,577.75,0.43171217596682543,0.16371919453250205,0.1676678240331746
2019-07-22,63.13399963378906,1.1236701965332032,56.18552474611577,0.58302,0.60146,633.435,0.41715256081916474,586.0,0.43806447970114404,0.16586743918083524,0.16339552029885596
2019-07-29,63.51399993896485,1.1155620336532592,56.93452988084243,0.57653,0.5943099999999999,621.458,0.412239665860608,579.5,0.4363540397712224,0.16429033413939198,0.1579559602287775
2019-08-05,62.418000030517575,1.1111931800842283,56.17205104317351,0.5768,0.59472,590.148,0.3930095394996012,556.5,0.42068292748571995,0.18379046050039877,0.17403707251428008
2019-08-12,57.92999954223633,1.1210164070129394,51.67631729547708,0.56662,0.585,590.508,0.3898033224726533,561.5,0.4207431729360548,0.1768166775273467,0.16425682706394518
2019-08-19,59.47799987792969,1.1149220228195191,53.34722847030697,0.55996,0.5783400000000001,591.613,0.3926674790160361,558.5,0.4207827905431402,0.1672925209839639,0.15755720945685986
2019-08-26,59.657999420166014,1.1099760055541992,53.74710725425043,0.5573899999999999,0.57673,561.9,0.37460809776008847,562.25,0.4254956842640852,0.18278190223991148,0.15123431573591478
2019-09-02,60.37750053405762,1.106666898727417,54.557970969843915,0.55526,0.5752200000000001,568.402,0.38007595644514003,577.25,0.4381535225799079,0.17518404355485995,0.13706647742009215
2019-09-09,60.80800018310547,1.100699210166931,55.24488399867516,0.5545399999999999,0.57521,567.92,0.38181257524139006,574.0,0.4380488289138283,0.17272742475860986,0.1371611710861717
2019-09-16,62.5620002746582,1.105077052116394,56.61324715307613,0.5589,0.5819,592.632,0.39684805612433366,617.25,0.46918900270982117,0.1620519438756663,0.1127109972901788
2019-09-23,64.31999969482422,1.103592300415039,58.28239257435445,0.57462,0.59825,564.921,0.37880070370442326,602.25,0.45840298071103325,0.19581929629557676,0.1398470192889667
2019-09-30,62.183999633789064,1.0965789794921874,56.707269423116,0.57645,0.60036,565.969,0.38193059308318056,579.75,0.4440993390421538,0.19451940691681946,0.1562606609578462
2019-10-07,58.20199890136719,1.0952056407928468,53.14253025507914,0.5712,0.595,568.531,0.38414058906365317,595.75,0.4569278876592766,0.18705941093634687,0.13807211234072336
2019-10-14,59.10399932861328,1.0992215394973754,53.76896030952858,0.56592,0.58994,561.891,0.37826709635814293,589.25,0.45029139460488327,0.18765290364185705,0.13964860539511675
2019-10-21,59.28999938964843,1.1084316730499268,53.48999025488678,0.56212,0.58747,568.192,0.37933062562446396,597.75,0.45299138612523526,0.182789374375536,0.13447861387476479
2019-10-28,61.225999450683595,1.112032914161682,55.05772236682353,0.56003,0.58582,577.359,0.3842023509907382,578.0,0.4366057819125025,0.17582764900926184,0.14921421808749752
2019-11-04,61.25,1.1138425827026368,54.98981718887286,0.5604600000000001,0.58689,578.356,0.3842405081708561,576.5,0.4347652060715685,0.17621949182914398,0.15212479392843153
2019-11-11,62.33600006103516,1.1063055992126465,56.3460947005958,0.5615399999999999,0.58776,578.651,0.38705556611550146,587.25,0.4458894543705398,0.17448443388449847,0.14187054562946017
2019-11-18,62.48999938964844,1.1027327299118042,56.668309278029994,0.56161,0.58751,584.05,0.39193268529770287,581.75,0.44314455057399393,0.1696773147022972,0.14436544942600604
2019-11-25,62.864000701904295,1.1063929080963135,56.81887532166997,0.5638099999999999,0.5877100000000001,545.912,0.3651278646526115,572.0,0.43427610253460996,0.19868213534738843,0.1534338974653901
2019-12-02,62.91999816894531,1.1014529705047609,57.12454353826027,0.56732,0.5927,570.332,0.38317176611416265,587.25,0.44785389227643635,0.1841482338858374,0.14484610772356366
2019-12-09,63.16999969482422,1.108234167098999,57.00058847687667,0.5670299999999999,0.5925,571.556,0.38164446879232305,595.25,0.45117721041651826,0.18538553120767687,0.14132278958348177
2019-12-16,64.56399841308594,1.112082314491272,58.05685206190972,0.5650499999999999,0.5911000000000001,576.258,0.38345265853371036,613.5,0.46340094908868773,0.18159734146628959,0.12769905091131234
2019-12-23,66.26799926757812,1.1122013807296751,59.58273422039997,0.5683633333333333,0.5951533333333334,603.025,0.40122095488430254,626.0,0.47279207624703307,0.1671423784490308,0.12236125708630036
2019-12-30,67.93000030517578,1.1112579107284546,61.128923942279194,0.5716766666666666,0.5992066666666667,608.296,0.40507161807732256,625.5,0.4728155317747752,0.16660504858934405,0.12639113489189147
2020-01-06,67.44000053405762,1.119546937942505,60.23865391298229,0.57499,0.60326,585.215,0.386816385560281,593.25,0.44511755881877285,0.18817361443971903,0.15814244118122717
2020-01-13,65.6520004272461,1.1138745069503784,58.9402127596864,0.57796,0.6066699999999999,583.577,0.3876980551268135,568.75,0.4289082809768292,0.19026194487318654,0.17776171902317073
2020-01-20,64.48999977111816,1.1130961656570435,57.93749162099639,0.57251,0.60274,571.309,0.3798132390029806,536.0,0.4044933527681593,0.19269676099701938,0.19824664723184077
2020-01-27,61.96999893188477,1.107191276550293,55.97045446832497,0.57253,0.59762,515.819,0.3447516866184967,501.0,0.3800969253580312,0.22777831338150328,0.21752307464196885
2020-02-03,58.044000244140626,1.1035622119903563,52.596944343947726,0.55889,0.5866699999999999,517.961,0.3473217330527347,505.25,0.384581852648384,0.21156826694726527,0.2020881473516159
2020-02-10,54.38199996948242,1.1008960008621216,49.39794488025698,0.5459299999999999,0.57167,523.206,0.35168847892698474,514.5,0.3925711417441392,0.19424152107301518,0.1790988582558608
2020-02-17,55.86499977111816,1.0879312038421631,51.349754078037314,0.53975,0.56404,527.28,0.3586506192873279,508.5,0.39261673761309757,0.18109938071267206,0.17142326238690242
2020-02-24,58.19599990844726,1.081453227996826,53.81277562622252,0.5384,0.56245,451.064,0.3086470606022174,441.0,0.3425390857505371,0.22975293939778257,0.2199109142494629
2020-03-02,52.59600067138672,1.0933125972747804,48.107010568147565,0.5340199999999999,0.5565,431.816,0.2922712505064913,413.25,0.31750297295143703,0.24174874949350866,0.23899702704856296
2020-03-09,46.52200088500977,1.1214735984802249,41.4829211744748,0.5194,0.5417799999999999,313.546,0.20689211080352626,336.5,0.25204338326203063,0.3125078891964737,0.2897366167379693
2020-03-16,34.02600021362305,1.1263254880905151,30.209740055965607,0.49831,0.52115,269.893,0.1773206964698909,301.0,0.22448217915111313,0.32098930353010907,0.2966678208488869
2020-03-23,27.21799964904785,1.0898401260375976,24.974304945080423,0.48264,0.5043,191.199,0.1298238673909121,300.25,0.23141926414195835,0.35281613260908795,0.2728807358580416
2020-03-30,25.713999938964843,1.0928831577301026,23.528590185589767,0.46549,0.48736,195.46,0.13234754234882284,297.0,0.22827691893263793,0.33314245765117717,0.2590830810673621
2020-04-06,28.915999984741212,1.0933003425598145,26.448359027344967,0.44931,0.47114,182.033,0.12320897996300618,302.5,0.2324155496055725,0.3261010200369938,0.2387244503944275
2020-04-13,31.982500076293945,1.0884536981582642,29.383427269722592,0.43884,0.46229,182.264,0.12391465087418789,275.5,0.21261354561207146,0.3149253491258121,0.24967645438792851
2020-04-20,27.752000045776366,1.0907784223556518,25.442380851138378,0.42837000000000003,0.45344,162.798,0.1104445389924666,205.0,0.15786890946019613,0.31792546100753344,0.2955710905398039
2020-04-27,20.49200019836426,1.082633113861084,18.927926678024782,0.41226,0.43757,187.521,0.12817411385571698,220.0,0.1706949451609996,0.28408588614428304,0.2668750548390004
2020-05-04,24.382000350952147,1.088875675201416,22.39190470155563,0.39806,0.42125,242.456,0.164773117892281,242.25,0.18688083923112636,0.23328688210771903,0.23436916076887365
2020-05-11,30.14999923706055,1.0843623876571655,27.80435727045232,0.388,0.40948,237.659,0.16218531922706517,269.75,0.20896150823670875,0.22581468077293484,0.20051849176329126
2020-05-18,31.522000122070313,1.08216392993927,29.128673808079427,0.38369,0.40505,249.097,0.17033628168547857,287.75,0.22335802673959435,0.2133537183145214,0.18169197326040568
2020-05-25,35.39750099182129,1.093731451034546,32.36397834069713,0.39189999999999997,0.41241,315.842,0.21369329717905106,283.75,0.2179236957797528,0.17820670282094891,0.1944863042202472
2020-06-01,35.970000457763675,1.1019850492477417,32.641096612261855,0.39576,0.41608,352.766,0.23688782363989494,330.5,0.2519271928321662,0.15887217636010506,0.16415280716783381
2020-06-08,40.49000015258789,1.124174427986145,36.01754242455239,0.39538,0.41570999999999997,332.147,0.21863936225653874,328.5,0.24546012890038876,0.17674063774346127,0.1702498710996112
2020-06-15,39.98199996948242,1.1308664083480835,35.355192863042284,0.40092,0.42071,352.808,0.2308653949509123,364.5,0.27074816064901364,0.1700546050490877,0.14996183935098634
2020-06-22,41.689999389648435,1.124697995185852,37.06772801951987,0.40716,0.42607999999999996,353.848,0.2328158502289592,339.0,0.253187967986859,0.17434414977104082,0.17289203201314096
2020-06-29,41.344000244140624,1.1258169412612915,36.72355489500941,0.41847,0.43631,388.195,0.25516075435689206,364.0,0.27158944655553546,0.16330924564310795,0.1647205534444645
2020-07-06,42.35499954223633,1.1243917226791382,37.66925590782115,0.41981999999999997,0.43817,392.858,0.25855305952208596,364.5,0.2723072340575856,0.161266940477914,0.1658627659424144
2020-07-13,42.93600082397461,1.1305047273635864,37.97949693152037,0.42225999999999997,0.44024,382.773,0.25055359181076836,367.5,0.2730638736203335,0.1717064081892316,0.1671761263796665
2020-07-20,43.295999908447264,1.140169358253479,37.97330597865604,0.42291,0.44066000000000005,387.183,0.2512919838846456,374.75,0.2760905629688189,0.17161801611535443,0.16456943703118115
2020-07-27,43.73400039672852,1.1562017440795898,37.82557898798498,0.42206,0.43976,365.722,0.23407184895352504,365.0,0.2651786347581348,0.18798815104647495,0.17458136524186518
2020-08-03,43.47200012207031,1.178510022163391,36.88725535169294,0.4205,0.43862,381.54,0.23957335507568203,369.0,0.263010067093877,0.18092664492431795,0.17560993290612303
2020-08-10,44.816000366210936,1.1822159051895142,37.9084735448782,0.41722000000000004,0.43532,392.86,0.2459080432972156,374.5,0.2660935270952656,0.17131195670278443,0.16922647290473436
2020-08-17,45.01199951171875,1.178744626045227,38.18638788856009,0.41769,0.43551,393.346,0.24693732091622,360.0,0.25654411763010426,0.17075267908378,0.17896588236989575
2020-08-24,45.04199981689453,1.1867905378341674,37.95277968688046,0.41888,0.43633999999999995,410.806,0.2561500368504606,365.5,0.2586977147292528,0.16272996314953936,0.17764228527074716
2020-08-31,45.38399963378906,1.1842031955718997,38.32450360165706,0.41920999999999997,0.43603,393.882,0.2461340090027675,335.5,0.23798280654351525,0.17307599099723248,0.19804719345648472
2020-09-07,44.1850004196167,1.1876766443252564,37.202887360573726,0.4179,0.43312,375.367,0.23387811937466174,324.0,0.22915328115643774,0.18402188062533825,0.20396671884356227
2020-09-14,40.014000701904294,1.1813092470169066,33.87258738806065,0.41262,0.42708999999999997,395.086,0.24749119736283223,339.75,0.24158788286867236,0.16512880263716775,0.1855021171313276
2020-09-21,42.12799987792969,1.1842319250106812,35.57411262793791,0.40988,0.42146,388.33,0.24265871737701047,325.25,0.2307064977981705,0.16722128262298955,0.1907535022018295
2020-09-28,41.955999755859374,1.1688700914382937,35.894493377131894,0.41057,0.41944,371.247,0.2350327739688795,314.75,0.2261928010106481,0.17553722603112049,0.1932471989893519
2020-10-05,40.694000244140625,1.172247052192688,34.71452554990222,0.4095,0.41758999999999996,391.943,0.24742038758594806,347.0,0.24865065726101565,0.16207961241405192,0.1689393427389843
2020-10-12,42.51000061035156,1.177628207206726,36.09798096734037,0.40982,0.41620999999999997,385.925,0.24250820271823473,344.75,0.2459095308925155,0.1673117972817653,0.17030046910748448
2020-10-19,42.895999908447266,1.17449893951416,36.52280854863224,0.41024,0.41578,381.275,0.24022456769242434,335.0,0.23959153178665543,0.17001543230757565,0.17618846821334455
2020-10-26,41.91599960327149,1.1823232889175417,35.452232055453344,0.40908,0.41417000000000004,331.61,0.20755017033003248,305.0,0.21669200158829657,0.20152982966996752,0.19747799841170346
2020-11-02,38.880000305175784,1.1732609510421752,33.138408186720746,0.40593,0.4111,344.442,0.2172467086487374,322.75,0.23107391391418972,0.1886832913512626,0.1800260860858103
2020-11-09,40.74400024414062,1.1769648790359497,34.61785561308675,0.40138999999999997,0.40614,361.946,0.2275684217692098,344.75,0.24604812357459868,0.17382157823079017,0.16009187642540132
2020-11-16,43.507999420166016,1.1815011978149417,36.824337969888944,0.40722,0.41152999999999995,367.855,0.2303956191525052,359.5,0.25559009212896205,0.17682438084749483,0.1559399078710379
2020-11-23,44.662000274658205,1.1860739946365355,37.655323762784775,0.4136,0.41875999999999997,407.741,0.25439250954360787,391.5,0.27726769281437363,0.15920749045639215,0.14149230718562633
2020-11-30,48.0600004196167,1.19101402759552,40.35216992082174,0.42211000000000004,0.42789,411.879,0.2559083713021639,397.5,0.2803493428822953,0.16620162869783617,0.1475406571177047
2020-12-07,48.48399963378906,1.2078830480575562,40.139647387019856,0.4268,0.43489,418.577,0.25643788982560534,412.0,0.2865178053094997,0.17036211017439468,0.14837219469050028
2020-12-14,49.64200057983398,1.21161048412323,40.971914018849816,0.4294,0.43859,427.211,0.2609222552483679,433.5,0.30054213360782056,0.16847774475163213,0.13804786639217942
2020-12-21,51.30199966430664,1.2196325540542603,42.06348829716812,0.44175,0.45171,422.24,0.25618994750618884,423.5,0.2916780130355338,0.18556005249381113,0.1600319869644662
2020-12-28,50.85750102996826,1.2200955629348755,41.68321119669776,0.4478933333333333,0.45735666666666663,456.697,0.27699123762655536,420.75,0.28967403106510997,0.17090209570677795,0.16768263560155666
2021-01-04,51.329999923706055,1.2241451740264893,41.931301133892575,0.4540366666666667,0.4630033333333333,487.849,0.2949064111510259,443.75,0.3044981983419019,0.1591302555156408,0.15850513499143143
2021-01-11,54.78600006103515,1.2270126342773438,44.64990704297164,0.46018000000000003,0.46864999999999996,484.031,0.29191463070056645,452.0,0.3094344666007573,0.1682653692994336,0.15921553339924266
2021-01-18,56.03999996185303,1.2150291919708252,46.12234860872268,0.47322000000000003,0.48051,485.318,0.29557752387616987,449.25,0.31058513037690144,0.17764247612383016,0.16992486962309855
2021-01-25,55.874000549316406,1.2133507013320923,46.04934128935223,0.48157,0.48625,480.987,0.29334501526165296,450.25,0.31170707659770364,0.18822498473834703,0.17454292340229638
2021-02-01,55.895999908447266,1.2131640195846558,46.074561234996125,0.48471,0.48962,524.272,0.31979293297276007,487.5,0.33754710277362016,0.1649170670272399,0.15207289722637984
2021-02-08,58.93199996948242,1.203312873840332,48.97479388000142,0.49201,0.49789,533.561,0.32812342374423126,502.75,0.35095610558225976,0.16388657625576875,0.14693389441774024
2021-02-15,61.53250026702881,1.210968017578125,50.81265514351957,0.50146,0.50796,544.194,0.33254681721932405,523.0,0.36278414757692595,0.16891318278067596,0.14517585242307401
2021-02-22,63.95399856567383,1.2098187685012818,52.86246190815817,0.5163099999999999,0.5226900000000001,595.02,0.36395104082032054,532.0,0.3693776387298016,0.1523589591796794,0.15331236127019848
2021-03-01,65.82199935913086,1.2148058891296387,54.183141478092246,0.5310900000000001,0.53707,622.637,0.3792798373163226,547.5,0.3785790010694634,0.15181016268367747,0.15849099893053664
2021-03-08,66.22199935913086,1.201611828804016,55.11097491861636,0.5418,0.5475099999999999,628.606,0.3871203901704178,553.25,0.3867555136025528,0.15467960982958212,0.16075448639744716
2021-03-15,68.62999877929687,1.1922354459762574,57.56413216107617,0.55533,0.55971,599.762,0.3722619399531243,510.5,0.35967727804709104,0.1830680600468757,0.200032721952909
2021-03-22,65.76399993896484,1.192231392860413,55.16043306088698,0.56567,0.56701,597.384,0.37078721685007426,510.75,0.3598546411117955,0.19488278314992574,0.20715535888820452
2021-03-29,63.3400016784668,1.1830186367034912,53.54100071911392,0.56287,0.56317,631.693,0.3951356348050172,496.25,0.35236131288815714,0.1677343651949828,0.2108086871118428
2021-04-05,63.67250061035156,1.1754311561584472,54.169485194221416,0.56212,0.561075,611.433,0.38493145058255424,503.75,0.3599955622947259,0.17718854941744572,0.2010794377052741
2021-04-12,63.066000366210936,1.1876605033874512,53.1010336593107,0.56137,0.55898,628.944,0.39187845236288554,531.5,0.3759155067686469,0.1694915476371145,0.18306449323135315
2021-04-19,66.20200042724609,1.195922613143921,55.35642498908008,0.56213,0.55937,623.932,0.38606986348909894,525.0,0.3687529570501806,0.17606013651090108,0.19061704294981946
2021-04-26,65.81000061035157,1.2044007778167725,54.641280396419134,0.56423,0.56096,647.256,0.3976827720654847,533.75,0.3722598060860836,0.16654722793451532,0.1887001939139164
2021-05-03,67.41199798583985,1.209255051612854,55.74671604301221,0.5658099999999999,0.5619700000000001,660.922,0.4044492345495538,550.5,0.38240071801498243,0.16136076545044614,0.17956928198501765
2021-05-10,68.50599822998046,1.2064782857894898,56.78179129859085,0.57309,0.5688300000000001,654.318,0.40132949403490875,557.25,0.38798045975083034,0.17176050596509124,0.18084954024916972
2021-05-17,68.61800079345703,1.2118321180343627,56.6233554733291,0.5774,0.5732999999999999,647.627,0.3954706042759055,546.5,0.37881484833444795,0.1819293957240945,0.19448515166555197
2021-05-24,67.0760009765625,1.2192469358444211,55.01428710182262,0.57685,0.57221,652.436,0.39598429637686355,565.5,0.3896011431605629,0.18086570362313642,0.18260885683943712
2021-05-31,69.15250015258789,1.2207916021347045,56.645622423734096,0.5749,0.56948,675.116,0.4092310588690261,581.25,0.39994541176908055,0.16566894113097386,0.16953458823091944
2021-06-07,71.25799865722657,1.2192383050918578,58.444684980478826,0.58229,0.57732,674.648,0.40946836882916593,589.5,0.4061388146451755,0.17282163117083404,0.17118118535482457
2021-06-14,72.50200042724609,1.216625094413757,59.59272150487894,0.5875499999999999,0.58326,677.355,0.41199437879548984,593.5,0.40977290562975477,0.17555562120451007,0.17348709437024523
2021-06-21,73.9740005493164,1.2006399393081666,61.61214376388457,0.59494,0.59092,683.708,0.4213952105337552,606.0,0.4239739020287125,0.1735447894662448,0.1669460979712875
2021-06-28,75.28399963378907,1.193099021911621,63.09954014811499,0.60325,0.6004400000000001,728.03,0.4515486058624121,611.25,0.43034986247607016,0.15170139413758787,0.17009013752392993
2021-07-05,75.4749984741211,1.187800931930542,63.54179092236525,0.61122,0.60763,724.719,0.4514999488410573,610.0,0.4313854167189381,0.15972005115894267,0.1762445832810619
2021-07-12,74.55800170898438,1.1840537786483765,62.96842512853933,0.62373,0.6185900000000001,718.408,0.4489846066002662,597.0,0.4235280601633234,0.17474539339973383,0.1950619398366767
2021-07-19,73.38600006103516,1.1819948434829712,62.0865653227297,0.62837,0.62263,717.411,0.4491425177758385,599.0,0.42568713626308546,0.17922748222416146,0.19694286373691455
2021-07-26,72.79400024414062,1.1783371925354005,61.77688415954306,0.627,0.6207699999999999,744.172,0.4673426956973998,613.25,0.4371668850506253,0.15965730430260022,0.18360311494937465
2021-08-02,74.89800109863282,1.1847378015518188,63.21905235110106,0.62859,0.6204400000000001,716.823,0.44773537174655503,580.25,0.41140748557323825,0.18085462825344495,0.20903251442676185
2021-08-09,70.76399993896484,1.183334183692932,59.80052035522677,0.63013,0.62029,713.484,0.44617840613062776,582.5,0.4134926606049693,0.1839515938693722,0.2067973393950307
2021-08-16,70.69599914550781,1.174692726135254,60.18254610130946,0.6291100000000001,0.61846,685.863,0.432060749767137,546.25,0.3906127873198118,0.19704925023286307,0.2278472126801882
2021-08-23,67.52799987792969,1.1713426113128662,57.65008395130682,0.62602,0.6149199999999999,701.738,0.4433255607579859,598.5,0.42919978761510097,0.18269443924201412,0.18572021238489894
2021-08-30,72.09600067138672,1.1765488147735597,61.27752607125139,0.62425,0.6120800000000001,713.612,0.448832104005505,613.25,0.437831387471282,0.17541789599449498,0.1742486125287181
2021-09-06,72.55499839782715,1.1842103481292725,61.268674532733264,0.6283099999999999,0.6154700000000001,714.832,0.44669064143514403,605.5,0.4295013979598135,0.1816193585648559,0.18596860204018656
2021-09-13,72.43399963378906,1.1835124254226683,61.202567947624765,0.63397,0.6203500000000001,718.367,0.4491643421573308,631.5,0.4482082220730015,0.18480565784266922,0.17214177792699858
2021-09-20,74.797998046875,1.1786867141723634,63.45876062529116,0.641,0.62575,717.383,0.4503855126362017,655.25,0.46696886745387683,0.19061448736379832,0.1587811325461232
2021-09-27,77.08399963378906,1.172082781791687,65.76668545199149,0.64567,0.6313500000000001,743.32,0.4692985926805987,673.25,0.48250004930156115,0.17637140731940126,0.14884995069843893
2021-10-04,79.35799865722656,1.1633293628692627,68.21627751361501,0.6543,0.6422100000000001,776.384,0.4938619950097195,716.75,0.517540448317268,0.1604380049902805,0.12466955168273208
2021-10-11,82.3259994506836,1.1579136848449707,71.09856332832439,0.67576,0.66713,799.788,0.511128875792879,746.75,0.5417243169416234,0.164631124207121,0.12540568305837663
2021-10-18,83.95800018310547,1.157517957687378,72.5327841572725,0.69278,0.68849,798.497,0.5104782833611872,732.25,0.5313870043354638,0.18230171663881278,0.15710299566453623
2021-10-25,85.40599975585937,1.1633253335952758,73.41540434945291,0.70262,0.70055,793.63,0.5048340159368682,718.5,0.5188058598661732,0.19778598406313186,0.18174414013382678
2021-11-01,84.87799987792968,1.1610070943832398,73.10721897269654,0.70541,0.7048,792.105,0.5048700415662694,720.75,0.5214696817349094,0.20053995843373063,0.1833303182650906
2021-11-08,82.68399963378906,1.1583793878555295,71.37903220710727,0.70665,0.7054199999999999,802.385,0.5125824114491694,698.5,0.5065179906957883,0.19406758855083062,0.19890200930421165
2021-11-15,82.9020004272461,1.1513092994689942,72.00671484672458,0.7056699999999999,0.7046699999999999,784.031,0.5039331657162774,657.5,0.47971470416744766,0.20173683428372247,0.22495529583255225
2021-11-22,80.50799865722657,1.1330599069595335,71.05361169583935,0.7034600000000001,0.70335,775.874,0.5067223334560237,604.25,0.4479639574945506,0.1967376665439764,0.25538604250544944
2021-11-29,77.68000030517578,1.1238572120666503,69.11910113770661,0.70009,0.70021,638.797,0.42061373537901536,619.0,0.462656638599,0.2794762646209846,0.23755336140099997
2021-12-06,70.41399993896485,1.131084966659546,62.25350173906016,0.69201,0.69223,686.718,0.44927775983159923,653.25,0.48513596783146573,0.24273224016840078,0.20709403216853428
2021-12-13,75.04400024414062,1.1302782535552978,66.3942706214945,0.6858200000000001,0.6861799999999999,682.528,0.4468552043811307,641.5,0.476749860757749,0.2389647956188694,0.2094301392422509
2021-12-20,73.52799682617187,1.1283020973205566,65.16694154941571,0.68345,0.68353,687.515,0.45090858308974513,653.0,0.48614639758501,0.23254141691025487,0.19738360241498998
2021-12-27,76.18000030517578,1.1309112787246705,67.36160628894251,0.683695,0.68385,730.418,0.4779414001507994,667.0,0.4954234788707989,0.20575359984920066,0.18842652112920105
2022-01-03,78.85000152587891,1.1340689420700074,69.52840219921251,0.6839400000000001,0.68417,751.42,0.49031481188881215,712.5,0.527745693227047,0.19362518811118795,0.15642430677295294
2022-01-10,81.08200073242188,1.1310041666030883,71.69027588638104,0.6924199999999999,0.69244,782.81,0.5121814906657993,749.25,0.5564700985057197,0.1802385093342006,0.13596990149428034
2022-01-17,84.72999954223633,1.1401272773742677,74.31626382746578,0.70956,0.7106699999999999,787.067,0.5108461060078705,769.25,0.5667525133581053,0.19871389399212946,0.14391748664189463
2022-01-24,87.6979995727539,1.1347768783569336,77.28215232912888,0.7295,0.7327100000000001,789.943,0.5151301821080396,802.0,0.5936673656723027,0.2143698178919604,0.13904263432769737
2022-01-31,89.747998046875,1.1234322786331177,79.88732365432082,0.7443200000000001,0.7492300000000001,874.853,0.5762619005283364,851.5,0.6366738908999999,0.16805809947166372,0.11255610910000013
2022-02-07,91.14000091552734,1.133889102935791,80.37823159209631,0.76285,0.7683300000000001,894.996,0.5840933106114382,827.25,0.6128377089089546,0.17875668938856182,0.15549229109104545
2022-02-14,92.93200225830078,1.1413264751434329,81.4245566735161,0.77591,0.78276,878.915,0.5698606964481947,811.5,0.5972524206225343,0.20604930355180529,0.18550757937746576
2022-02-21,93.64999961853027,1.1344417810440064,82.5516136512055,0.7879400000000001,0.79437,886.423,0.5782165563369309,836.5,0.6193883297857335,0.20972344366306916,0.17498167021426647
2022-02-28,98.33599853515624,1.1263246059417724,87.30697883753764,0.80345,0.80921,1120.732,0.7363256343907614,1184.25,0.8832000959157119,0.06712436560923862,-0.07399009591571193
2022-03-07,113.93600006103516,1.1080479383468629,102.825876135847,0.87253,0.88205,1080.942,0.7218975391925692,1012.0,0.7671870237566304,0.15063246080743087,0.11486297624336961
2022-03-14,113.60400085449218,1.0956677198410034,103.68472010015746,1.06224,1.14869,1043.793,0.7049644760111093,1064.75,0.8162967511078891,0.35727552398889073,0.33239324889211086
2022-03-21,105.6240005493164,1.1015433073043823,95.88728817915646,1.0234,1.12404,1069.437,0.7184314722374524,1195.75,0.9118388658344889,0.3049685277625477,0.212201134165511
2022-03-28,117.8480010986328,1.1008946418762209,107.0474835791626,1.05475,1.15545,1040.896,0.6996700780442207,1091.0,0.8324502319660121,0.3550799219557794,0.322999768033988
2022-04-04,108.70200042724608,1.107336688041687,98.16526590434243,0.9910399999999999,1.09831,1028.936,0.6876071643093031,1015.5,0.7703348125388644,0.3034328356906968,0.3279751874611355
2022-04-11,101.91000061035156,1.0906063318252563,93.44343383720626,0.96862,1.07568,1065.338,0.7228548899772153,1119.75,0.8624468541511339,0.24576511002278478,0.2132331458488661
2022-04-18,109.56999969482422,1.084738302230835,101.01053818186963,0.968995,1.07849,1047.797,0.7147989320607574,1118.75,0.8663379896029695,0.25419606793924265,0.21215201039703047
2022-04-25,106.27000122070312,1.0814470291137694,98.26648773337506,0.96937,1.0813,1111.849,0.7608031071796894,1227.25,0.9532505728410938,0.2085668928203106,0.1280494271589061
2022-05-02,106.96399841308592,1.0590617418289183,100.99883150189837,0.97921,1.10073,1208.273,0.8442586344927536,1139.0,0.9034034204160267,0.1349513655072464,0.19732657958397326
2022-05-09,108.86800079345704,1.054640007019043,103.22764172504152,1.00379,1.13309,1238.673,0.8691288154247397,1107.0,0.8817037034545284,0.13466118457526022,0.2513862965454715
2022-05-16,108.64199981689453,1.047829270362854,103.68292134010798,1.01598,1.13093,1216.648,0.8592234875135978,1068.0,0.8561700129729485,0.15675651248640232,0.2747599870270515
2022-05-23,111.81000061035157,1.0521672248840332,106.26637854327284,1.05694,1.1243599999999998,1240.859,0.8727088606102562,1168.75,0.9330741129179398,0.18423113938974378,0.19128588708205996
2022-05-30,116.10499954223631,1.07139196395874,108.36836885842798,1.06706,1.11849,1483.666,1.0247536633962295,1318.5,1.0337393197422304,0.04230633660377037,0.08475068025776955
2022-06-06,119.19400024414062,1.0727785348892211,111.10774159593808,1.1122100000000001,1.15024,1444.018,0.9960800717459775,1389.5,1.087997160681936,0.11612992825402269,0.06224283931806385
2022-06-13,122.3,1.0643376111984253,114.90714855250896,1.17263,1.21889,1349.358,0.93816558721032,1294.0,1.0212548993510642,0.2344644127896801,0.19763510064893586
2022-06-20,118.15250015258788,1.0470043420791626,112.84814723686652,1.21298,1.2769000000000001,1361.487,0.962269533667153,1302.0,1.0445801951767915,0.250710466332847,0.2323198048232087
2022-06-27,112.93000030517578,1.0540757417678832,107.13651384839854,1.2215799999999999,1.29967,1255.856,0.8816571743139947,1226.5,0.9774060432052635,0.3399228256860052,0.32226395679473663
2022-07-04,115.17000007629396,1.0492530822753907,109.76379485732691,1.21426,1.29041,1184.343,0.8352740009106528,1133.5,0.9074455115587621,0.37898599908934705,0.382964488441238
2022-07-11,104.4459991455078,1.024264430999756,101.97171353842776,1.18426,1.25689,1107.083,0.7998339053913658,1112.5,0.9123620538964343,0.3844260946086343,0.34452794610356574
2022-07-18,101.11799926757811,1.0047065019607544,100.6443165941888,1.15169,1.22349,1095.032,0.8065277555371614,1067.5,0.8924994495905298,0.3451622444628387,0.3309905504094701
2022-07-25,105.2959991455078,1.0196120500564576,103.27064998856908,1.1097000000000001,1.18544,1029.869,0.7474441479558828,1106.5,0.9115820080279889,0.36225585204411737,0.2738579919720111
2022-08-01,105.64000091552734,1.0192874908447265,103.64102558344852,1.06025,1.15035,927.783,0.6735679836814432,990.0,0.8158640299910067,0.3866820163185567,0.33448597000899327
2022-08-08,96.6020004272461,1.0198670625686646,94.72018851549308,1.02209,1.11726,956.387,0.6939398339010001,1045.25,0.860906320269448,0.32815016609899983,0.2563536797305519
2022-08-15,97.31199951171877,1.0255938053131104,94.88356794628815,0.9726,1.07238,947.353,0.6835466598649885,1087.25,0.8904987484018347,0.2890533401350115,0.18188125159816537
2022-08-22,95.15599975585936,1.0127591848373414,93.95718269505728,0.9554600000000001,1.06244,934.404,0.6827476564540412,1194.0,0.990324269595328,0.27271234354595886,0.07211573040467201
2022-08-29,101.3719985961914,0.995708692073822,101.80889190096138,0.9654400000000001,1.1151300000000002,817.805,0.6077838878151844,1091.25,0.9206005805682365,0.35765611218481563,0.19452941943176372
2022-09-05,95.29499816894533,0.9987977981567384,95.40969988601331,0.9532200000000001,1.1394900000000001,819.481,0.6071458518622374,1085.0,0.9124970055820814,0.3460741481377627,0.22699299441791876
2022-09-12,91.36399993896484,0.998586094379425,91.49336291904136,0.93326,1.13079,817.802,0.6060303497177049,953.0,0.8016534623361504,0.3272296502822951,0.32913653766384954
2022-09-19,92.29199829101564,1.002125573158264,92.0962409931835,0.90807,1.1105399999999999,816.328,0.6028014214787414,963.0,0.807204228358963,0.30526857852125866,0.30333577164103687
2022-09-26,88.2240005493164,0.9872512340545654,89.36327198800976,0.8790800000000001,1.07664,781.057,0.5854458926592285,993.25,0.8451040335229265,0.29363410734077156,0.23153596647707353
2022-10-03,88.17999877929688,0.971006405353546,90.81299391345446,0.85997,1.05746,912.328,0.6952814278853144,1257.75,1.0880566741630524,0.16468857211468557,-0.03059667416305234
2022-10-10,94.74000091552736,0.9850290060043336,96.17990976715517,0.8820800000000001,1.09898,927.395,0.6967026309040292,1085.75,0.9258915163316392,0.1853773690959709,0.17308848366836083
2022-10-17,92.91199951171876,0.9721784830093384,95.57092770055296,0.91307,1.17577,911.001,0.6934331007956739,1050.5,0.9076728352066641,0.21963689920432616,0.2680971647933359
2022-10-24,92.31600036621094,0.9823148608207702,93.97801463481534,0.90786,1.17365,927.081,0.6983910835134687,1133.5,0.9692818850408536,0.20946891648653132,0.20436811495914653
2022-10-31,95.35399932861328,0.997299575805664,95.61219280734376,0.8967999999999999,1.16173,938.419,0.6963103934331946,1115.0,0.9391360657537348,0.20048960656680537,0.22259393424626517
2022-11-07,96.39400024414064,0.9851413369178772,97.84788906099487,0.90499,1.15601,907.763,0.6818763915659318,987.75,0.84222432752222,0.22311360843406813,0.31378567247778
2022-11-14,94.16199951171876,1.012795948982239,92.9723303162324,0.92318,1.15101,864.306,0.6315057249614021,946.0,0.7846002946581052,0.2916742750385979,0.3664097053418949
2022-11-21,90.31399993896484,1.0352956056594849,87.2349881958928,0.91267,1.1161400000000001,850.386,0.6078318468271137,916.25,0.7434108633251,0.3048381531728863,0.37272913667490015
2022-11-28,85.14750099182129,1.0349728345870972,82.27027622980164,0.88209,1.0653299999999999,734.394,0.5250877528749923,912.25,0.7403962446084024,0.3570022471250077,0.3249337553915975
2022-12-05,84.71799926757812,1.0433600425720215,81.19728167731722,0.90639,1.07906,668.466,0.47410751784262817,820.75,0.6607786112840426,0.43228248215737186,0.4182813887159573
2022-12-12,77.35199890136718,1.0512214422225952,73.58297290609106,0.81635,0.98349,683.89,0.4814195940771519,886.0,0.707976426381158,0.3349304059228481,0.275513573618842
2022-12-19,80.68600006103516,1.0614067316055298,76.01798411339075,0.7846799999999999,0.94009,705.848,0.49210873122116405,907.5,0.7181978192722708,0.2925712687788359,0.2218921807277292
2022-12-26,81.77249908447266,1.0624558448791503,76.96555059544514,0.75375,0.9176599999999999,793.168,0.5524411417462364,921.0,0.728162025489161,0.20130885825376366,0.18949797451083894
2023-01-02,83.94000244140625,1.0655425310134887,78.77677333214177,0.7692100000000001,0.93247,727.101,0.5049584829694506,880.25,0.6939281900805138,0.2642515170305495,0.23854180991948626
2023-01-09,79.36999969482422,1.0601895093917846,74.86397383837314,0.75685,0.91385,799.782,0.5582385741012749,932.75,0.7390282520806004,0.19861142589872516,0.17482174791939964
2023-01-16,83.01999855041504,1.0784597873687745,76.98015217884682,0.75814,0.9102100000000001,819.188,0.5620971009767589,983.5,0.7660369071484954,0.19604289902324112,0.1441730928515047
2023-01-23,86.5760009765625,1.0824050426483154,79.98484630553587,0.7711699999999999,0.91957,814.481,0.5568303142096767,938.0,0.727934524466183,0.21433968579032325,0.191635475533817
2023-01-30,86.25600128173828,1.089007306098938,79.20608135378458,0.8054600000000001,0.95008,770.961,0.523881829630414,819.0,0.6317312989059943,0.2815781703695861,0.3183487010940057
2023-02-06,82.08599853515625,1.0884096145629882,75.41829605034768,0.80633,0.93755,807.028,0.548691147165017,814.0,0.6282193678292148,0.257638852834983,0.30933063217078516
2023-02-13,85.25599975585938,1.0719263315200809,79.53531623293485,0.79598,0.90159,800.696,0.552757239538807,791.25,0.6200519386975697,0.24322276046119307,0.2815380613024303
2023-02-20,84.77499961853027,1.0701619386672974,79.21698254761607,0.7962,0.8879900000000001,803.556,0.5556462237299442,808.25,0.6344180029851281,0.2405537762700558,0.253571997014872
2023-02-27,82.29400024414062,1.0618647813796998,77.49951000090103,0.79328,0.8757999999999999,837.215,0.5834444374311217,856.0,0.6771483644704164,0.20983556256887825,0.19865163552958354
2023-03-06,84.99199981689453,1.0616678237915038,80.05517160100514,0.79032,0.8654400000000001,811.013,0.5652894498174607,803.5,0.6357355708394797,0.22503055018253937,0.22970442916052036
2023-03-13,82.21799926757812,1.061138963699341,77.48089748862851,0.79613,0.8683200000000001,772.378,0.5386285298651454,775.5,0.6138875512864221,0.2575014701348546,0.25443244871357795
2023-03-20,74.51999969482422,1.0665802240371705,69.86816182729747,0.79237,0.85949,782.328,0.5427840371994601,765.25,0.6026832164268573,0.2495859628005399,0.2568067835731427
2023-03-27,76.20600128173828,1.0795403957366942,70.59115303391143,0.7887000000000001,0.85856,791.7,0.5426920588740006,762.75,0.5935025706590349,0.24600794112599944,0.2650574293409651
2023-04-03,80.17999877929688,1.0839642524719235,73.96922785640817,0.79467,0.83069,895.5,0.6113393485890478,780.25,0.6046417107440323,0.18333065141095217,0.22604828925596776
2023-04-10,84.8075008392334,1.0921883821487426,77.64915121362613,0.80871,0.83114,904.002,0.6124964254645364,772.0,0.5937437264478107,0.19621357453546362,0.23739627355218929
2023-04-17,86.01999969482422,1.096558666229248,78.44541504616659,0.81726,0.83054,866.397,0.5846780475546064,724.0,0.5546078096225243,0.2325819524453936,0.27593219037747563
2023-04-24,82.6760009765625,1.0963228940963743,75.412090198761,0.8109,0.81343,811.535,0.5477728352056185,695.0,0.5325073508395419,0.2631271647943815,0.28092264916045806
2023-05-01,79.13600006103516,1.1025627374649047,71.77460054834667,0.7941699999999999,0.78492,767.601,0.5151858671607615,670.75,0.5110185396755568,0.2789841328392384,0.2739014603244432
2023-05-08,74.49200134277343,1.1018136739730835,67.60852864909464,0.7755,0.7595299999999999,783.972,0.5265312036907724,669.0,0.5100317896524201,0.24896879630922752,0.2494982103475798
2023-05-15,75.64600219726563,1.0941943168640136,69.13397468017274,0.75652,0.73845,807.251,0.5459411832004978,689.25,0.5291290505504922,0.2105788167995022,0.20932094944950785
2023-05-22,75.86000061035156,1.083517169952393,70.01273511308057,0.75319,0.73533,814.891,0.556538794882683,692.5,0.5368627430477714,0.19665120511731704,0.19846725695222867
2023-05-29,77.10249900817871,1.0757112741470336,71.67583055157229,0.76215,0.74514,808.574,0.5562317458041396,695.25,0.5429059023882411,0.2059182541958604,0.20223409761175892
2023-06-05,74.66399993896485,1.0719066619873048,69.65531849623781,0.76523,0.7444400000000001,827.526,0.5712897043336527,708.0,0.5548244274341898,0.1939402956663473,0.1896155725658103
2023-06-12,75.16599884033204,1.0730191707611083,70.05093747487818,0.77278,0.75017,839.749,0.5791268944050848,736.0,0.5761686434376314,0.19365310559491522,0.1740013565623686
2023-06-19,74.9424991607666,1.085668969154358,69.02886726065341,0.78059,0.75748,818.454,0.5578643004522394,701.25,0.5425686988721975,0.22272569954776056,0.21491130112780255
2023-06-26,75.03800048828126,1.0940576791763306,68.5868779283869,0.78999,0.76811,822.136,0.5560772997434869,709.25,0.5445508142208095,0.23391270025651312,0.22355918577919043
2023-07-03,74.03600006103515,1.0911815166473389,67.84938979585282,0.78512,0.76376,826.628,0.560589334283691,744.0,0.5727369740647669,0.22453066571630909,0.19102302593523313
2023-07-10,77.33250045776367,1.0902997970581054,70.92773993577326,0.78377,0.76274,847.292,0.5750675930526523,756.0,0.5824453069820729,0.20870240694734765,0.1802946930179271
2023-07-17,79.8480010986328,1.112315583229065,71.78538384478364,0.7958500000000001,0.7787200000000001,871.912,0.5800645875399261,795.0,0.6003691848507317,0.215785412460074,0.17835081514926843
2023-07-24,80.50799865722657,1.1186829090118409,71.96677271876906,0.7995,0.7838999999999999,879.465,0.5817592230624768,874.0,0.6562717585884108,0.21774077693752314,0.12762824141158913
2023-07-31,84.2699981689453,1.1039003133773804,76.33841312275875,0.8272999999999999,0.81383,930.691,0.6238890701035217,903.5,0.6875077312715175,0.20341092989647824,0.1263222687284825
2023-08-07,84.96599884033203,1.0980776309967042,77.37704187927953,0.85294,0.85507,974.875,0.6569731316220258,917.0,0.7014804584452116,0.19596686837797428,0.15358954155478843
2023-08-14,86.62799987792968,1.0973154783248902,78.94539135652391,0.86099,0.8807200000000001,971.969,0.655469711498086,916.5,0.7015849272218704,0.20552028850191406,0.17913507277812968
2023-08-21,84.34400024414063,1.0887836933135986,77.4662596088747,0.86681,0.8951699999999999,979.222,0.6655355737324483,942.75,0.7273345521826334,0.20127442626755165,0.16783544781736648
2023-08-28,83.9,1.084147047996521,77.38802605702362,0.86809,0.8968200000000001,941.009,0.6422990878283833,916.5,0.7101066238410035,0.22579091217161673,0.18671337615899652
2023-09-04,86.69000053405762,1.0849456310272216,79.90262189634325,0.87362,0.90359,967.754,0.6600680619562141,988.75,0.7655222310205895,0.2135519380437858,0.13806776897941053
2023-09-11,90.36999969482422,1.073215413093567,84.20490294146141,0.88602,0.92088,976.676,0.6734344579684012,987.75,0.7731066753955226,0.21258554203159885,0.14777332460447745
2023-09-18,93.19999847412107,1.070865797996521,87.0323794526715,0.90872,0.9596699999999999,971.66,0.6714458537617203,982.5,0.7706848062045223,0.2372741462382797,0.18898519379547762
2023-09-25,93.5459991455078,1.0667558431625366,87.69204288413225,0.91249,0.9713200000000001,834.15,0.578643186214026,1001.5,0.788615319421148,0.33384681378597403,0.18270468057885203
2023-10-02,94.38199920654296,1.0558825731277466,89.38683297609848,0.90404,0.9662999999999999,781.86,0.5479552506356221,868.25,0.6907302180767799,0.35608474936437784,0.27556978192322
2023-10-09,86.70599975585938,1.0514845609664918,82.46055431965823,0.88036,0.9577100000000001,800.53,0.563386493716552,927.5,0.7409523914301466,0.316973506283448,0.2167576085698535
2023-10-16,88.00200042724609,1.0573248863220217,83.23080404677431,0.84429,0.93776,820.054,0.5739389735835454,933.25,0.7414277391379248,0.2703510264164546,0.19633226086207523
2023-10-23,91.15400085449218,1.0568469762802124,86.2508980962667,0.82527,0.92662,811.904,0.5684919136682106,878.75,0.6984454860230275,0.25677808633178933,0.22817451397697253
2023-10-30,88.81199951171875,1.0591873407363892,83.84918899235815,0.80672,0.9115700000000001,777.624,0.5432861004550243,886.5,0.7030484328506821,0.26343389954497565,0.20852156714931802
2023-11-06,85.79199981689453,1.062648558616638,80.734123357377,0.79144,0.89712,785.009,0.5466592461728151,812.75,0.6424607594525472,0.2447807538271849,0.2546592405474528
2023-11-13,81.02200012207031,1.0697163820266724,75.74157176930109,0.7756799999999999,0.87791,777.08,0.5375623012433793,805.25,0.6323264851927212,0.2381176987566206,0.2455835148072788
2023-11-20,80.8,1.0839101314544677,74.54492550187423,0.75986,0.85517,779.158,0.5319416280631201,833.75,0.6461329031588814,0.22791837193687992,0.2090370968411186
2023-11-27,81.26800079345703,1.092035984992981,74.41879380374024,0.75137,0.84605,730.498,0.49500980501432323,806.5,0.6203641723439675,0.25636019498567675,0.2256858276560325
2023-12-04,80.90399932861328,1.094365382194519,73.92777644919413,0.7446,0.83621,711.152,0.48087456763728365,774.0,0.5940977397295235,0.2637254323627164,0.2421122602704765
2023-12-11,75.48399963378907,1.0791205167770386,69.94955471631081,0.73068,0.8200599999999999,722.498,0.4954483875413759,763.75,0.594511910417651,0.23523161245862412,0.22554808958234895
2023-12-18,75.72200012207031,1.0868049383163452,69.67395661578168,0.7190700000000001,0.80234,723.051,0.49232177839465835,790.5,0.6109836057873325,0.22674822160534175,0.1913563942126676
2023-12-25,79.34749984741211,1.09766685962677,72.2874150308154,0.7190700000000001,0.80234,721.656,0.4865095773972623,750.75,0.5745185749840598,0.2325604226027378,0.22782142501594027
2024-01-01,79.03750038146973,1.1059186697006225,71.46773315877338,0.7241000000000001,0.8011699999999999,723.833,0.48433617649749894,765.75,0.5816250485889034,0.23976382350250114,0.21954495141109653
2024-01-08,77.3220001220703,1.09595787525177,70.55198184903543,0.72542,0.80108,729.629,0.4926516540391346,785.25,0.6018570739760142,0.23276834596086537,0.19922292602398584
2024-01-15,77.52250099182129,1.095732569694519,70.7494722123975,0.7215499999999999,0.79614,738.987,0.4990728532897924,796.25,0.6104135429564439,0.22247714671020752,0.18572645704355606
2024-01-22,78.77799835205079,1.0896342754364017,72.29765080627625,0.72881,0.80403,751.335,0.510251845535352,835.5,0.6440876685151254,0.218558154464648,0.15994233148487458
2024-01-29,81.59400177001953,1.0862080574035644,75.11820706344153,0.75673,0.83087,757.228,0.5158760480376465,813.5,0.6291059943280417,0.24085395196235349,0.2017640056719583
2024-02-05,79.71999969482422,1.0827296495437622,73.62872137880073,0.76891,0.84621,807.837,0.5521224806690194,918.25,0.7123939021389328,0.21678751933098062,0.13381609786106718
2024-02-12,80.7239990234375,1.0770046949386596,74.95231859507828,0.7797799999999999,0.85923,812.818,0.5584797567054778,847.75,0.6611948892577092,0.22130024329452214,0.19803511074229085
2024-02-19,82.67499923706055,1.075443172454834,76.87528393373357,0.7994,0.8847,805.86,0.554502939136047,833.25,0.6508293677687516,0.24489706086395302,0.2338706322312485
2024-02-26,82.63799896240235,1.0810935020446777,76.43927079952722,0.79535,0.87962,852.634,0.5836212675468704,852.0,0.6619963940643716,0.21172873245312962,0.21762360593562835
2024-03-04,83.46000213623047,1.083644437789917,77.0178844884272,0.78961,0.8684400000000001,829.399,0.5663806674925109,827.0,0.6410589818712064,0.2232293325074891,0.22738101812879374
2024-03-11,82.45,1.0900760889053345,75.63692189854117,0.79023,0.8585900000000001,856.281,0.5812878077495633,838.5,0.6461383816860944,0.20894219225043664,0.2124516183139057
2024-03-18,84.71999816894531,1.0916080951690674,77.61026923845223,0.78913,0.8497899999999999,857.385,0.581220405755359,823.75,0.6338813380573467,0.20790959424464095,0.21590866194265323
2024-03-25,86.25799865722657,1.0868871450424191,79.3624241952554,0.8102699999999999,0.8586,916.851,0.624232003382026,817.0,0.6314179012331734,0.18603799661797393,0.2271820987668266
2024-04-01,86.80999946594238,1.0814233779907227,80.27383283246084,0.81849,0.8523099999999999,936.631,0.6409209881219582,870.5,0.676164409686243,0.17756901187804186,0.17614559031375687
2024-04-08,90.09399871826172,1.0802330255508423,83.40237392049754,0.82962,0.857,933.405,0.6394173142852967,839.5,0.6528035926696539,0.19020268571470333,0.20419640733034605
2024-04-15,90.03799896240234,1.0768230438232422,83.61448009389169,0.84024,0.86364,928.176,0.6378487569892168,781.0,0.6092365906943641,0.20239124301078315,0.2544034093056359
2024-04-22,87.74199981689453,1.064380979537964,82.43476866242233,0.84577,0.8600599999999999,929.61,0.6463018535887542,787.75,0.6216852919405239,0.19946814641124577,0.23837470805947603
2024-04-29,88.66999969482421,1.0698951721191403,82.8772780787445,0.84094,0.8497100000000001,875.077,0.605252735852041,746.25,0.5858985219630432,0.23568726414795904,0.2638114780369569
2024-05-06,84.25200042724609,1.0719001770019532,78.60060314841479,0.83905,0.83769,865.059,0.5972045473398905,760.5,0.5959696748877726,0.24184545266010948,0.2417203251122274
2024-05-13,83.35400085449218,1.0764095067977906,77.43707234848,0.82782,0.8197300000000001,877.808,0.6034672825702074,762.5,0.5950337635956251,0.22435271742979257,0.22469623640437497
2024-05-20,83.21799926757812,1.0848233699798584,76.71110484015772,0.8149500000000001,0.8032999999999999,863.28,0.5888766942879013,739.0,0.572222185821389,0.22607330571209872,0.23107781417861095
2024-05-27,82.06500053405762,1.0840304136276244,75.7035960452746,0.80761,0.79441,819.162,0.5591908422305842,731.75,0.5670228365116197,0.2484191577694158,0.22738716348838028
2024-06-03,81.93200073242187,1.0840808629989624,75.57738866985265,0.80037,0.7850199999999999,800.269,0.5462683460362557,722.25,0.5596353747281125,0.2541016539637443,0.2253846252718874
2024-06-10,79.41000061035156,1.086741924285889,73.07162706779057,0.7885800000000001,0.7719400000000001,797.989,0.5433781901696968,762.25,0.5891831222217199,0.24520180983030326,0.1827568777782802
2024-06-17,82.82799987792968,1.0751748561859131,77.03677164824578,0.78339,0.77139,812.386,0.5591329043283075,783.25,0.6119283725941544,0.2242570956716925,0.15946162740584557
2024-06-24,85.57250022888184,1.0725733757019045,79.78242064127521,0.7844099999999999,0.789,826.282,0.5700763172494944,785.5,0.6151746956875617,0.21433368275050557,0.17382530431243837
2024-07-01,85.93200073242187,1.0713236570358275,80.21105495810787,0.79598,0.8068,860.377,0.5942919077896437,807.5,0.6331419973276255,0.20168809221035633,0.1736580026723744
2024-07-08,86.46749877929688,1.0783108472824097,80.18791519830741,0.80561,0.8184400000000001,837.455,0.5747106240856502,779.25,0.6070327509453014,0.23089937591434984,0.21140724905469865
2024-07-15,85.00400085449219,1.08474657535553,78.3630045816294,0.80426,0.8178500000000001,823.486,0.5617714347706267,754.75,0.5844590933990339,0.24248856522937323,0.23339090660096617
2024-07-22,83.79000091552734,1.0909002542495727,76.80812300586203,0.79798,0.8108200000000001,823.287,0.558467538738534,736.5,0.5671095937415235,0.23951246126146597,0.24371040625847662
2024-07-29,81.2,1.0857012033462523,74.79037487453502,0.78918,0.80116,778.294,0.530475197250308,712.75,0.5514500657774983,0.258704802749692,0.24970993422250165
2024-08-05,78.39599914550782,1.0831578731536866,72.37726012852828,0.77865,0.79018,788.225,0.5385055257935044,720.25,0.558561235619765,0.24014447420649554,0.231618764380235
2024-08-12,79.18600311279297,1.0926971435546875,72.46839033109438,0.7699400000000001,0.7803,775.37,0.5250986546312717,718.5,0.5523396885953274,0.24484134536872837,0.22796031140467254
2024-08-19,79.76600189208985,1.098883605003357,72.58821728607569,0.7651399999999999,0.77474,767.816,0.517055525638008,708.25,0.5413949187076846,0.24808447436199188,0.23334508129231535
2024-08-26,78.18399963378906,1.1134972333908082,70.21481265445456,0.756,0.76312,726.791,0.48300554673335006,696.5,0.5254256431499003,0.27299445326664995,0.23769435685009976
2024-09-02,79.2350025177002,1.1118576765060424,71.26361960884442,0.74353,0.74987,661.397,0.44019463132909364,650.5,0.49144779187665255,0.3033353686709064,0.2584222081233475
2024-09-09,72.40799865722656,1.1079020738601684,65.35595551774857,0.73254,0.73953,674.793,0.4507138598090792,649.5,0.492444244732824,0.2818261401909208,0.24708575526717602
2024-09-16,71.2260009765625,1.104714822769165,64.47455896176156,0.71376,0.7233200000000001,693.672,0.46466044396261336,665.75,0.5062211427544622,0.2490995560373866,0.2170988572455379
2024-09-23,74.1239990234375,1.1138050317764283,66.55024614605642,0.70027,0.71225,686.623,0.4561848847007095,657.5,0.4958677544481249,0.24408511529929044,0.21638224555187513
2024-09-30,72.7959991455078,1.1156187295913695,65.25168251000198,0.69359,0.7067899999999999,716.393,0.47518996045734824,712.5,0.5364736035036086,0.2184000395426518,0.1703163964963913
2024-10-07,76.81200103759765,1.1051825523376464,69.50164104122653,0.69079,0.70421,733.901,0.4914000305662448,709.75,0.5394493414132879,0.1993899694337552,0.16476065858671207
2024-10-14,77.93200073242187,1.095080828666687,71.16552376075087,0.71215,0.72684,704.991,0.4763971081798467,648.5,0.4974427327553956,0.23575289182015324,0.22939726724460446
2024-10-21,74.05399932861329,1.087078619003296,68.12202727021786,0.7186,0.73121,710.787,0.4838494390426468,676.25,0.5225473025316467,0.2347505609573532,0.2086626974683533
2024-10-28,74.56999969482422,1.0803265810012816,69.02542342863612,0.71594,0.72313,667.071,0.45692899599164294,672.0,0.5225086653674869,0.2590110040083571,0.2006213346325132
2024-11-04,73.002001953125,1.0851449966430664,67.27396078769125,0.7113400000000001,0.72025,678.774,0.4628807777337222,668.5,0.5174792324870348,0.24845922226627787,0.2027707675129652
2024-11-11,74.35599975585937,1.0810331106185913,68.78235183130627,0.71124,0.72303,662.104,0.45323029904202994,671.0,0.5213901354764912,0.25800970095797005,0.2016398645235088
2024-11-18,72.21399993896485,1.0581814289093017,68.2434958373801,0.70923,0.72229,675.946,0.47269780619337715,697.75,0.5538842243755123,0.23653219380662288,0.16840577562448766
2024-11-25,73.70599975585938,1.053958201408386,69.93256436295796,0.7127,0.73414,647.993,0.4549656896822215,677.0,0.5395659896569738,0.2577343103177785,0.19457401034302624
2024-12-02,72.60250091552734,1.0521206617355348,69.00586934179704,0.71723,0.74452,653.314,0.4595027714810932,647.75,0.5171555124698897,0.25772722851890684,0.2273644875301103
2024-12-09,72.25599975585938,1.053544998168945,68.5836863934999,0.71184,0.7395,679.344,0.4771647730981732,689.25,0.5495446336001275,0.23467522690182685,0.18995536639987254
2024-12-16,73.50400085449219,1.0515826225280762,69.89845522340752,0.7063400000000001,0.73326,671.396,0.4724622006453278,675.25,0.5393870037870999,0.2338777993546723,0.1938729962129001
2024-12-23,73.00599975585938,1.0432135581970214,69.98183562916411,0.7098,0.73775,671.934,0.4766341043912054,680.5,0.5479414981798423,0.23316589560879458,0.18980850182015774
2024-12-30,73.85000038146973,1.0412103176116942,70.92707316891102,0.71154,0.74,705.497,0.5014047317524741,703.0,0.567147664608743,0.21013526824752582,0.172852335391257
2025-01-06,75.84500122070312,1.0332891345024109,73.4015278862164,0.72454,0.75298,709.958,0.5084432831600381,709.0,0.5763730403366691,0.2160967168399619,0.17660695966333084
2025-01-13,78.18000183105468,1.0317729711532593,75.77248485552917,0.7413500000000001,0.7698400000000001,717.694,0.5147387796041727,753.5,0.6134489056178069,0.22661122039582737,0.15639109438219323
2025-01-20,81.00749969482422,1.028933882713318,78.72954818166346,0.76591,0.7980900000000001,716.086,0.515002614747834,721.75,0.5892215332643672,0.25090738525216594,0.20886846673563286
2025-01-27,78.43200073242187,1.0424075841903686,75.24120307829448,0.77262,0.8084,715.174,0.5076984933979051,711.25,0.5731443334269634,0.2649215066020949,0.23525566657303665
2025-02-03,76.73200073242188,1.038888645172119,73.85969717640837,0.7662599999999999,0.8009299999999999,719.813,0.5127225352547294,706.0,0.5708407756268694,0.2535374647452705,0.2300892243731305
2025-02-10,75.1260009765625,1.0359673500061035,72.51773038611678,0.7662599999999999,0.8009299999999999,718.751,0.5134097517618352,714.5,0.5793425825596374,0.2528502482381647,0.22158741744036248
2025-02-17,75.48499870300293,1.0401870489120484,72.56867770268255,0.7672100000000001,0.79845,713.755,0.5077728092773623,702.75,0.5675037010097526,0.2594371907226377,0.23094629899024743
2025-02-24,75.51399993896484,1.0466020107269287,72.1515907336312,0.76638,0.79813,686.264,0.4852229928808157,677.5,0.5437597044216698,0.28115700711918423,0.25437029557833024
2025-03-03,72.87799987792968,1.0456637382507323,69.69544530619918,0.76024,0.7916799999999999,634.553,0.44906331052995285,657.0,0.5277796100333628,0.3111766894700472,0.2639003899666371
2025-03-10,69.88800048828125,1.0711102962493897,65.24818287435174,0.74851,0.77912,649.011,0.4483834593708151,640.75,0.5024972702481447,0.3001265406291849,0.2766227297518553
2025-03-17,70.40799865722656,1.0875348091125487,64.7409150192452,0.73237,0.7624,652.769,0.44416882655386286,668.25,0.5161489961485067,0.2882011734461371,0.24625100385149323
2025-03-24,71.7,1.0892606258392334,65.8244668898758,0.72024,0.7489,657.723,0.4468306376401008,669.25,0.5161023786817498,0.2734093623598992,0.23279762131825021
2025-03-31,73.84199829101563,1.079160714149475,68.42539514534973,0.7156699999999999,0.74285,665.278,0.456193144862583,615.75,0.4792891301715401,0.2594768551374169,0.2635608698284599
2025-04-07,69.8739990234375,1.091037034988403,64.04365459892954,0.71521,0.74094,652.696,0.4426935333181736,595.5,0.4584812283712413,0.2725164666818264,0.28245877162875876
2025-04-14,64.25400085449219,1.10897696018219,57.93988798823749,0.6967899999999999,0.72065,667.302,0.44527839416868925,625.0,0.4734092941964724,0.25151160583131066,0.24724070580352764
2025-04-21,66.18499946594238,1.134304364522298,58.34853636820448,0.67824,0.70202,667.132,0.43522505549725865,628.5,0.4654306344156024,0.2430149445027413,0.23658936558439758
2025-04-28,66.56800231933593,1.138128352165222,58.489011536083986,0.6693300000000001,0.69309,643.178,0.4181880884476078,585.75,0.43231503640511365,0.2511419115523923,0.26077496359488633
2025-05-05,62.204000091552736,1.1348607301712037,54.81201211550312,0.66239,0.6854600000000001,668.023,0.435592673935792,601.75,0.4454026706199847,0.22679732606420805,0.2400573293800154
2025-05-12,62.99599990844727,1.1283240795135498,55.831477012886666,0.65658,0.6765399999999999,668.798,0.4386244422022518,619.0,0.46082504968268373,0.21795555779774828,0.2157149503173162
2025-05-19,65.63999938964844,1.1168663501739502,58.77157941003873,0.67899,0.6718200000000001,667.928,0.4425477765741789,612.0,0.46028784009826496,0.2364422234258211,0.21153215990173513
2025-05-26,64.87750053405762,1.1301445484161377,57.406373923567045,0.67899,0.6779299999999999,654.968,0.4288622377369856,599.0,0.44521738454179427,0.25012776226301436,0.23271261545820565
2025-06-02,64.33399963378906,1.1338191270828246,56.74097225658243,0.67435,0.6721699999999999,678.188,0.44262714220673005,631.75,0.46803761492835966,0.23172285779326995,0.20413238507164028
2025-06-09,65.86799926757813,1.142432546615601,57.655919785118854,0.6716599999999999,0.66726,693.044,0.4489127708408693,684.25,0.5031106665358294,0.22274722915913064,0.1641493334641706
2025-06-16,70.69200134277344,1.1506356477737427,61.43734680873896,0.6772100000000001,0.6738999999999999,724.698,0.4660697945849246,758.5,0.5537287161515833,0.2111402054150755,0.12017128384841669
2025-06-23,75.40999984741211,1.1505024671554565,65.54527434770175,0.70798,0.71439,705.214,0.4535916913679128,675.0,0.492828147862969,0.2543883086320873,0.22156185213703095
2025-06-30,67.58600006103515,1.166294002532959,57.94936775311524,0.71877,0.7413,692.103,0.4391313158497757,745.0,0.536571395069242,0.2796386841502243,0.20472860493075795
2025-07-07,68.5780014038086,1.1789045810699463,58.170951665629126,0.70748,0.73126,704.55,0.44224698790025857,712.25,0.5074965434920999,0.2652330120997414,0.22376345650790008
2025-07-14,69.71000061035156,1.1715425968170166,59.50274518378402,0.70368,0.73058,699.077,0.44156907431749126,706.5,0.5065628869256493,0.2621109256825087,0.22401711307435068
2025-07-21,69.047998046875,1.1631134271621704,59.36480177633422,0.70238,0.7313,695.186,0.4422936129756097,715.25,0.5165532320144305,0.2600863870243903,0.21474676798556946
2025-07-28,68.95200042724609,1.1744182586669922,58.71162162065595,0.6969099999999999,0.7285499999999999,697.324,0.4393832914226838,681.75,0.48762014365308093,0.25752670857731613,0.240929856346919
2025-08-04,71.34199981689453,1.151749563217163,61.942285107203425,0.69044,0.71912,695.536,0.44688242690737934,675.5,0.49265918401135317,0.24355757309262072,0.2264608159886468
2025-08-11,66.83599853515625,1.1630213260650637,57.46756060036101,0.68769,0.71304,692.021,0.4403148321730357,656.5,0.47416155460003084,0.24737516782696434,0.23887844539996916
2025-08-18,66.20799865722657,1.1673266887664795,56.71762608905046,0.6810900000000001,0.7048300000000001,700.649,0.444160375145608,680.75,0.4898628682980391,0.23692962485439206,0.21496713170196097
2025-08-25,67.36600036621094,1.165705466270447,57.78989831946267,0.6762999999999999,0.69714,693.884,0.44048361688034887,675.25,0.48658088720706544,0.23581638311965103,0.21055911279293454
2025-09-01,68.00250244140625,1.165583562850952,58.34202249307286,0.6774,0.69749,707.919,0.4494401574423953,683.25,0.49239712903654825,0.2279598425576047,0.2050928709634518
2025-09-08,67.0499984741211,1.1676493883132937,57.42305793606156,0.68443,0.7037899999999999,720.911,0.4568787046346336,691.0,0.4971012752710502,0.2275512953653664,0.20668872472894972
2025-09-15,66.93600006103516,1.1727312088012696,57.07701778436946,0.68892,0.70763,721.102,0.45501942473710205,693.5,0.49673786766146927,0.23390057526289793,0.2108921323385307
2025-09-22,67.42200012207032,1.179789996147156,57.147458736089106,0.6911,0.71051,725.15,0.45483603162631664,733.0,0.5218894905116662,0.2362639683736834,0.18862050948833375
2025-09-29,68.89199829101562,1.1746241569519045,58.65024815238535,0.68963,0.70999,664.925,0.4188952671268338,671.25,0.48002588458861994,0.2707347328731662,0.22996411541138007
2025-10-06,65.2959991455078,1.1727790117263794,55.676302604861064,0.6873049180327869,0.7086,661.226,0.4172203246370511,683.0,0.4891970219994475,0.2700845933957358,0.21940297800055253
2025-10-13,64.59399948120117,1.163314151763916,55.52584345617926,0.6794606557377049,0.6999196721311477,674.264,0.42890852762638654,633.0,0.45707343901366687,0.25055212811131833,0.24284623311748083
2025-10-20,61.53199996948242,1.163450050354004,52.887530453722555,0.6720999999999999,0.6920262295081967,681.498,0.43345953687186967,718.75,0.5189307437962605,0.23864046312813025,0.17309548571193623
2025-10-27,64.29200057983398,1.1620604753494264,55.32586465476478,0.6664852459016395,0.6863131147540983,665.101,0.42353625343982654,718.5,0.5193705601410444,0.24294899246181295,0.16694255461305385
2025-11-03,64.85599975585937,1.160269570350647,55.89735472960748,0.6758049180327869,0.7055344262295082,683.4,0.43586078004886974,760.75,0.5507599409048344,0.23994413798391712,0.15477448532467386
2025-11-10,63.806000518798825,1.1518907785415649,55.39240499831508,0.6845754098360656,0.7236081967213115,711.938,0.45736464759882584,746.0,0.5440099110728216,0.22721076223723974,0.1795982856484899
2025-11-17,63.89399948120117,1.1596840620040894,55.09604001178026,0.6960508196721312,0.7469360655737706,701.137,0.44739890544272254,711.75,0.5155455865857124,0.2486519142294087,0.2313904789880582
2025-11-24,63.54199981689453,1.1550920486450196,55.010334363769935,0.7052147540983608,0.7631983606557378,645.546,0.4135636121470757,685.75,0.4986875294273836,0.29165114195128505,0.26451083122835417
2025-12-01,62.99499988555908,1.157767367362976,54.41075786152235,0.7023131147540985,0.7621655737704918,656.068,0.4193332215830126,683.25,0.49572134798308315,0.2829798931710859,0.2664442257874086
2025-12-08,62.92399978637695,1.1637086629867557,54.071952704104866,0.6949934426229508,0.7481327868852459,633.569,0.40288525376848194,629.25,0.45421162255798697,0.2921081888544689,0.2939211643272589
2025-12-15,61.42199935913086,1.1689614057540894,52.54407806518465,0.6866,0.7324688524590165,619.709,0.39230094145338357,607.5,0.43654135841277736,0.2942990585466164,0.29592749404623914
2025-12-22,60.19199981689453,1.1736039400100708,51.288171217606866,0.6718622950819672,0.7139524590163935,621.1,0.39162615626192937,619.75,0.44358235538603646,0.2802361388200378,0.270370103630357
2025-12-29,61.80000019073486,1.1779891848564148,52.46228147524773,0.6627393442622952,0.7025180327868852,589.065,0.370044229271199,611.25,0.4358698760571256,0.2926951149910962,0.26664815672975956
2026-01-05,61.3199987411499,1.1743826270103457,52.21466780145899,0.6834114754098362,0.6747803278688526,607.32,0.38268345398134096,632.25,0.4522291013040687,0.3007280214284952,0.22255122656478388
2026-01-12,61.97200012207031,1.1672314167022706,53.09315636581919,0.6609442622950819,0.6880590163934426,604.813,0.38343863401524675,654.75,0.471191909444884,0.2775056282798351,0.2168671069485586
2026-01-19,64.96999835968018,1.1637954473495484,55.82596023007667,0.6600180327868853,0.6883377049180328,612.12,0.3892168516654713,675.5,0.48755990693403545,0.270801181121414,0.20077779798399736
2026-01-26,65.13799743652343,1.1730608701705934,55.528233097614695,0.6672229508196722,0.6987967213114755,652.885,0.41185833769200714,742.5,0.5316859643517884,0.25536461312766506,0.16711075695968713
2026-02-02,68.73400115966797,1.1937361717224122,57.57888785467009,0.6726327868852459,0.7056737704918032,646.432,0.40072479274024736,699.25,0.4920433961153229,0.2719079941449985,0.21363037437648036
2026-02-09,68.28600158691407,1.180402898788452,57.849740674986315,0.6753622950819673,0.7131901639344262,642.339,0.4026852699937221,672.5,0.4785654123518375,0.2726770250882452,0.23462475158258872
2026-02-16,68.36750030517578,1.1881129503250123,57.54292997687941,0.6781901639344262,0.7168459016393443,654.339,0.40754615111933806,732.75,0.5180568058210502,0.27064401281508815,0.19878909581829407
2026-02-23,70.53600006103515,1.181889033317566,59.680729808483285,0.6832967213114753,0.7220426229508196,689.199,0.43151873451977807,752.75,0.5349994645648788,0.2517779867916973,0.18704315838594077
2026-03-02,72.51799926757812,1.17893443107605,61.51147795504513,0.6962721311475412,0.7375016393442624,807.693,0.5069771517780401,1158.25,0.8252621811307832,0.18929497936950102,-0.08776054178652082
2026-03-09,87.97200164794921,1.1615292310714722,75.7380867348452,0.7575590163934428,0.8592639344262295,913.633,0.5820675036962529,1133.25,0.819548896864073,0.17549151269718988,0.03971503756215655
2026-03-16,96.71800079345704,1.154570364952087,83.76968934021676,0.8182393442622952,0.9938622950819672,954.032,0.6114687345446436,1348.5,0.9810922178372444,0.2067706097176516,0.012770077244722788
2026-03-23,106.31600036621094,1.1528241872787477,92.2222152687227,0.9850836065573771,1.1854196721311476,928.169,0.5957934154914846,1373.5,1.000794407969019,0.3892901910658926,0.18462526416212865
2026-03-30,108.01399993896484,1.1562077522277832,93.4209269318972,0.9478868852459016,1.1932721311475412,1047.963,0.6707208272092791,1481.75,1.0765106855595523,0.27716605803662253,0.11676144558798884
2026-04-06,109.57749938964844,1.1535305738449098,94.9931470168219,0.971304918032787,1.2419196721311476,988.783,0.6343129836265404,1402.25,1.0211172782996953,0.33699193440624653,0.22080239383145228
2026-04-13,98.89999847412108,1.1650718450546265,84.88746757886334,0.988304918032787,1.2922147540983606,992.347,0.6302931300906762,1118.25,0.8062421248845455,0.35801178794211075,0.4859726292138151
2026-04-20,94.99400024414062,1.1780276536941527,80.638175127936,0.9720344262295082,1.2604688524590164,,,,,,
