,brent_usd,brent_7d_usd,eurusd,brent_eur,brent_7d_eur,log_brent,benzina_eur_l,diesel_eur_l,benzina_4w,diesel_4w,log_benzina,log_diesel
2019-01-07,56.312500953674316,56.312500953674316,1.1414881229400635,49.33253340265472,49.33253340265472,3.898583770153491,0.48963,0.5538099999999999,0.48963,0.5538099999999999,-0.7141052751514229,-0.5909336113479919
2019-01-14,60.262000274658206,60.262000274658206,1.1492203712463378,52.43728860227532,52.43728860227532,3.959617952796659,0.4868,0.5514600000000001,0.4868,0.5514600000000001,-0.7199019178687649,-0.5951859723840638
2019-01-21,61.46000003814697,61.46000003814697,1.140920352935791,53.868790998424615,53.868790998424615,3.986551293493215,0.49421,0.55988,0.49421,0.55988,-0.7047947509095623,-0.5800328039296918
2019-01-28,61.05999984741211,61.05999984741211,1.13696231842041,53.70450617241494,53.70450617241494,3.9834969118194827,0.49660000000000004,0.56349,0.49660000000000004,0.56349,-0.6999704059080707,-0.5736056918886985
2019-02-04,61.847999572753906,61.847999572753906,1.145156240463257,54.00835046555234,54.00835046555234,3.9891386728599816,0.5006,0.56753,0.5006,0.56753,-0.6919478999844632,-0.5664616675876782
2019-02-11,61.981999206542966,61.981999206542966,1.1375039339065551,54.48948118682702,54.48948118682702,3.998007677294899,0.50786,0.5725,0.50786,0.5725,-0.6775494599368908,-0.5577425435537423
2019-02-18,64.21249961853027,64.21249961853027,1.1294404029846192,56.853375750366816,56.853375750366816,4.0404755983873075,0.51567,0.5809,0.51567,0.5809,-0.6622882529739619,-0.5431766539836503
2019-02-25,66.49600067138672,66.49600067138672,1.1337316751480102,58.65232676215523,58.65232676215523,4.071627246301579,0.52953,0.5955900000000001,0.52953,0.5955900000000001,-0.6357654583218398,-0.5182027681050397
2019-03-04,65.6739990234375,65.6739990234375,1.1378046512603759,57.71992490159774,57.71992490159774,4.0556024328237035,0.5357999999999999,0.60135,0.5357999999999999,0.60135,-0.6239943218716288,-0.5085781512255113
2019-03-11,66.09400024414063,66.09400024414063,1.1277843952178954,58.60517358140146,58.60517358140146,4.0708229790579935,0.54104,0.60651,0.54104,0.60651,-0.6142620657154526,-0.500034062687792
2019-03-18,67.2300018310547,67.2300018310547,1.1301177978515624,59.48937531898348,59.48937531898348,4.085797730539261,0.5454,0.60914,0.5454,0.60914,-0.606235808570649,-0.49570715263428966
2019-03-25,67.64199981689453,67.64199981689453,1.1357969999313355,59.55465617622147,59.55465617622147,4.086894482101884,0.5526,0.6098,0.5526,0.6098,-0.5931208664928209,-0.49462424442798264
2019-04-01,68.2040008544922,68.2040008544922,1.1259255886077881,60.57593995960846,60.57593995960846,4.103897783868346,0.5614,0.61023,0.5614,0.61023,-0.5773216150543549,-0.49391934369963153
2019-04-08,69.90399932861328,69.90399932861328,1.1220394611358642,62.3008385621732,62.3008385621732,4.131974885769807,0.5737300000000001,0.61142,0.5737300000000001,0.61142,-0.5555963766027493,-0.4919711582514595
2019-04-15,71.18000183105468,71.18000183105468,1.1273144960403443,63.141210443999555,63.141210443999555,4.14537365374114,0.58688,0.6166200000000001,0.58688,0.6166200000000001,-0.5329349093540918,-0.48350232811710026
2019-04-22,72.3375015258789,72.3375015258789,1.1273518562316895,64.1658601314374,64.1658601314374,4.1614712956005375,0.5955799999999999,0.6224400000000001,0.5955799999999999,0.6224400000000001,-0.5182195583197033,-0.47410804083082775
2019-04-29,73.52400054931641,73.52400054931641,1.1184787034988404,65.7357179169506,65.7357179169506,4.185642429469482,0.6042799999999999,0.62826,0.6042799999999999,0.62826,-0.5037176123066129,-0.4648011854547113
2019-05-06,71.56399993896484,71.56399993896484,1.1192286968231202,63.940461982520645,63.940461982520645,4.157952368856151,0.60587,0.62774,0.60587,0.62774,-0.5010898373779857,-0.4656292109797281
2019-05-13,70.29800109863281,70.29800109863281,1.1209958076477051,62.71031579158709,62.71031579158709,4.13852596028754,0.60424,0.62713,0.60424,0.62713,-0.5037838089769445,-0.4666014233173368
2019-05-20,71.96199951171874,71.96199951171874,1.119663166999817,64.27111441429645,64.27111441429645,4.163110298804929,0.60289,0.62666,0.60289,0.62666,-0.5060205201229248,-0.46735115018071127
2019-05-27,69.90500068664551,69.90500068664551,1.1179559826850891,62.5292961166045,62.5292961166045,4.135635184784752,0.6086,0.6323,0.6086,0.6323,-0.4965940415192663,-0.4583913139175696
2019-06-03,66.43999938964843,66.43999938964843,1.1161412000656128,59.52651813743882,59.52651813743882,4.086421896246588,0.60103,0.62388,0.60103,0.62388,-0.5091104288874073,-0.4717972367985124
2019-06-10,61.970000457763675,61.970000457763675,1.126520538330078,55.01009377922771,55.01009377922771,4.007516691652824,0.5879500000000001,0.60999,0.5879500000000001,0.60999,-0.5311133687127121,-0.49431271539177696
2019-06-17,61.30400009155274,61.30400009155274,1.1288145065307618,54.30830285833336,54.30830285833336,3.9946771224024102,0.57962,0.60126,0.57962,0.60126,-0.5453825625747015,-0.5087278256838446
2019-06-24,63.69399871826172,63.69399871826172,1.1268324613571168,56.52481704471926,56.52481704471926,4.034679781444408,0.57489,0.5962799999999999,0.57489,0.5962799999999999,-0.5535765608336235,-0.5170449235799076
2019-07-01,65.94000091552735,65.94000091552735,1.1376577615737915,57.96119284969191,57.96119284969191,4.059773697808198,0.57386,0.59477,0.57386,0.59477,-0.5553698148506322,-0.519580502789853
2019-07-08,63.64000129699707,63.64000129699707,1.127632451057434,56.43683031409645,56.43683031409645,4.033121965132875,0.5752200000000001,0.59645,0.5752200000000001,0.59645,-0.5530027026651767,-0.5167598632541822
2019-07-15,66.1780014038086,66.1780014038086,1.1241517543792725,58.869277342675474,58.869277342675474,4.075319347487936,0.58041,0.59938,0.58041,0.59938,-0.5440205286236317,-0.5118594913562883
2019-07-22,63.13399963378906,63.13399963378906,1.1236701965332032,56.18552474611577,56.18552474611577,4.028659156928528,0.58302,0.60146,0.58302,0.60146,-0.5395337879027344,-0.5083952461942818
2019-07-29,63.513999938964844,63.513999938964844,1.1155620336532592,56.93452988084243,56.93452988084243,4.041902009107945,0.57653,0.5943099999999999,0.57653,0.5943099999999999,-0.5507279024656432,-0.5203542102324933
2019-08-05,62.418000030517575,62.418000030517575,1.1111931800842285,56.17205104317351,56.17205104317351,4.028419320799773,0.5768,0.59472,0.5768,0.59472,-0.5502596930113978,-0.519664572433195
2019-08-12,57.92999954223633,57.92999954223633,1.1210164070129394,51.67631729547708,51.67631729547708,3.9449995971728082,0.56662,0.585,0.56662,0.585,-0.5680663939383054,-0.5361434317502807
2019-08-19,59.47799987792969,59.47799987792969,1.1149220228195191,53.34722847030697,53.34722847030697,3.9768220264509315,0.55996,0.5783400000000001,0.55996,0.5783400000000001,-0.5798899263755126,-0.5475933479582051
2019-08-26,59.657999420166014,59.657999420166014,1.1099760055541992,53.74710725425043,53.74710725425043,3.98428984703393,0.5573899999999999,0.57673,0.5573899999999999,0.57673,-0.5844901045329676,-0.5503810595993252
2019-09-02,60.37750053405762,60.37750053405762,1.106666898727417,54.557970969843915,54.557970969843915,3.9992638238745433,0.55526,0.5752200000000001,0.55526,0.5752200000000001,-0.5883188064643287,-0.5530027026651767
2019-09-09,60.80800018310547,60.80800018310547,1.100699210166931,55.24488399867516,55.24488399867516,4.01177573880142,0.5545399999999999,0.57521,0.5545399999999999,0.57521,-0.5896163377330533,-0.5530200874691201
2019-09-16,62.5620002746582,62.5620002746582,1.105077052116394,56.61324715307613,56.61324715307613,4.036243006464948,0.5589,0.5819,0.5589,0.5819,-0.5817847127064847,-0.5414566673195128
2019-09-23,64.31999969482422,64.31999969482422,1.103592300415039,58.28239257435445,58.28239257435445,4.065300033578969,0.57462,0.59825,0.57462,0.59825,-0.554046326220554,-0.5137465521936544
2019-09-30,62.183999633789064,62.183999633789064,1.0965789794921874,56.707269423115996,56.707269423115996,4.037902411036261,0.57645,0.60036,0.57645,0.60036,-0.5508666733031744,-0.510225803694023
2019-10-07,58.20199890136719,58.20199890136719,1.0952056407928468,53.14253025507914,53.14253025507914,3.972977554084813,0.5712,0.595,0.5712,0.595,-0.5600158679567624,-0.5191938734365074
2019-10-14,59.103999328613284,59.103999328613284,1.0992215394973754,53.76896030952858,53.76896030952858,3.9846963547508554,0.56592,0.58994,0.56592,0.58994,-0.5693025535249666,-0.5277344421689046
2019-10-21,59.289999389648436,59.289999389648436,1.1084316730499268,53.48999025488678,53.48999025488678,3.97949453835744,0.56212,0.58747,0.56212,0.58747,-0.5760399287495929,-0.5319300980974119
2019-10-28,61.225999450683595,61.225999450683595,1.112032914161682,55.05772236682353,55.05772236682353,4.008382132473515,0.56003,0.58582,0.56003,0.58582,-0.5797649252592684,-0.5347427038261374
2019-11-04,61.25,61.25,1.1138425827026368,54.98981718887286,54.98981718887286,4.007148026071078,0.5604600000000001,0.58689,0.5604600000000001,0.58689,-0.5789974038693246,-0.5329178702408067
2019-11-11,62.33600006103516,62.33600006103516,1.1063055992126465,56.3460947005958,56.3460947005958,4.031512933746876,0.5615399999999999,0.58776,0.5615399999999999,0.58776,-0.5770722695849171,-0.5314365776701151
2019-11-18,62.48999938964844,62.48999938964844,1.1027327299118042,56.668309278029994,56.668309278029994,4.037215135221382,0.56161,0.58751,0.56161,0.58751,-0.576947620161259,-0.5318620118320876
2019-11-25,62.864000701904295,62.864000701904295,1.1063929080963135,56.818875321669964,56.818875321669964,4.039868582524933,0.5638099999999999,0.5877100000000001,0.5638099999999999,0.5877100000000001,-0.5730379636733256,-0.5315216500242034
2019-12-02,62.91999816894531,62.91999816894531,1.1014529705047607,57.124543538260276,57.124543538260276,4.045233858604943,0.56732,0.5927,0.56732,0.5927,-0.5668317605557301,-0.5230669101883446
2019-12-09,63.16999969482422,63.16999969482422,1.108234167098999,57.00058847687667,57.00058847687667,4.043061591936987,0.5670299999999999,0.5925,0.5670299999999999,0.5925,-0.5673430666011625,-0.5234044059728508
2019-12-16,64.56399841308594,64.56399841308594,1.112082314491272,58.05685206190972,58.05685206190972,4.061422738420253,0.5650499999999999,0.5911000000000001,0.5650499999999999,0.5911000000000001,-0.5708410561759774,-0.5257700711518132
2019-12-23,66.26799926757812,66.26799926757812,1.1122013807296753,59.58273422039997,59.58273422039997,4.087365837813217,0.5683633333333333,0.5951533333333333,0.5683633333333333,0.5951533333333333,-0.5649943934020037,-0.5189362035550102
2019-12-30,67.93000030517578,67.93000030517578,1.1112579107284546,61.128923942279194,61.128923942279194,4.112985141109312,0.5716766666666666,0.5992066666666667,0.5716766666666666,0.5992066666666667,-0.5591817154918319,-0.5121487208953148
2020-01-06,67.44000053405762,67.44000053405762,1.119546937942505,60.23865391298229,60.23865391298229,4.098314237839956,0.57499,0.60326,0.57499,0.60326,-0.5534026296403649,-0.5054069977391318
2020-01-13,65.6520004272461,65.6520004272461,1.1138745069503784,58.9402127596864,58.9402127596864,4.076523587070363,0.57796,0.6066699999999999,0.57796,0.6066699999999999,-0.5482506168567265,-0.49977029308900606
2020-01-20,64.48999977111816,64.48999977111816,1.1130961656570435,57.93749162099639,57.93749162099639,4.059364698704642,0.57251,0.60274,0.57251,0.60274,-0.5577250764573847,-0.5062693526847787
2020-01-27,61.96999893188477,61.96999893188477,1.107191276550293,55.97045446832497,55.97045446832497,4.024823952726028,0.57253,0.59762,0.57253,0.59762,-0.557690143179941,-0.5148001785214018
2020-02-03,58.044000244140626,58.044000244140626,1.1035622119903565,52.596944343947726,52.596944343947726,3.9626580257358546,0.55889,0.5866699999999999,0.55889,0.5866699999999999,-0.5818026051549772,-0.533292797816009
2020-02-10,54.38199996948242,54.38199996948242,1.1008960008621216,49.39794488025698,49.39794488025698,3.8999088217142743,0.5459299999999999,0.57167,0.5459299999999999,0.57167,-0.6052645165844173,-0.559193377163416
2020-02-17,55.864999771118164,55.864999771118164,1.0879312038421631,51.349754078037314,51.349754078037314,3.938660147230428,0.53975,0.56404,0.53975,0.56404,-0.6166492095872204,-0.5726301080131078
2020-02-24,58.19599990844726,58.19599990844726,1.081453227996826,53.81277562622252,53.81277562622252,3.9855109041487697,0.5384,0.56245,0.5384,0.56245,-0.619153500651619,-0.5754530377433021
2020-03-02,52.59600067138672,52.59600067138672,1.0933125972747804,48.107010568147565,48.107010568147565,3.8734279163487746,0.5340199999999999,0.5565,0.5340199999999999,0.5565,-0.6273219875397746,-0.5860881082665376
2020-03-09,46.52200088500977,46.52200088500977,1.1214735984802247,41.482921174474804,41.482921174474804,3.7252818045672016,0.5194,0.5417799999999999,0.5194,0.5417799999999999,-0.655080979753489,-0.612895264002883
2020-03-16,34.02600021362305,34.02600021362305,1.1263254880905151,30.209740055965607,30.209740055965607,3.4081643907923986,0.49831,0.52115,0.49831,0.52115,-0.6965329056641537,-0.6517173707968058
2020-03-23,27.21799964904785,27.21799964904785,1.0898401260375976,24.974304945080426,24.974304945080426,3.2178474941205453,0.48264,0.5043,0.48264,0.5043,-0.7284842448496307,-0.6845839498994575
2020-03-30,25.713999938964843,25.713999938964843,1.0928831577301026,23.528590185589767,23.528590185589767,3.1582162853297144,0.46549,0.48736,0.46549,0.48736,-0.7646646647728841,-0.71875220927534
2020-04-06,28.915999984741212,28.915999984741212,1.0933003425598145,26.448359027344967,26.448359027344967,3.275194115825648,0.44931,0.47114,0.44931,0.47114,-0.8000422063097231,-0.7525999892176766
2020-04-13,31.982500076293945,31.982500076293945,1.0884536981582642,29.383427269722592,29.383427269722592,3.3804308170982575,0.43884,0.46229000000000003,0.43884,0.46229000000000003,-0.8236203970328468,-0.7715628791974671
2020-04-20,27.752000045776366,27.752000045776366,1.0907784223556518,25.442380851138378,25.442380851138378,3.2364163210087558,0.42837000000000003,0.45344,0.42837000000000003,0.45344,-0.8477679708718234,-0.7908923224798214
2020-04-27,20.49200019836426,20.49200019836426,1.082633113861084,18.927926678024786,18.927926678024786,2.9406384334978,0.41226,0.43757,0.41226,0.43757,-0.8861010607110974,-0.8265185859831027
2020-05-04,24.382000350952147,24.382000350952147,1.088875675201416,22.39190470155563,22.39190470155563,3.1086994962892884,0.39806,0.42125,0.39806,0.42125,-0.9211525312910626,-0.8645287973155655
2020-05-11,30.14999923706055,30.14999923706055,1.0843623876571655,27.80435727045232,27.80435727045232,3.325192744761939,0.388,0.40948,0.388,0.40948,-0.9467499393588635,-0.892867216930567
2020-05-18,31.522000122070313,31.522000122070313,1.08216392993927,29.128673808079427,29.128673808079427,3.371723043264167,0.38369,0.40505,0.38369,0.40505,-0.9579203440964768,-0.9037447627056368
2020-05-25,35.39750099182129,35.39750099182129,1.093731451034546,32.36397834069713,32.36397834069713,3.4770460247047663,0.39189999999999997,0.41241,0.39189999999999997,0.41241,-0.9367485737765513,-0.8857372788306987
2020-06-01,35.970000457763675,35.970000457763675,1.1019850492477417,32.641096612261855,32.641096612261855,3.4855721267209283,0.39576,0.41608,0.39576,0.41608,-0.9269473120626839,-0.87687772951732
2020-06-08,40.49000015258789,40.49000015258789,1.124174427986145,36.01754242455239,36.01754242455239,3.584006109340002,0.39538,0.41570999999999997,0.39538,0.41570999999999997,-0.9279079512143457,-0.8777673772034037
2020-06-15,39.98199996948242,39.98199996948242,1.1308664083480835,35.355192863042284,35.355192863042284,3.565445280084241,0.40092,0.42071,0.40092,0.42071,-0.9139933728254716,-0.8658115187608644
2020-06-22,41.689999389648435,41.689999389648435,1.124697995185852,37.067728019519876,37.067728019519876,3.6127467263585786,0.40716,0.42607999999999996,0.40716,0.42607999999999996,-0.8985490503979979,-0.853128156916515
2020-06-29,41.344000244140624,41.344000244140624,1.1258169412612915,36.72355489500941,36.72355489500941,3.6034183719326895,0.41847,0.43631,0.41847,0.43631,-0.8711500762098835,-0.8294022791060646
2020-07-06,42.35499954223633,42.35499954223633,1.1243917226791382,37.66925590782115,37.66925590782115,3.6288442685972884,0.41981999999999997,0.43817,0.41981999999999997,0.43817,-0.8679292309962767,-0.8251483160539411
2020-07-13,42.93600082397461,42.93600082397461,1.1305047273635864,37.97949693152037,37.97949693152037,3.6370464596808385,0.42225999999999997,0.44024,0.42225999999999997,0.44024,-0.8621340409222001,-0.8204352462306337
2020-07-20,43.295999908447264,43.295999908447264,1.140169358253479,37.97330597865604,37.97330597865604,3.636883438629848,0.42291,0.44066000000000005,0.42291,0.44066000000000005,-0.8605958885311933,-0.8194816759460942
2020-07-27,43.73400039672852,43.73400039672852,1.1562017440795898,37.82557898798498,37.82557898798498,3.6329855665760387,0.42206,0.43976,0.42206,0.43976,-0.8626077949579702,-0.8215261554297322
2020-08-03,43.47200012207031,43.47200012207031,1.178510022163391,36.88725535169294,36.88725535169294,3.6078661079649343,0.4205,0.43862,0.4205,0.43862,-0.8663107995691344,-0.824121844402778
2020-08-10,44.816000366210936,44.816000366210936,1.1822159051895142,37.9084735448782,37.9084735448782,3.6351746634809166,0.41722000000000004,0.43532,0.41722000000000004,0.43532,-0.8741416183659967,-0.8316738861542762
2020-08-17,45.01199951171875,45.01199951171875,1.178744626045227,38.18638788856009,38.18638788856009,3.6424791141132506,0.41769,0.43551,0.41769,0.43551,-0.8730157483928332,-0.8312375208406905
2020-08-24,45.04199981689453,45.04199981689453,1.1867905378341674,37.95277968688046,37.95277968688046,3.636342747190385,0.41888,0.43633999999999995,0.41888,0.43633999999999995,-0.870170796260602,-0.8293335230182589
2020-08-31,45.38399963378906,45.38399963378906,1.1842031955718995,38.32450360165706,38.32450360165706,3.6460894723362802,0.41920999999999997,0.43603,0.41920999999999997,0.43603,-0.8693832912979977,-0.8300442306607696
2020-09-07,44.1850004196167,44.1850004196167,1.1876766443252564,37.202887360573726,37.202887360573726,3.6163863754867642,0.4179,0.43312,0.4179,0.43312,-0.8725131095282673,-0.836740453116146
2020-09-14,40.014000701904294,40.014000701904294,1.1813092470169066,33.87258738806065,33.87258738806065,3.522606055646868,0.41262,0.42708999999999997,0.41262,0.42708999999999997,-0.8852282064223373,-0.8507605151292619
2020-09-21,42.12799987792969,42.12799987792969,1.1842319250106812,35.57411262793791,35.57411262793791,3.5716181999666556,0.40988,0.42146,0.40988,0.42146,-0.8918908450506199,-0.8640304052130703
2020-09-28,41.955999755859374,41.955999755859374,1.1688700914382935,35.894493377131894,35.894493377131894,3.5805838959054936,0.41057,0.41944,0.41057,0.41944,-0.8902088408756539,-0.8688347907178597
2020-10-05,40.694000244140625,40.694000244140625,1.172247052192688,34.71452554990222,34.71452554990222,3.547158203106289,0.4095,0.41758999999999996,0.4095,0.41758999999999996,-0.892818375689013,-0.8732551890605801
2020-10-12,42.51000061035156,42.51000061035156,1.1776282072067261,36.09798096734037,36.09798096734037,3.5862369348922187,0.40982,0.41620999999999997,0.40982,0.41620999999999997,-0.8920372400734505,-0.8765653384011053
2020-10-19,42.895999908447266,42.895999908447266,1.17449893951416,36.52280854863224,36.52280854863224,3.5979369571682494,0.41024,0.41578,0.41024,0.41578,-0.8910129246898866,-0.877599004763169
2020-10-26,41.91599960327149,41.91599960327149,1.1823232889175415,35.452232055453344,35.452232055453344,3.5681862144784837,0.40908,0.41417000000000004,0.40908,0.41417000000000004,-0.893844543044325,-0.8814787614221118
2020-11-02,38.880000305175784,38.880000305175784,1.1732609510421752,33.138408186720746,33.138408186720746,3.5006929778550777,0.40593,0.4111,0.40593,0.4111,-0.9015745480384745,-0.8889187850783042
2020-11-09,40.74400024414062,40.74400024414062,1.1769648790359497,34.61785561308675,34.61785561308675,3.544369607133147,0.40138999999999997,0.40614,0.40138999999999997,0.40614,-0.9128217557354104,-0.9010573512335658
2020-11-16,43.507999420166016,43.507999420166016,1.1815011978149415,36.824337969888944,36.824337969888944,3.6061589844515582,0.40722,0.41152999999999995,0.40722,0.41152999999999995,-0.898401699038415,-0.8878733575126603
2020-11-23,44.662000274658205,44.662000274658205,1.1860739946365357,37.655323762784775,37.655323762784775,3.628474345651653,0.4136,0.41875999999999997,0.4136,0.41875999999999997,-0.8828559557879176,-0.8704573155309829
2020-11-30,48.0600004196167,48.0600004196167,1.19101402759552,40.35216992082174,40.35216992082174,3.6976451707377027,0.42211000000000004,0.42789,0.42211000000000004,0.42789,-0.8624893354058456,-0.8488891257786965
2020-12-07,48.48399963378906,48.48399963378906,1.2078830480575562,40.139647387019856,40.139647387019856,3.6923645587511285,0.4268,0.43489,0.4268,0.43489,-0.8514397595545388,-0.8326621534345818
2020-12-14,49.64200057983398,49.64200057983398,1.21161048412323,40.971914018849816,40.971914018849816,3.712886808037717,0.4294,0.43859,0.4294,0.43859,-0.8453663935374564,-0.8241902430758705
2020-12-21,51.30199966430664,51.30199966430664,1.2196325540542603,42.06348829716812,42.06348829716812,3.7391801030497094,0.44175,0.45171,0.44175,0.45171,-0.8170111677823313,-0.7947148979790754
2020-12-28,50.85750102996826,50.85750102996826,1.2200955629348755,41.68321119669776,41.68321119669776,3.730098438544015,0.4478933333333333,0.45735666666666663,0.4478933333333333,0.45735666666666663,-0.8032001701544184,-0.7822917402577497
2021-01-04,51.329999923706055,51.329999923706055,1.2241451740264893,41.931301133892575,41.931301133892575,3.7360325917981063,0.4540366666666667,0.4630033333333333,0.4540366666666667,0.4630033333333333,-0.7895773206190253,-0.7700210254977726
2021-01-11,54.78600006103515,54.78600006103515,1.2270126342773438,44.64990704297164,44.64990704297164,3.7988522254160104,0.46018000000000003,0.46864999999999996,0.46018000000000003,0.46864999999999996,-0.7761375616907503,-0.7578990577896423
2021-01-18,56.03999996185303,56.03999996185303,1.2150291919708252,46.12234860872268,46.12234860872268,3.8312976179707756,0.47322000000000003,0.48051,0.47322000000000003,0.48051,-0.7481948823441824,-0.7329072391338228
2021-01-25,55.874000549316406,55.874000549316406,1.2133507013320923,46.04934128935223,46.04934128935223,3.829713458350415,0.48157,0.48625,0.48157,0.48625,-0.7307036792865793,-0.721032384049481
2021-02-01,55.895999908447266,55.895999908447266,1.2131640195846558,46.074561234996125,46.074561234996125,3.83026098066727,0.48471,0.48962,0.48471,0.48962,-0.7242045050252883,-0.7141256989451433
2021-02-08,58.93199996948242,58.93199996948242,1.203312873840332,48.97479388000142,48.97479388000142,3.89130575514388,0.49201,0.49789,0.49201,0.49789,-0.709256237493131,-0.6973761098899813
2021-02-15,61.53250026702881,61.53250026702881,1.210968017578125,50.81265514351957,50.81265514351957,3.928145440558366,0.50146,0.50796,0.50146,0.50796,-0.6902314354790484,-0.6773525746613045
2021-02-22,63.95399856567383,63.95399856567383,1.2098187685012818,52.86246190815817,52.86246190815817,3.967693482214912,0.5163099999999999,0.5226900000000001,0.5163099999999999,0.5226900000000001,-0.6610479186999458,-0.6487667248792133
2021-03-01,65.82199935913086,65.82199935913086,1.2148058891296387,54.183141478092246,54.183141478092246,3.9923698172221167,0.5310900000000001,0.53707,0.5310900000000001,0.53707,-0.6328237805768402,-0.6216268391510882
2021-03-08,66.22199935913086,66.22199935913086,1.201611828804016,55.11097491861636,55.11097491861636,4.00934887815087,0.5418,0.5475099999999999,0.5418,0.5475099999999999,-0.6128583493311424,-0.6023745526180988
2021-03-15,68.62999877929687,68.62999877929687,1.1922354459762574,57.56413216107617,57.56413216107617,4.052899668203356,0.55533,0.55971,0.55533,0.55971,-0.5881927473424337,-0.5803364865301197
2021-03-22,65.76399993896484,65.76399993896484,1.1922313928604127,55.16043306088698,55.16043306088698,4.0102459038893326,0.56567,0.56701,0.56567,0.56701,-0.5697444096814674,-0.5673783387256061
2021-03-29,63.3400016784668,63.3400016784668,1.1830186367034912,53.541000719113924,53.541000719113924,3.980447728973077,0.56287,0.56317,0.56287,0.56317,-0.574706583366766,-0.5741737426024985
2021-04-05,63.67250061035156,63.67250061035156,1.1754311561584472,54.169485194221416,54.169485194221416,3.9921177461027995,0.56212,0.5610749999999999,0.56212,0.5610749999999999,-0.5760399287495929,-0.577900692555559
2021-04-12,63.066000366210936,63.066000366210936,1.1876605033874512,53.1010336593107,53.1010336593107,3.9721963943354655,0.56137,0.55898,0.56137,0.55898,-0.5773750543161933,-0.5816415846424051
2021-04-19,66.20200042724609,66.20200042724609,1.195922613143921,55.35642498908008,55.35642498908008,4.013792731714806,0.56213,0.55937,0.56213,0.55937,-0.5760221391120561,-0.5809441285404523
2021-04-26,65.81000061035157,65.81000061035157,1.2044007778167725,54.641280396419134,54.641280396419134,4.000789648304581,0.56423,0.56096,0.56423,0.56096,-0.5722933091940378,-0.5781056772492673
2021-05-03,67.41199798583985,67.41199798583985,1.209255051612854,55.74671604301221,55.74671604301221,4.02081850354718,0.5658099999999999,0.5619700000000001,0.5658099999999999,0.5619700000000001,-0.5694969461810708,-0.5763068112961687
2021-05-10,68.50599822998046,68.50599822998046,1.2064782857894898,56.78179129859085,56.78179129859085,4.039215698602688,0.57309,0.5688300000000001,0.57309,0.5688300000000001,-0.5567125065384669,-0.564173659267915
2021-05-17,68.61800079345703,68.61800079345703,1.2118321180343627,56.6233554733291,56.6233554733291,4.036421540967845,0.5774,0.5732999999999999,0.5774,0.5732999999999999,-0.5492200117533023,-0.5563461390678002
2021-05-24,67.0760009765625,67.0760009765625,1.2192469358444213,55.01428710182262,55.01428710182262,4.007592916986942,0.57685,0.57221,0.57685,0.57221,-0.5501730116088384,-0.558249222111987
2021-05-31,69.15250015258789,69.15250015258789,1.2207916021347045,56.645622423734096,56.645622423734096,4.036814710414682,0.5749,0.56948,0.5749,0.56948,-0.5535591663528919,-0.5630316152365921
2021-06-07,71.25799865722657,71.25799865722657,1.2192383050918578,58.444684980478826,58.444684980478826,4.068080751028591,0.58229,0.57732,0.58229,0.57732,-0.5407866735649041,-0.5493585734827743
2021-06-14,72.50200042724609,72.50200042724609,1.2166250944137573,59.59272150487894,59.59272150487894,4.087533444212396,0.5875499999999999,0.58326,0.5875499999999999,0.58326,-0.5317939302021872,-0.5391222229211045
2021-06-21,73.9740005493164,73.9740005493164,1.2006399393081666,61.61214376388457,61.61214376388457,4.12085899013423,0.59494,0.59092,0.59494,0.59092,-0.5192947188573702,-0.5260746345287297
2021-06-28,75.28399963378907,75.28399963378907,1.193099021911621,63.09954014811499,63.09954014811499,4.144713481852071,0.60325,0.6004400000000001,0.60325,0.6004400000000001,-0.505423574476996,-0.5100925591901616
2021-07-05,75.4749984741211,75.4749984741211,1.187800931930542,63.541790922365244,63.541790922365244,4.151697814191173,0.61122,0.60763,0.61122,0.60763,-0.4922983191521071,-0.49818913489085903
2021-07-12,74.55800170898438,74.55800170898438,1.1840537786483765,62.96842512853933,62.96842512853933,4.1426334123187445,0.62373,0.6185900000000001,0.62373,0.6185900000000001,-0.4720376965587303,-0.48031258439691055
2021-07-19,73.38600006103516,73.38600006103516,1.1819948434829712,62.0865653227297,62.0865653227297,4.128529626126148,0.62837,0.62263,0.62837,0.62263,-0.4646261140330822,-0.47380283710497334
2021-07-26,72.79400024414062,72.79400024414062,1.1783371925354005,61.77688415954306,61.77688415954306,4.123529251766375,0.627,0.6207699999999999,0.627,0.6207699999999999,-0.4668087383492164,-0.4767946360230742
2021-08-02,74.89800109863282,74.89800109863282,1.1847378015518188,63.21905235110106,63.21905235110106,4.146605716974098,0.62859,0.6204400000000001,0.62859,0.6204400000000001,-0.46427606311301073,-0.47732637522558685
2021-08-09,70.76399993896484,70.76399993896484,1.183334183692932,59.80052035522677,59.80052035522677,4.091014362511149,0.63013,0.62029,0.63013,0.62029,-0.4618291316772787,-0.47756816836467575
2021-08-16,70.69599914550781,70.69599914550781,1.174692726135254,60.18254610130946,60.18254610130946,4.097382378404468,0.6291100000000001,0.61846,0.6291100000000001,0.61846,-0.46344915680843846,-0.4805227618359448
2021-08-23,67.52799987792969,67.52799987792969,1.1713426113128662,57.65008395130682,57.65008395130682,4.05439170293789,0.62602,0.6149199999999999,0.62602,0.6149199999999999,-0.468372959510604,-0.4862631009377385
2021-08-30,72.09600067138672,72.09600067138672,1.1765488147735597,61.27752607125139,61.27752607125139,4.115413153717465,0.62425,0.6120800000000001,0.62425,0.6120800000000001,-0.4712043498222545,-0.4908922860585405
2021-09-06,72.55499839782715,72.55499839782715,1.1842103481292725,61.268674532733264,61.268674532733264,4.1152686932855636,0.6283099999999999,0.6154700000000001,0.6283099999999999,0.6154700000000001,-0.4647216037361818,-0.48536907540659163
2021-09-13,72.43399963378906,72.43399963378906,1.1835124254226685,61.202567947624765,61.202567947624765,4.1141891485664965,0.63397,0.6203500000000001,0.63397,0.6203500000000001,-0.4557536442764593,-0.4774714440932564
2021-09-20,74.797998046875,74.797998046875,1.1786867141723634,63.45876062529116,63.45876062529116,4.150390255950015,0.641,0.62575,0.641,0.62575,-0.444725822061467,-0.4688043486702534
2021-09-27,77.08399963378906,77.08399963378906,1.172082781791687,65.76668545199149,65.76668545199149,4.186113409996377,0.64567,0.6313500000000001,0.64567,0.6313500000000001,-0.43746674163396493,-0.4598948950974476
2021-10-04,79.35799865722656,79.35799865722656,1.1633293628692627,68.21627751361501,68.21627751361501,4.222683209591656,0.6543,0.6422100000000001,0.6543,0.6422100000000001,-0.424189317106444,-0.4428399259748962
2021-10-11,82.3259994506836,82.3259994506836,1.1579136848449707,71.09856332832439,71.09856332832439,4.264067130252363,0.67576,0.66713,0.67576,0.66713,-0.3919172955628958,-0.4047703495088219
2021-10-18,83.95800018310547,83.95800018310547,1.157517957687378,72.5327841572725,72.5327841572725,4.284038654923882,0.69278,0.68849,0.69278,0.68849,-0.367042790510888,-0.3732544852471563
2021-10-25,85.40599975585937,85.40599975585937,1.1633253335952758,73.41540434945291,73.41540434945291,4.296133782122309,0.70262,0.70055,0.70262,0.70055,-0.35293907385671774,-0.3558895381648966
2021-11-01,84.87799987792968,84.87799987792968,1.1610070943832398,73.10721897269654,73.10721897269654,4.291927116636254,0.70541,0.7048,0.70541,0.7048,-0.34897608492682725,-0.3498412043601673
2021-11-08,82.68399963378906,82.68399963378906,1.1583793878555297,71.37903220710727,71.37903220710727,4.268004159649943,0.70665,0.7054199999999999,0.70665,0.7054199999999999,-0.34721978516797725,-0.34896190887443235
2021-11-15,82.9020004272461,82.9020004272461,1.1513092994689942,72.00671484672458,72.00671484672458,4.276759376427512,0.7056699999999999,0.7046699999999999,0.7056699999999999,0.7046699999999999,-0.3486075728609737,-0.3500256708622833
2021-11-22,80.50799865722657,80.50799865722657,1.1330599069595337,71.05361169583935,71.05361169583935,4.263434686408634,0.7034600000000001,0.70335,0.7034600000000001,0.70335,-0.35174426260852387,-0.351900644778432
2021-11-29,77.68000030517578,77.68000030517578,1.1238572120666503,69.11910113770661,69.11910113770661,4.235831120037785,0.70009,0.70021,0.70009,0.70021,-0.3565463807747587,-0.3563749889297344
2021-12-06,70.41399993896485,70.41399993896485,1.131084966659546,62.25350173906016,62.25350173906016,4.131214786598993,0.69201,0.69223,0.69201,0.69223,-0.3681548726018282,-0.3678370086449243
2021-12-13,75.04400024414062,75.04400024414062,1.1302782535552978,66.3942706214945,66.3942706214945,4.195610766938686,0.6858200000000001,0.6861799999999999,0.6858200000000001,0.6861799999999999,-0.37714007635726055,-0.37661529500410945
2021-12-20,73.52799682617187,73.52799682617187,1.1283020973205566,65.16694154941571,65.16694154941571,4.1769523088980165,0.68345,0.68353,0.68345,0.68353,-0.38060177838347503,-0.38048473204762334
2021-12-27,76.18000030517578,76.18000030517578,1.1309112787246705,67.36160628894251,67.36160628894251,4.210075215982034,0.683695,0.68385,0.683695,0.68385,-0.38024336723817187,-0.380016683654577
2022-01-03,78.85000152587891,78.85000152587891,1.1340689420700074,69.52840219921251,69.52840219921251,4.241735333826926,0.6839400000000001,0.68417,0.6839400000000001,0.68417,-0.3798850845053947,-0.37954885422834583
2022-01-10,81.08200073242188,81.08200073242188,1.1310041666030883,71.69027588638104,71.69027588638104,4.272355116181843,0.6924199999999999,0.69244,0.6924199999999999,0.69244,-0.3675625710596971,-0.3675336872736082
2022-01-17,84.72999954223633,84.72999954223633,1.1401272773742677,74.31626382746578,74.31626382746578,4.308329821813862,0.70956,0.7106699999999999,0.70956,0.7106699999999999,-0.34311021936139824,-0.341547091943992
2022-01-24,87.6979995727539,87.6979995727539,1.1347768783569336,77.28215232912888,77.28215232912888,4.347463040566233,0.7295,0.7327100000000001,0.7295,0.7327100000000001,-0.31539591101929665,-0.3110052897586783
2022-01-31,89.747998046875,89.747998046875,1.1234322786331177,79.88732365432082,79.88732365432082,4.380617187548783,0.7443200000000001,0.7492300000000001,0.7443200000000001,0.7492300000000001,-0.295284229091892,-0.2887092665016651
2022-02-07,91.14000091552734,91.14000091552734,1.133889102935791,80.37823159209631,80.37823159209631,4.386743388183073,0.76285,0.7683300000000001,0.76285,0.7683300000000001,-0.2706938594229259,-0.26353595062370255
2022-02-14,92.93200225830078,92.93200225830078,1.1413264751434327,81.4245566735161,81.4245566735161,4.399676906548349,0.77591,0.78276,0.77591,0.78276,-0.25371874490649016,-0.2449291433861321
2022-02-21,93.64999961853027,93.64999961853027,1.1344417810440064,82.5516136512055,82.5516136512055,4.41342371773663,0.7879400000000001,0.79437,0.7879400000000001,0.79437,-0.2383333341551968,-0.2302059313147184
2022-02-28,98.33599853515625,98.33599853515625,1.1263246059417724,87.30697883753764,87.30697883753764,4.469430400515721,0.80345,0.80921,0.80345,0.80921,-0.21884032349437485,-0.21169681588057448
2022-03-07,113.93600006103516,113.93600006103516,1.1080479383468629,102.825876135847,102.825876135847,4.633037034730291,0.87253,0.88205,0.87253,0.88205,-0.13635824154251466,-0.12550653523972216
2022-03-14,113.60400085449218,113.60400085449218,1.0956677198410034,103.68472010015746,103.68472010015746,4.641354757225086,1.06224,1.14869,1.06224,1.14869,0.06037988598871224,0.13862216263816224
2022-03-21,105.6240005493164,105.6240005493164,1.1015433073043823,95.88728817915646,95.88728817915646,4.563173420227117,1.0234,1.12404,1.0234,1.12404,0.023130417388854466,0.11692933802690239
2022-03-28,117.8480010986328,117.8480010986328,1.1008946418762207,107.04748357916259,107.04748357916259,4.673272507792212,1.05475,1.15545,1.05475,1.15545,0.053303772022311076,0.14448987848494751
2022-04-04,108.70200042724609,108.70200042724609,1.107336688041687,98.16526590434243,98.16526590434243,4.5866524450960116,0.9910399999999999,1.09831,0.9910399999999999,1.09831,-0.009000382197299159,0.09377263475113727
2022-04-11,101.91000061035156,101.91000061035156,1.0906063318252563,93.44343383720626,93.44343383720626,4.537356267518621,0.96862,1.07568,0.96862,1.07568,-0.031882900867727174,0.07295301973858948
2022-04-18,109.56999969482422,109.56999969482422,1.084738302230835,101.01053818186965,101.01053818186965,4.615224849832736,0.968995,1.07849,0.968995,1.07849,-0.03149582706340373,0.07556191466685981
2022-04-25,106.27000122070312,106.27000122070312,1.0814470291137694,98.26648773337506,98.26648773337506,4.587683050750316,0.96937,1.0813,0.96937,1.0813,-0.031108903027240935,0.07816402096935429
2022-05-02,106.96399841308593,106.96399841308593,1.0590617418289185,100.99883150189837,100.99883150189837,4.6151089474862,0.97921,1.10073,0.97921,1.10073,-0.021009154857921125,0.09597359605872592
2022-05-09,108.86800079345703,108.86800079345703,1.054640007019043,103.22764172504151,103.22764172504151,4.6369366633559626,1.00379,1.13309,1.00379,1.13309,0.003782836045220355,0.1249484140190453
2022-05-16,108.64199981689453,108.64199981689453,1.047829270362854,103.68292134010798,103.68292134010798,4.641337408712685,1.01598,1.13093,1.01598,1.13093,0.015853663923167245,0.12304030308772879
2022-05-23,111.81000061035157,111.81000061035157,1.0521672248840332,106.26637854327285,106.26637854327285,4.6659489469199915,1.05694,1.1243599999999998,1.05694,1.1243599999999998,0.055377940849314126,0.11721398488881354
2022-05-30,116.10499954223633,116.10499954223633,1.0713919639587401,108.36836885842798,108.36836885842798,4.68553624622458,1.06706,1.11849,1.06706,1.11849,0.06490720316599899,0.11197956136270705
2022-06-06,119.19400024414062,119.19400024414062,1.0727785348892211,111.10774159593808,111.10774159593808,4.710500375549529,1.1122100000000001,1.15024,1.1122100000000001,1.15024,0.10634902691954133,0.1399706162534243
2022-06-13,122.3,122.3,1.0643376111984253,114.90714855250897,114.90714855250897,4.744124398345947,1.17263,1.21889,1.17263,1.21889,0.159249089392634,0.19794060852753229
2022-06-20,118.15250015258789,118.15250015258789,1.0470043420791626,112.84814723686651,112.84814723686651,4.726043085201135,1.21298,1.2769000000000001,1.21298,1.2769000000000001,0.19308014177981717,0.24443526544849853
2022-06-27,112.93000030517578,112.93000030517578,1.0540757417678832,107.13651384839854,107.13651384839854,4.6741038516407984,1.2215799999999999,1.29967,1.2215799999999999,1.29967,0.200145102817078,0.2621103860892566
2022-07-04,115.17000007629395,115.17000007629395,1.0492530822753907,109.76379485732691,109.76379485732691,4.698330737517357,1.21426,1.29041,1.21426,1.29041,0.1941348377461445,0.2549599973338625
2022-07-11,104.44599914550781,104.44599914550781,1.024264430999756,101.97171353842775,101.97171353842775,4.624695456573746,1.18426,1.25689,1.18426,1.25689,0.16911810694904478,0.22864041583458
2022-07-18,101.11799926757813,101.11799926757813,1.0047065019607544,100.6443165941888,100.6443165941888,4.611592683469012,1.15169,1.22349,1.15169,1.22349,0.14123042883832315,0.2017074305937919
2022-07-25,105.2959991455078,105.2959991455078,1.0196120500564576,103.27064998856908,103.27064998856908,4.637353211733119,1.1097000000000001,1.18544,1.1097000000000001,1.18544,0.10408970852438107,0.17011401368620976
2022-08-01,105.64000091552734,105.64000091552734,1.0192874908447265,103.64102558344851,103.64102558344851,4.640933251278376,1.06025,1.15035,1.06025,1.15035,0.058504729372562965,0.1400662438968409
2022-08-08,96.6020004272461,96.6020004272461,1.0198670625686646,94.72018851549309,94.72018851549309,4.550927161373296,1.02209,1.11726,1.02209,1.11726,0.021849550526536737,0.11087925933958892
2022-08-15,97.31199951171875,97.31199951171875,1.0255938053131104,94.88356794628817,94.88356794628817,4.552650539372559,0.9726,1.07238,0.9726,1.07238,-0.02778238101245161,0.06988047744820523
2022-08-22,95.15599975585937,95.15599975585937,1.0127591848373414,93.95718269505728,93.95718269505728,4.542839175252816,0.9554600000000001,1.06244,0.9554600000000001,1.06244,-0.0455623790770906,0.0605681496336759
2022-08-29,101.3719985961914,101.3719985961914,0.9957086920738221,101.80889190096138,101.80889190096138,4.623097447069709,0.9654400000000001,1.1151300000000002,0.9654400000000001,1.1151300000000002,-0.0351713230114407,0.10897099004402275
2022-09-05,95.29499816894531,95.29499816894531,0.9987977981567383,95.40969988601333,95.40969988601333,4.5581802492396095,0.9532200000000001,1.1394900000000001,0.9532200000000001,1.1394900000000001,-0.04790955202214982,0.13058079388624425
2022-09-12,91.36399993896484,91.36399993896484,0.998586094379425,91.49336291904137,91.49336291904137,4.516266433246664,0.93326,1.13079,0.93326,1.13079,-0.0690714460024193,0.12291650350141498
2022-09-19,92.29199829101563,92.29199829101563,1.0021255731582641,92.0962409931835,92.0962409931835,4.522834128022071,0.90807,1.1105399999999999,0.90807,1.1105399999999999,-0.09643381084130541,0.10484638351454313
2022-09-26,88.2240005493164,88.2240005493164,0.9872512340545654,89.36327198800976,89.36327198800976,4.492709769891966,0.8790800000000001,1.07664,0.8790800000000001,1.07664,-0.12887937292412685,0.07384508045787086
2022-10-03,88.17999877929688,88.17999877929688,0.9710064053535461,90.81299391345446,90.81299391345446,4.5088023801424635,0.85997,1.05746,0.85997,1.05746,-0.150857774063965,0.0558698061638088
2022-10-10,94.74000091552735,94.74000091552735,0.9850290060043335,96.17990976715517,96.17990976715517,4.5662204976826715,0.8820800000000001,1.09898,0.8820800000000001,1.09898,-0.1254725241407635,0.09438247689374477
2022-10-17,92.91199951171875,92.91199951171875,0.9721784830093384,95.57092770055297,95.57092770055297,4.559868670257793,0.91307,1.17577,0.91307,1.17577,-0.09094273100855294,0.16192325211722633
2022-10-24,92.31600036621094,92.31600036621094,0.9823148608207702,93.97801463481534,93.97801463481534,4.5430608680505395,0.90786,1.17365,0.90786,1.17365,-0.09666509729060266,0.16011855089275923
2022-10-31,95.35399932861328,95.35399932861328,0.9972995758056641,95.61219280734375,95.61219280734375,4.560300351750615,0.8967999999999999,1.16173,0.8967999999999999,1.16173,-0.10892240722418697,0.14991027342697377
2022-11-07,96.39400024414063,96.39400024414063,0.9851413369178772,97.84788906099487,97.84788906099487,4.583414120395225,0.90499,1.15601,0.90499,1.15601,-0.09983138506701653,0.14497442073180133
2022-11-14,94.16199951171875,94.16199951171875,1.0127959489822387,92.9723303162324,92.9723303162324,4.532301925402992,0.92318,1.15101,0.92318,1.15101,-0.07993104724112787,0.14063981779931106
2022-11-21,90.31399993896484,90.31399993896484,1.0352956056594849,87.2349881958928,87.2349881958928,4.468605491217966,0.91267,1.1161400000000001,0.91267,1.1161400000000001,-0.0913809095075726,0.10987630411984721
2022-11-28,85.14750099182129,85.14750099182129,1.0349728345870972,82.27027622980164,82.27027622980164,4.4100098787758055,0.88209,1.0653299999999999,0.88209,1.0653299999999999,-0.12546118736482914,0.06328461031988446
2022-12-05,84.71799926757812,84.71799926757812,1.0433600425720215,81.19728167731722,81.19728167731722,4.39688176972694,0.90639,1.07906,0.90639,1.07906,-0.09828560198586439,0.07609029177354204
2022-12-12,77.35199890136718,77.35199890136718,1.0512214422225952,73.58297290609106,73.58297290609106,4.298413652585495,0.81635,0.98349,0.81635,0.98349,-0.2029120944099636,-0.016647808972890307
2022-12-19,80.68600006103516,80.68600006103516,1.0614067316055298,76.01798411339075,76.01798411339075,4.330969945364073,0.7846799999999999,0.94009,0.7846799999999999,0.94009,-0.24247928762095225,-0.06177966362046584
2022-12-26,81.77249908447266,81.77249908447266,1.0624558448791503,76.96555059544514,76.96555059544514,4.343357926878392,0.75375,0.9176599999999999,0.75375,0.9176599999999999,-0.2826945309407418,-0.08592832733606247
2023-01-02,83.94000244140625,83.94000244140625,1.0655425310134887,78.77677333214177,78.77677333214177,4.366618198746886,0.7692100000000001,0.93247,0.7692100000000001,0.93247,-0.26239126483199754,-0.0699182995634523
2023-01-09,79.36999969482422,79.36999969482422,1.0601895093917846,74.86397383837314,74.86397383837314,4.315672784668429,0.75685,0.91385,0.75685,0.91385,-0.2785901957735628,-0.09008883478168583
2023-01-16,83.01999855041504,83.01999855041504,1.0784597873687745,76.98015217884682,76.98015217884682,4.343547624715777,0.75814,0.9102100000000001,0.75814,0.9102100000000001,-0.2768872138241561,-0.09407993686359516
2023-01-23,86.5760009765625,86.5760009765625,1.0824050426483154,79.98484630553587,79.98484630553587,4.381837195550622,0.7711699999999999,0.91957,0.7711699999999999,0.91957,-0.25984643685737985,-0.08384910950476111
2023-01-30,86.25600128173828,86.25600128173828,1.089007306098938,79.20608135378458,79.20608135378458,4.372053080642588,0.8054600000000001,0.95008,0.8054600000000001,0.95008,-0.2163417361952815,-0.051209087406742036
2023-02-06,82.08599853515625,82.08599853515625,1.0884096145629882,75.41829605034768,75.41829605034768,4.323049898766023,0.80633,0.93755,0.80633,0.93755,-0.21526219098840874,-0.0644851892264095
2023-02-13,85.25599975585938,85.25599975585938,1.0719263315200807,79.53531623293485,79.53531623293485,4.376201152364735,0.79598,0.90159,0.79598,0.90159,-0.2281812190815486,-0.10359540771115942
2023-02-20,84.77499961853027,84.77499961853027,1.0701619386672974,79.21698254761607,79.21698254761607,4.372190701940652,0.7962,0.8879900000000001,0.7962,0.8879900000000001,-0.2279048684159202,-0.11879479731463666
2023-02-27,82.29400024414062,82.29400024414062,1.0618647813796998,77.49951000090103,77.49951000090103,4.350271613770294,0.79328,0.8757999999999999,0.79328,0.8757999999999999,-0.2315790301353114,-0.13261752461483917
2023-03-06,84.99199981689453,84.99199981689453,1.0616678237915038,80.05517160100514,80.05517160100514,4.3827160419906015,0.79032,0.8654400000000001,0.79032,0.8654400000000001,-0.2353173522459185,-0.1445172308590201
2023-03-13,82.21799926757812,82.21799926757812,1.061138963699341,77.48089748862851,77.48089748862851,4.350031421959427,0.79613,0.8683200000000001,0.79613,0.8683200000000001,-0.22799278988954075,-0.14119496866704226
2023-03-20,74.51999969482422,74.51999969482422,1.0665802240371705,69.86816182729747,69.86816182729747,4.246610063749665,0.79237,0.85949,0.79237,0.85949,-0.23272682454127136,-0.151416088898237
2023-03-27,76.20600128173828,76.20600128173828,1.0795403957366942,70.59115303391143,70.59115303391143,4.256904825512701,0.7887000000000001,0.85856,0.7887000000000001,0.85856,-0.23736925857819174,-0.15249871174487775
2023-04-03,80.17999877929688,80.17999877929688,1.0839642524719237,73.96922785640817,73.96922785640817,4.3036491669405645,0.79467,0.83069,0.79467,0.83069,-0.22982834484293133,-0.185498598249776
2023-04-10,84.8075008392334,84.8075008392334,1.0921883821487426,77.64915121362613,77.64915121362613,4.35220061860934,0.80871,0.83114,0.80871,0.83114,-0.2123148934318965,-0.18495702659563726
2023-04-17,86.01999969482422,86.01999969482422,1.0965586662292481,78.44541504616659,78.44541504616659,4.362403033190248,0.81726,0.83054,0.81726,0.83054,-0.2017979972948318,-0.18567918733185101
2023-04-24,82.6760009765625,82.6760009765625,1.0963228940963745,75.412090198761,75.412090198761,4.322967609623304,0.8109,0.81343,0.8109,0.81343,-0.2096105370316255,-0.20649540396637675
2023-05-01,79.13600006103516,79.13600006103516,1.1025627374649047,71.77460054834667,71.77460054834667,4.273530660660351,0.7941699999999999,0.78492,0.7941699999999999,0.78492,-0.23045773485892482,-0.24217347722101543
2023-05-08,74.49200134277343,74.49200134277343,1.1018136739730835,67.60852864909464,67.60852864909464,4.213734138539126,0.7755,0.7595299999999999,0.7755,0.7595299999999999,-0.2542472963655436,-0.27505545805556497
2023-05-15,75.64600219726563,75.64600219726563,1.0941943168640136,69.13397468017274,69.13397468017274,4.236046284039533,0.75652,0.73845,0.75652,0.73845,-0.2790263085618835,-0.3032018841098177
2023-05-22,75.86000061035156,75.86000061035156,1.0835171699523927,70.01273511308057,70.01273511308057,4.2486771556889344,0.75319,0.73533,0.75319,0.73533,-0.2834377589734148,-0.30743590093864187
2023-05-29,77.10249900817871,77.10249900817871,1.0757112741470336,71.67583055157229,71.67583055157229,4.2721535994465905,0.76215,0.74514,0.76215,0.74514,-0.27161189227428645,-0.2941831587941408
2023-06-05,74.66399993896485,74.66399993896485,1.0719066619873048,69.65531849623781,69.65531849623781,4.243559057629794,0.76523,0.7444400000000001,0.76523,0.7444400000000001,-0.26757883674806515,-0.295123021106374
2023-06-12,75.16599884033204,75.16599884033204,1.0730191707611083,70.05093747487818,70.05093747487818,4.249222655632483,0.77278,0.75017,0.77278,0.75017,-0.2577608763359039,-0.2874554314701219
2023-06-19,74.9424991607666,74.9424991607666,1.085668969154358,69.02886726065341,69.02886726065341,4.234524783202992,0.78059,0.75748,0.78059,0.75748,-0.2477052349761475,-0.27775814458743264
2023-06-26,75.03800048828126,75.03800048828126,1.0940576791763306,68.5868779283869,68.5868779283869,4.228101232591995,0.78999,0.76811,0.78999,0.76811,-0.23573499182903407,-0.26382232692411606
2023-07-03,74.03600006103515,74.03600006103515,1.0911815166473389,67.84938979585282,67.84938979585282,4.2172903928115915,0.78512,0.76376,0.78512,0.76376,-0.24191870664054374,-0.2695016752923593
2023-07-10,77.33250045776367,77.33250045776367,1.0902997970581054,70.92773993577326,70.92773993577326,4.261661611401306,0.78377,0.76274,0.78377,0.76274,-0.24363966901928616,-0.2708380659268892
2023-07-17,79.8480010986328,79.8480010986328,1.112315583229065,71.78538384478364,71.78538384478364,4.27368088771008,0.7958500000000001,0.7787200000000001,0.7958500000000001,0.7787200000000001,-0.22834455310627358,-0.2501037328969928
2023-07-24,80.50799865722657,80.50799865722657,1.1186829090118409,71.96677271876906,71.96677271876906,4.276204522479668,0.7995,0.7838999999999999,0.7995,0.7838999999999999,-0.22376874670812816,-0.24347381778746063
2023-07-31,84.2699981689453,84.2699981689453,1.1039003133773804,76.33841312275875,76.33841312275875,4.335176260131668,0.8272999999999999,0.81383,0.8272999999999999,0.81383,-0.18958789278599994,-0.20600377999963934
2023-08-07,84.96599884033203,84.96599884033203,1.0980776309967042,77.37704187927953,77.37704187927953,4.3486901200495165,0.85294,0.85507,0.85294,0.85507,-0.1590660739409834,-0.15657194205162325
2023-08-14,86.62799987792968,86.62799987792968,1.0973154783248902,78.94539135652391,78.94539135652391,4.368756364792921,0.86099,0.8807200000000001,0.86099,0.8807200000000001,-0.14967238902371222,-0.12701552421998927
2023-08-21,84.34400024414063,84.34400024414063,1.0887836933135986,77.4662596088747,77.4662596088747,4.349842481677184,0.86681,0.8951699999999999,0.86681,0.8951699999999999,-0.14293547269981657,-0.11074163461030662
2023-08-28,83.9,83.9,1.084147047996521,77.38802605702362,77.38802605702362,4.348832066522438,0.86809,0.8968200000000001,0.86809,0.8968200000000001,-0.14145988306092985,-0.10890010595635882
2023-09-04,86.69000053405762,86.69000053405762,1.0849456310272216,79.90262189634325,79.90262189634325,4.380808666956532,0.87362,0.90359,0.87362,0.90359,-0.13510978048066116,-0.10137956129326298
2023-09-11,90.36999969482422,90.36999969482422,1.073215413093567,84.20490294146141,84.20490294146141,4.433253149261565,0.88602,0.92088,0.88602,0.92088,-0.12101575526839946,-0.08242554437533038
2023-09-18,93.19999847412109,93.19999847412109,1.070865797996521,87.0323794526715,87.0323794526715,4.4662802270305875,0.90872,0.9596699999999999,0.90872,0.9596699999999999,-0.09571826305897092,-0.041165803615829596
2023-09-25,93.5459991455078,93.5459991455078,1.0667558431625366,87.69204288413225,87.69204288413225,4.473831164180093,0.91249,0.9713200000000001,0.91249,0.9713200000000001,-0.09157815248964928,-0.02909930782527471
2023-10-02,94.38199920654297,94.38199920654297,1.0558825731277466,89.38683297609848,89.38683297609848,4.492973389185838,0.90404,0.9662999999999999,0.90404,0.9662999999999999,-0.10088167178125447,-0.03428093397687428
2023-10-09,86.70599975585938,86.70599975585938,1.0514845609664918,82.46055431965823,82.46055431965823,4.41232004954161,0.88036,0.9577100000000001,0.88036,0.9577100000000001,-0.12742436425566572,-0.043210260825878026
2023-10-16,88.00200042724609,88.00200042724609,1.0573248863220215,83.23080404677431,83.23080404677431,4.4216175202517025,0.84429,0.93776,0.84429,0.93776,-0.16925924150805807,-0.06426122625401791
2023-10-23,91.15400085449218,91.15400085449218,1.0568469762802124,86.2508980962667,86.2508980962667,4.457260468567596,0.82527,0.92662,0.82527,0.92662,-0.19204467346222084,-0.07621172194588709
2023-10-30,88.81199951171875,88.81199951171875,1.0591873407363892,83.84918899235815,83.84918899235815,4.429019816097912,0.80672,0.9115700000000001,0.80672,0.9115700000000001,-0.21477863498258207,-0.09258689132281528
2023-11-06,85.79199981689453,85.79199981689453,1.062648558616638,80.734123357377,80.734123357377,4.391161328002223,0.79144,0.89712,0.79144,0.89712,-0.23390120796716987,-0.10856564660677462
2023-11-13,81.02200012207031,81.02200012207031,1.0697163820266724,75.74157176930109,75.74157176930109,4.327327174427603,0.7756799999999999,0.87791,0.7756799999999999,0.87791,-0.2540152149812969,-0.13021119629584904
2023-11-20,80.8,80.8,1.0839101314544677,74.54492550187423,74.54492550187423,4.311401970508667,0.75986,0.85517,0.75986,0.85517,-0.27462107319691903,-0.15645499940016622
2023-11-27,81.26800079345703,81.26800079345703,1.092035984992981,74.41879380374024,74.41879380374024,4.309708514828785,0.75137,0.84605,0.75137,0.84605,-0.28585707211176287,-0.16717681946750146
2023-12-04,80.90399932861328,80.90399932861328,1.094365382194519,73.92777644919413,73.92777644919413,4.303088622682159,0.7446,0.83621,0.7446,0.83621,-0.2949081175435205,-0.17887550126966265
2023-12-11,75.48399963378907,75.48399963378907,1.0791205167770386,69.94955471631081,69.94955471631081,4.24777433534871,0.73068,0.8200599999999999,0.73068,0.8200599999999999,-0.31377967157365405,-0.19837777066897846
2023-12-18,75.72200012207031,75.72200012207031,1.0868049383163452,69.67395661578168,69.67395661578168,4.243826598240194,0.7190700000000001,0.80234,0.7190700000000001,0.80234,-0.3297965685591282,-0.22022282080323227
2023-12-25,79.34749984741211,79.34749984741211,1.09766685962677,72.2874150308154,72.2874150308154,4.280650048049655,0.7190700000000001,0.80234,0.7190700000000001,0.80234,-0.3297965685591282,-0.22022282080323227
2024-01-01,79.03750038146973,79.03750038146973,1.1059186697006225,71.46773315877338,71.46773315877338,4.269246063347789,0.7241000000000001,0.8011699999999999,0.7241000000000001,0.8011699999999999,-0.3228257745873619,-0.22168211972576043
2024-01-08,77.3220001220703,77.3220001220703,1.09595787525177,70.55198184903543,70.55198184903543,4.256349769315116,0.72542,0.80108,0.72542,0.80108,-0.3210044815180951,-0.2217944617449142
2024-01-15,77.52250099182129,77.52250099182129,1.095732569694519,70.7494722123975,70.7494722123975,4.25914507660008,0.7215499999999999,0.79614,0.7215499999999999,0.79614,-0.3263536031000504,-0.22798022920573702
2024-01-22,78.77799835205079,78.77799835205079,1.0896342754364015,72.29765080627625,72.29765080627625,4.280791636330833,0.72881,0.80403,0.72881,0.80403,-0.3163422119450127,-0.21811869706646364
2024-01-29,81.59400177001953,81.59400177001953,1.0862080574035644,75.11820706344153,75.11820706344153,4.319062966982604,0.75673,0.83087,0.75673,0.83087,-0.27874876023695616,-0.18528193439086738
2024-02-05,79.71999969482422,79.71999969482422,1.0827296495437622,73.62872137880073,73.62872137880073,4.299035185737527,0.76891,0.84621,0.76891,0.84621,-0.2627813514361692,-0.16698772322877123
2024-02-12,80.7239990234375,80.7239990234375,1.0770046949386596,74.95231859507828,74.95231859507828,4.316852159294649,0.7797799999999999,0.85923,0.7797799999999999,0.85923,-0.2487434503644948,-0.1517186396359758
2024-02-19,82.67499923706055,82.67499923706055,1.075443172454834,76.87528393373357,76.87528393373357,4.342184419566802,0.7994,0.8847,0.7994,0.8847,-0.2238938327049139,-0.12250667449279676
2024-02-26,82.63799896240235,82.63799896240235,1.0810935020446777,76.43927079952722,76.43927079952722,4.336496579812275,0.79535,0.87962,0.79535,0.87962,-0.22897300963776757,-0.12826528295202283
2024-03-04,83.46000213623047,83.46000213623047,1.083644437789917,77.0178844884272,77.0178844884272,4.3440376609675635,0.78961,0.8684400000000001,0.78961,0.8684400000000001,-0.23621612630273683,-0.1410567803161003
2024-03-11,82.45,82.45,1.0900760889053345,75.63692189854117,75.63692189854117,4.325944548865735,0.79023,0.8585900000000001,0.79023,0.8585900000000001,-0.23543123665336818,-0.1524637701264948
2024-03-18,84.71999816894531,84.71999816894531,1.0916080951690674,77.61026923845223,77.61026923845223,4.351699753980662,0.78913,0.8497899999999999,0.78913,0.8497899999999999,-0.236824206182629,-0.16276601884536315
2024-03-25,86.25799865722657,86.25799865722657,1.0868871450424193,79.3624241952554,79.3624241952554,4.374025009325287,0.8102699999999999,0.8586,0.8102699999999999,0.8586,-0.21038775352553232,-0.15245212319167678
2024-04-01,86.80999946594238,86.80999946594238,1.0814233779907227,80.27383283246084,80.27383283246084,4.3854437002555615,0.81849,0.8523099999999999,0.81849,0.8523099999999999,-0.2002940997165648,-0.15980496856483717
2024-04-08,90.09399871826172,90.09399871826172,1.0802330255508423,83.40237392049754,83.40237392049754,4.423676773234152,0.82962,0.857,0.82962,0.857,-0.18678751435355542,-0.15431736038435728
2024-04-15,90.03799896240234,90.03799896240234,1.0768230438232422,83.61448009389169,83.61448009389169,4.426216711956812,0.84024,0.86364,0.84024,0.86364,-0.17406771366761714,-0.14659926367442389
2024-04-22,87.74199981689453,87.74199981689453,1.064380979537964,82.43476866242233,82.43476866242233,4.412007297706327,0.84577,0.8600599999999999,0.84577,0.8600599999999999,-0.16750782395090566,-0.15075312472635802
2024-04-29,88.66999969482421,88.66999969482421,1.0698951721191405,82.8772780787445,82.8772780787445,4.417360936257882,0.84094,0.8497100000000001,0.84094,0.8497100000000001,-0.17323496519279297,-0.1628601641822963
2024-05-06,84.25200042724609,84.25200042724609,1.0719001770019532,78.60060314841479,78.60060314841479,4.3643793730496725,0.83905,0.83769,0.83905,0.83769,-0.17548497953496633,-0.17710717534139875
2024-05-13,83.35400085449218,83.35400085449218,1.0764095067977906,77.43707234848,77.43707234848,4.349465636836324,0.82782,0.8197300000000001,0.82782,0.8197300000000001,-0.1889595395341399,-0.1987802612372278
2024-05-20,83.21799926757812,83.21799926757812,1.0848233699798584,76.71110484015772,76.71110484015772,4.340046480685341,0.8149500000000001,0.8032999999999999,0.8149500000000001,0.8032999999999999,-0.2046285173164952,-0.21902703580237032
2024-05-27,82.06500053405762,82.06500053405762,1.0840304136276244,75.7035960452746,75.7035960452746,4.326825663215717,0.80761,0.79441,0.80761,0.79441,-0.21367601025260677,-0.23015557821358623
2024-06-03,81.93200073242187,81.93200073242187,1.0840808629989624,75.57738866985265,75.57738866985265,4.325157146780038,0.80037,0.7850199999999999,0.80037,0.7850199999999999,-0.22268115823436893,-0.2420460838172736
2024-06-10,79.41000061035156,79.41000061035156,1.0867419242858887,73.07162706779057,73.07162706779057,4.291440152802931,0.7885800000000001,0.7719400000000001,0.7885800000000001,0.7719400000000001,-0.2375214192601652,-0.2588484521849865
2024-06-17,82.82799987792968,82.82799987792968,1.0751748561859131,77.03677164824578,77.03677164824578,4.344282861734445,0.78339,0.77139,0.78339,0.77139,-0.24412462270295254,-0.25956119673512623
2024-06-24,85.57250022888184,85.57250022888184,1.0725733757019043,79.78242064127521,79.78242064127521,4.379303187471909,0.7844099999999999,0.789,0.7844099999999999,0.789,-0.24282343614355434,-0.23698895813626278
2024-07-01,85.93200073242187,85.93200073242187,1.0713236570358275,80.21105495810787,80.21105495810787,4.384661347743505,0.79598,0.8068,0.79598,0.8068,-0.2281812190815486,-0.2146794729020804
2024-07-08,86.46749877929688,86.46749877929688,1.0783108472824097,80.18791519830741,80.18791519830741,4.384372820205723,0.80561,0.8184400000000001,0.80561,0.8184400000000001,-0.21615552454658413,-0.2003551896837785
2024-07-15,85.00400085449219,85.00400085449219,1.0847465753555299,78.3630045816294,78.3630045816294,4.36135193564944,0.80426,0.8178500000000001,0.80426,0.8178500000000001,-0.21783267899563324,-0.20107633327760233
2024-07-22,83.79000091552734,83.79000091552734,1.0909002542495727,76.80812300586203,76.80812300586203,4.341310402866049,0.79798,0.8108200000000001,0.79798,0.8108200000000001,-0.22567174450304348,-0.20970919771295735
2024-07-29,81.2,81.2,1.0857012033462525,74.79037487453502,74.79037487453502,4.3146891985527605,0.78918,0.80116,0.78918,0.80116,-0.2367608472733948,-0.22169460154910528
2024-08-05,78.39599914550782,78.39599914550782,1.0831578731536866,72.37726012852828,72.37726012852828,4.281892163433599,0.77865,0.79018,0.77865,0.79018,-0.2501936280407894,-0.23549451137324046
2024-08-12,79.18600311279297,79.18600311279297,1.0926971435546875,72.46839033109438,72.46839033109438,4.283150471353804,0.7699400000000001,0.7803,0.7699400000000001,0.7803,-0.26144268924841235,-0.2480768178594215
2024-08-19,79.76600189208985,79.76600189208985,1.098883605003357,72.58821728607569,72.58821728607569,4.2848026123242295,0.7651399999999999,0.77474,0.7651399999999999,0.77474,-0.26769645536330694,-0.255227789787061
2024-08-26,78.18399963378906,78.18399963378906,1.1134972333908082,70.21481265445456,70.21481265445456,4.251559295246742,0.756,0.76312,0.756,0.76312,-0.27971390280260405,-0.2703399861451844
2024-09-02,79.2350025177002,79.2350025177002,1.1118576765060424,71.26361960884442,71.26361960884442,4.266385953286301,0.74353,0.74987,0.74353,0.74987,-0.2963461641985771,-0.28785542080907256
2024-09-09,72.40799865722656,72.40799865722656,1.1079020738601684,65.35595551774857,65.35595551774857,4.17984856855369,0.73254,0.73953,0.73254,0.73953,-0.311237332073318,-0.30174042970282117
2024-09-16,71.2260009765625,71.2260009765625,1.104714822769165,64.47455896176156,64.47455896176156,4.166270711290528,0.71376,0.7233200000000001,0.71376,0.7233200000000001,-0.33720850760218246,-0.32390355446535807
2024-09-23,74.1239990234375,74.1239990234375,1.1138050317764283,66.55024614605642,66.55024614605642,4.197957243497788,0.70027,0.71225,0.70027,0.71225,-0.35628930402165054,-0.3393263056041193
2024-09-30,72.7959991455078,72.7959991455078,1.1156187295913695,65.25168251000198,65.25168251000198,4.1782518314642605,0.69359,0.7067899999999999,0.69359,0.7067899999999999,-0.3658742711514571,-0.3470216869105942
2024-10-07,76.81200103759765,76.81200103759765,1.1051825523376464,69.50164104122653,69.50164104122653,4.241350364395964,0.69079,0.70421,0.69079,0.70421,-0.36991940878428137,-0.3506786718507928
2024-10-14,77.93200073242187,77.93200073242187,1.095080828666687,71.16552376075087,71.16552376075087,4.26500848430371,0.71215,0.72684,0.71215,0.72684,-0.33946671560154196,-0.31904890820128085
2024-10-21,74.05399932861329,74.05399932861329,1.087078619003296,68.12202727021786,68.12202727021786,4.221300615630841,0.7186,0.73121,0.7186,0.73121,-0.33045040430271866,-0.31305458278691795
2024-10-28,74.56999969482422,74.56999969482422,1.0803265810012816,69.02542342863612,69.02542342863612,4.2344748922216855,0.71594,0.72313,0.71594,0.72313,-0.3341589144154955,-0.3241662666242198
2024-11-04,73.002001953125,73.002001953125,1.0851449966430664,67.27396078769125,67.27396078769125,4.20877324926499,0.7113400000000001,0.72025,0.7113400000000001,0.72025,-0.34060476376123777,-0.3281569050174993
2024-11-11,74.35599975585937,74.35599975585937,1.0810331106185913,68.78235183130627,68.78235183130627,4.230947197954084,0.71124,0.72303,0.71124,0.72303,-0.34074535339439,-0.3243045639082817
2024-11-18,72.21399993896485,72.21399993896485,1.0581814289093017,68.2434958373801,68.2434958373801,4.223082130437817,0.70923,0.72229,0.70923,0.72229,-0.3435754044923209,-0.32532855868405663
2024-11-25,73.70599975585938,73.70599975585938,1.0539582014083861,69.93256436295796,69.93256436295796,4.247531411470401,0.7127,0.73414,0.7127,0.73414,-0.338694704474312,-0.30905553286053855
2024-12-02,72.60250091552734,72.60250091552734,1.0521206617355348,69.00586934179704,69.00586934179704,4.234191563904209,0.71723,0.74452,0.71723,0.74452,-0.3323587087896736,-0.29501556355200476
2024-12-09,72.25599975585938,72.25599975585938,1.0535449981689453,68.5836863934999,68.5836863934999,4.228054698776182,0.71184,0.7395,0.71184,0.7395,-0.33990211192440534,-0.3017809968312825
2024-12-16,73.50400085449219,73.50400085449219,1.0515826225280762,69.89845522340752,69.89845522340752,4.24704354918737,0.7063400000000001,0.73326,0.7063400000000001,0.73326,-0.3476585710121427,-0.31025493330417286
2024-12-23,73.00599975585938,73.00599975585938,1.0432135581970214,69.98183562916411,69.98183562916411,4.2482357173638,0.7098,0.73775,0.7098,0.73775,-0.342772038769741,-0.3041502651590882
2024-12-30,73.85000038146973,73.85000038146973,1.0412103176116942,70.92707316891102,70.92707316891102,4.261652210707066,0.71154,0.74,0.71154,0.74,-0.3403236437773783,-0.3011050927839216
2025-01-06,75.84500122070312,75.84500122070312,1.0332891345024109,73.4015278862164,73.4015278862164,4.295944751292329,0.72454,0.75298,0.72454,0.75298,-0.32221830825544995,-0.28371661195994463
2025-01-13,78.18000183105468,78.18000183105468,1.0317729711532593,75.77248485552917,75.77248485552917,4.327735230120199,0.7413500000000001,0.7698400000000001,0.7413500000000001,0.7698400000000001,-0.2992824305181019,-0.2615725779339916
2025-01-20,81.00749969482422,81.00749969482422,1.0289338827133179,78.72954818166346,78.72954818166346,4.366018538346725,0.76591,0.7980900000000001,0.76591,0.7980900000000001,-0.2666906096170294,-0.2255339059368475
2025-01-27,78.43200073242187,78.43200073242187,1.0424075841903686,75.24120307829448,75.24120307829448,4.320698994181315,0.77262,0.8084,0.77262,0.8084,-0.2579679424683896,-0.2126982934526711
2025-02-03,76.73200073242188,76.73200073242188,1.038888645172119,73.85969717640837,73.85969717640837,4.3021673094486195,0.7662599999999999,0.8009299999999999,0.7662599999999999,0.8009299999999999,-0.2662337412459115,-0.2219817264941211
2025-02-10,75.1260009765625,75.1260009765625,1.0359673500061035,72.51773038611678,72.51773038611678,4.283831089011315,0.7662599999999999,0.8009299999999999,0.7662599999999999,0.8009299999999999,-0.2662337412459115,-0.2219817264941211
2025-02-17,75.48499870300293,75.48499870300293,1.0401870489120484,72.56867770268255,72.56867770268255,4.284533392133033,0.7672100000000001,0.79845,0.7672100000000001,0.79845,-0.26499472108701105,-0.22508293069526097
2025-02-24,75.51399993896484,75.51399993896484,1.0466020107269287,72.1515907336312,72.1515907336312,4.278769332567011,0.76638,0.79813,0.76638,0.79813,-0.26607714869939664,-0.22548378753210593
2025-03-03,72.87799987792968,72.87799987792968,1.0456637382507323,69.69544530619918,69.69544530619918,4.2441349685179075,0.76024,0.7916799999999999,0.76024,0.7916799999999999,-0.2741211060790772,-0.23359800921806875
2025-03-10,69.88800048828125,69.88800048828125,1.0711102962493897,65.24818287435174,65.24818287435174,4.178198197146083,0.74851,0.77912,0.74851,0.77912,-0.2896707151582585,-0.2495902013291932
2025-03-17,70.40799865722656,70.40799865722656,1.0875348091125487,64.7409150192452,64.7409150192452,4.170393382152391,0.73237,0.7624,0.73237,0.7624,-0.31146942824409046,-0.27128392664214473
2025-03-24,71.7,71.7,1.0892606258392334,65.8244668898758,65.8244668898758,4.186991606449095,0.72024,0.7489,0.72024,0.7489,-0.3281707891819157,-0.28914981572681564
2025-03-31,73.84199829101563,73.84199829101563,1.079160714149475,68.42539514534973,68.42539514534973,4.225744029778168,0.7156699999999999,0.74285,0.7156699999999999,0.74285,-0.334536112120459,-0.2972611388987751
2025-04-07,69.8739990234375,69.8739990234375,1.0910370349884033,64.04365459892954,64.04365459892954,4.159564953941353,0.71521,0.74094,0.71521,0.74094,-0.3351790731176731,-0.299835628624351
2025-04-14,64.25400085449219,64.25400085449219,1.10897696018219,57.93988798823749,57.93988798823749,4.059406059102151,0.6967899999999999,0.72065,0.6967899999999999,0.72065,-0.3612712048671468,-0.3276016964530253
2025-04-21,66.18499946594238,66.18499946594238,1.134304364522298,58.34853636820448,58.34853636820448,4.066434274753945,0.67824,0.70202,0.67824,0.70202,-0.3882540713778101,-0.3537933853336691
2025-04-28,66.56800231933593,66.56800231933593,1.1381283521652221,58.489011536083986,58.489011536083986,4.068838899604216,0.6693300000000001,0.69309,0.6693300000000001,0.69309,-0.4014780669307087,-0.366595418094759
2025-05-05,62.204000091552736,62.204000091552736,1.1348607301712037,54.81201211550312,54.81201211550312,4.003909369121351,0.66239,0.6854600000000001,0.66239,0.6854600000000001,-0.41190077264339964,-0.37766513325048523
2025-05-12,62.99599990844727,62.99599990844727,1.1283240795135498,55.831477012886666,55.831477012886666,4.022337814513912,0.65658,0.6765399999999999,0.65658,0.6765399999999999,-0.42071073432373035,-0.39076370525527176
2025-05-19,65.63999938964844,65.63999938964844,1.1168663501739502,58.77157941003873,58.77157941003873,4.073658394689835,0.67899,0.6718200000000001,0.67899,0.6718200000000001,-0.387148879072393,-0.39776483148197633
2025-05-26,64.87750053405762,64.87750053405762,1.1301445484161377,57.406373923567045,57.406373923567045,4.050155341125179,0.67899,0.6779299999999999,0.67899,0.6779299999999999,-0.387148879072393,-0.38871124120961487
2025-06-02,64.33399963378906,64.33399963378906,1.1338191270828246,56.74097225658243,56.74097225658243,4.038496564527913,0.67435,0.6721699999999999,0.67435,0.6721699999999999,-0.39400601501927046,-0.39724399426159235
2025-06-09,65.86799926757813,65.86799926757813,1.1424325466156007,57.655919785118854,57.655919785118854,4.054492926354328,0.6716599999999999,0.66726,0.6716599999999999,0.66726,-0.3980030188770348,-0.4045755039233315
2025-06-16,70.69200134277344,70.69200134277344,1.1506356477737427,61.43734680873896,61.43734680873896,4.118017904455471,0.6772100000000001,0.6738999999999999,0.6772100000000001,0.6738999999999999,-0.38977386214582754,-0.3946735470299658
2025-06-23,75.40999984741211,75.40999984741211,1.1505024671554565,65.54527434770175,65.54527434770175,4.182741115279914,0.70798,0.71439,0.70798,0.71439,-0.3453394342749867,-0.3363262472781757
2025-06-30,67.58600006103515,67.58600006103515,1.166294002532959,57.94936775311524,57.94936775311524,4.05956965951253,0.71877,0.7413,0.71877,0.7413,-0.3302138611707587,-0.29934987731946305
2025-07-07,68.5780014038086,68.5780014038086,1.1789045810699463,58.170951665629126,58.170951665629126,4.063386117864987,0.70748,0.73126,0.70748,0.73126,-0.34604591841554416,-0.31298620531590043
2025-07-14,69.71000061035156,69.71000061035156,1.1715425968170166,59.50274518378402,59.50274518378402,4.086022449029869,0.70368,0.73058,0.70368,0.73058,-0.35143157161574073,-0.3139165397561214
2025-07-21,69.047998046875,69.047998046875,1.1631134271621704,59.36480177633422,59.36480177633422,4.083701488045967,0.70238,0.7313,0.70238,0.7313,-0.35328071087071683,-0.3129315067052316
2025-07-28,68.95200042724609,68.95200042724609,1.1744182586669922,58.71162162065595,58.71162162065595,4.072637690554055,0.6969099999999999,0.7285499999999999,0.6969099999999999,0.7285499999999999,-0.3610990013796006,-0.31669902152227364
2025-08-04,71.34199981689453,71.34199981689453,1.151749563217163,61.942285107203425,61.942285107203425,4.126203066134548,0.69044,0.71912,0.69044,0.71912,-0.3704262034636485,-0.3297270367169932
2025-08-11,66.83599853515625,66.83599853515625,1.1630213260650635,57.467560600361004,57.467560600361004,4.051220625131231,0.68769,0.71304,0.68769,0.71304,-0.3744171239864423,-0.33821775915967517
2025-08-18,66.20799865722657,66.20799865722657,1.1673266887664795,56.71762608905046,56.71762608905046,4.0380850281930405,0.6810900000000001,0.7048300000000001,0.6810900000000001,0.7048300000000001,-0.38406082297449334,-0.3497986399993001
2025-08-25,67.36600036621094,67.36600036621094,1.1657054662704467,57.78989831946267,57.78989831946267,4.0568139908448835,0.6762999999999999,0.69714,0.6762999999999999,0.69714,-0.39111851440124296,-0.36076902755931156
2025-09-01,68.00250244140625,68.00250244140625,1.165583562850952,58.34202249307286,58.34202249307286,4.066322631186515,0.6774,0.69749,0.6774,0.69749,-0.3894933385984657,-0.3602671023069536
2025-09-08,67.0499984741211,67.0499984741211,1.1676493883132935,57.42305793606156,57.42305793606156,4.050445928866348,0.68443,0.7037899999999999,0.68443,0.7037899999999999,-0.37916890390958524,-0.35127526277757876
2025-09-15,66.93600006103516,66.93600006103516,1.1727312088012696,57.07701778436946,57.07701778436946,4.04440154499935,0.68892,0.70763,0.68892,0.70763,-0.37263012501459136,-0.34583392076085756
2025-09-22,67.42200012207032,67.42200012207032,1.1797899961471559,57.147458736089106,57.147458736089106,4.045634922692032,0.6911,0.71051,0.6911,0.71051,-0.36947074788478834,-0.3417722569486726
2025-09-29,68.89199829101562,68.89199829101562,1.1746241569519043,58.65024815238535,58.65024815238535,4.071591806162748,0.68963,0.70999,0.68963,0.70999,-0.3716000570986243,-0.34250439355300577
2025-10-06,65.2959991455078,65.2959991455078,1.1727790117263794,55.676302604861064,55.676302604861064,4.019554609454577,0.6873049180327869,0.7086,0.6873049180327869,0.7086,-0.37497724529631865,-0.34446408655076544
2025-10-13,64.59399948120117,64.59399948120117,1.163314151763916,55.52584345617926,55.52584345617926,4.016848560231153,0.6794606557377049,0.6999196721311477,0.6794606557377049,0.6999196721311477,-0.38645594885141044,-0.3567897046218481
2025-10-20,61.53199996948242,61.53199996948242,1.163450050354004,52.887530453722555,52.887530453722555,3.9681675918668198,0.6720999999999999,0.6920262295081967,0.6720999999999999,0.6920262295081967,-0.397348140006217,-0.3681314201692236
2025-10-27,64.29200057983398,64.29200057983398,1.1620604753494264,55.32586465476478,55.32586465476478,4.013240514459628,0.6664852459016395,0.6863131147540983,0.6664852459016395,0.6863131147540983,-0.40573727629010486,-0.37642131988964833
2025-11-03,64.85599975585937,64.85599975585937,1.160269570350647,55.89735472960748,55.89735472960748,4.02351705756743,0.6758049180327869,0.7055344262295082,0.6758049180327869,0.7055344262295082,-0.391850827378935,-0.3487997119563293
2025-11-10,63.806000518798825,63.806000518798825,1.1518907785415649,55.39240499831508,55.39240499831508,4.014442490461782,0.6845754098360656,0.7236081967213115,0.6845754098360656,0.7236081967213115,-0.3789564725553076,-0.32350519782848336
2025-11-17,63.89399948120117,63.89399948120117,1.1596840620040894,55.09604001178026,55.09604001178026,4.009077844461465,0.6960508196721312,0.7469360655737706,0.6960508196721312,0.7469360655737706,-0.36233260454300853,-0.2917756857668613
2025-11-24,63.54199981689453,63.54199981689453,1.1550920486450196,55.010334363769935,55.010334363769935,4.007521065105032,0.7052147540983608,0.7631983606557378,0.7052147540983608,0.7631983606557378,-0.34925290681346827,-0.2702373068381322
2025-12-01,62.99499988555908,62.99499988555908,1.157767367362976,54.41075786152235,54.41075786152235,3.9965618891183885,0.7023131147540985,0.7621655737704918,0.7023131147540985,0.7621655737704918,-0.3533759419859683,-0.2715914584864799
2025-12-08,62.92399978637695,62.92399978637695,1.1637086629867555,54.071952704104866,54.071952704104866,3.9903156171140055,0.6949934426229508,0.7481327868852459,0.6949934426229508,0.7481327868852459,-0.3638528685367464,-0.2901747941890692
2025-12-15,61.42199935913086,61.42199935913086,1.1689614057540894,52.54407806518465,52.54407806518465,3.9616523995395903,0.6866,0.7324688524590165,0.6866,0.7324688524590165,-0.37600339795854537,-0.31133446123526126
2025-12-22,60.19199981689453,60.19199981689453,1.1736039400100708,51.288171217606866,51.288171217606866,3.9374601450354683,0.6718622950819672,0.7139524590163935,0.6718622950819672,0.7139524590163935,-0.39770187749034325,-0.3369389028700197
2025-12-29,61.80000019073486,61.80000019073486,1.1779891848564148,52.46228147524773,52.46228147524773,3.960094463299549,0.6627393442622952,0.7025180327868852,0.6627393442622952,0.7025180327868852,-0.4113735120074458,-0.35308420865616746
2026-01-05,61.3199987411499,61.3199987411499,1.1743826270103455,52.21466780145899,52.21466780145899,3.955363447782747,0.6834114754098362,0.6747803278688526,0.6834114754098362,0.6747803278688526,-0.38065814779744583,-0.39336808127105183
2026-01-12,61.97200012207031,61.97200012207031,1.1672314167022706,53.09315636581919,53.09315636581919,3.972048037942256,0.6609442622950819,0.6880590163934426,0.6609442622950819,0.6880590163934426,-0.4140857659913343,-0.3738806650860248
2026-01-19,64.96999835968018,64.96999835968018,1.1637954473495484,55.82596023007667,55.82596023007667,4.0222389982961895,0.6600180327868853,0.6883377049180328,0.6600180327868853,0.6883377049180328,-0.41548812193054424,-0.37347571130477325
2026-01-26,65.13799743652343,65.13799743652343,1.1730608701705934,55.528233097614695,55.528233097614695,4.016891595867665,0.6672229508196722,0.6987967213114755,0.6672229508196722,0.6987967213114755,-0.40463102981868226,-0.3583953926172214
2026-02-02,68.73400115966797,68.73400115966797,1.1937361717224122,57.57888785467009,57.57888785467009,4.05315597021233,0.6726327868852459,0.7056737704918032,0.6726327868852459,0.7056737704918032,-0.3965557343798793,-0.34860222973779964
2026-02-09,68.28600158691407,68.28600158691407,1.180402898788452,57.849740674986315,57.849740674986315,4.057848970915487,0.6753622950819673,0.7131901639344262,0.6753622950819673,0.7131901639344262,-0.3925059986447211,-0.3380071845430693
2026-02-16,68.36750030517578,68.36750030517578,1.1881129503250123,57.54292997687941,57.54292997687941,4.052531277523536,0.6781901639344262,0.7168459016393443,0.6781901639344262,0.7168459016393443,-0.38832755258889085,-0.33289438248644426
2026-02-23,70.53600006103515,70.53600006103515,1.181889033317566,59.680729808483285,59.680729808483285,4.08900918451516,0.6832967213114753,0.7220426229508196,0.6832967213114753,0.7220426229508196,-0.38082607552174835,-0.32567110727385995
2026-03-02,72.51799926757812,72.51799926757812,1.17893443107605,61.51147795504513,61.51147795504513,4.119223790813991,0.6962721311475412,0.7375016393442624,0.6962721311475412,0.7375016393442624,-0.3620147020374964,-0.30448696793095487
2026-03-09,87.97200164794921,87.97200164794921,1.1615292310714722,75.7380867348452,75.7380867348452,4.327281161193999,0.7575590163934428,0.8592639344262295,0.7575590163934428,0.8592639344262295,-0.2776538352031073,-0.15167914641978916
2026-03-16,96.71800079345704,96.71800079345704,1.1545703649520873,83.76968934021676,83.76968934021676,4.428071239673904,0.8182393442622952,0.9938622950819672,0.8182393442622952,0.9938622950819672,-0.20060038827984272,-0.006156618057421544
2026-03-23,106.31600036621094,106.31600036621094,1.1528241872787475,92.2222152687227,92.2222152687227,4.524201048055029,0.9850836065573771,1.1854196721311476,0.9850836065573771,1.1854196721311476,-0.015028761658448254,0.17009686558664752
2026-03-30,108.01399993896484,108.01399993896484,1.1562077522277832,93.42092693189721,93.42092693189721,4.537115377224451,0.9478868852459016,1.1932721311475412,0.9478868852459016,1.1932721311475412,-0.053520103207099795,0.1766992236814185
2026-04-06,109.57749938964844,109.57749938964844,1.1535305738449098,94.9931470168219,94.9931470168219,4.553804752333534,0.971304918032787,1.2419196721311476,0.971304918032787,1.2419196721311476,-0.029114835235711404,0.21665830519678142
2026-04-13,98.89999847412109,98.89999847412109,1.1650718450546265,84.88746757886334,84.88746757886334,4.441326468509203,0.988304918032787,1.2922147540983606,0.988304918032787,1.2922147540983606,-0.011764007357410238,0.2563576098900564
2026-04-20,94.99400024414062,94.99400024414062,1.1780276536941527,80.638175127936,80.638175127936,4.389972174205094,0.9720344262295082,1.2604688524590164,0.9720344262295082,1.2604688524590164,-0.02836405721730531,0.23148375687564704
