Date,Price,Open,High,Low,Vol.,Change %
04/26/2026,"1,263.75","1,248.50","1,292.00","1,243.50",56.89K,1.18%
04/19/2026,"1,249.00","1,115.50","1,284.00","1,058.50",268.37K,21.47%
04/12/2026,"1,028.25","1,250.00","1,271.50",988.00,387.27K,-26.67%
04/05/2026,"1,402.25","1,553.25","1,576.75","1,170.75",117.00K,-5.37%
03/29/2026,"1,481.75","1,432.75","1,587.50","1,280.00",170.01K,7.88%
03/22/2026,"1,373.50","1,380.00","1,437.50","1,137.00",289.66K,1.85%
03/15/2026,"1,348.50","1,165.00","1,415.50","1,109.25",393.67K,18.99%
03/08/2026,"1,133.25","1,210.00","1,381.00",944.00,184.51K,-2.16%
03/01/2026,"1,158.25",820.00,"1,189.00",817.50,419.36K,53.87%
02/22/2026,752.75,726.25,760.25,713.25,324.53K,2.73%
02/15/2026,732.75,671.75,745.50,665.75,393.28K,8.96%
02/08/2026,672.50,688.75,707.50,665.75,165.38K,-3.83%
02/01/2026,699.25,720.50,721.25,669.75,222.97K,-5.82%
01/25/2026,742.50,682.75,743.00,666.50,313.48K,9.92%
01/18/2026,675.50,647.25,689.75,642.50,434.04K,3.17%
01/11/2026,654.75,628.00,672.25,619.25,443.21K,3.56%
01/04/2026,632.25,615.50,636.00,596.75,190.42K,3.44%
12/28/2025,611.25,614.25,633.25,610.50,93.47K,-1.37%
12/21/2025,619.75,609.25,636.00,609.25,99.90K,2.02%
12/14/2025,607.50,631.25,633.25,605.00,296.67K,-3.46%
12/07/2025,629.25,686.00,688.00,625.50,151.42K,-7.90%
11/30/2025,683.25,681.00,698.00,658.25,184.27K,-0.36%
11/23/2025,685.75,715.75,720.75,664.75,234.88K,-3.65%
11/16/2025,711.75,740.25,805.00,705.00,538.41K,-4.59%
11/09/2025,746.00,770.00,791.25,712.25,274.08K,-1.94%
11/02/2025,760.75,721.00,808.75,708.00,255.79K,5.88%
10/26/2025,718.50,713.50,738.25,693.50,297.93K,-0.03%
10/19/2025,718.75,634.25,721.75,631.25,412.77K,13.55%
10/12/2025,633.00,648.50,663.00,617.25,410.35K,-7.32%
10/05/2025,683.00,671.00,686.25,663.25,152.01K,1.75%
09/28/2025,671.25,721.00,724.50,663.25,284.32K,-8.42%
09/21/2025,733.00,690.50,734.00,681.25,350.46K,5.70%
09/14/2025,693.50,685.25,717.50,684.25,343.05K,0.36%
09/07/2025,691.00,685.75,704.25,672.25,210.06K,1.13%
08/31/2025,683.25,671.75,715.75,668.50,207.22K,1.18%
08/24/2025,675.25,677.25,693.75,668.00,197.97K,-0.81%
08/17/2025,680.75,647.00,684.25,638.00,329.09K,3.69%
08/10/2025,656.50,667.25,679.25,644.25,228.13K,-2.81%
08/03/2025,675.50,678.00,689.75,662.00,150.72K,-0.92%
07/27/2025,681.75,703.75,729.00,679.00,220.76K,-4.68%
07/20/2025,715.25,716.50,740.50,693.75,323.44K,1.24%
07/13/2025,706.50,704.25,735.00,673.50,495.53K,-0.81%
07/06/2025,712.25,739.25,818.25,689.00,190.73K,-4.40%
06/29/2025,745.00,664.00,748.25,661.75,189.60K,10.37%
06/22/2025,675.00,805.00,817.75,648.50,291.96K,-11.01%
06/15/2025,758.50,725.00,800.00,673.50,616.95K,10.85%
06/08/2025,684.25,636.75,707.75,633.00,404.43K,8.31%
06/01/2025,631.75,600.50,636.75,600.50,274.36K,5.47%
05/25/2025,599.00,613.75,624.75,595.25,240.45K,-2.12%
05/18/2025,612.00,619.50,623.25,600.25,393.09K,-1.13%
05/11/2025,619.00,605.00,635.00,605.00,552.12K,2.87%
05/04/2025,601.75,582.00,609.00,572.00,235.20K,2.73%
04/27/2025,585.75,633.00,633.00,578.00,369.47K,-6.80%
04/20/2025,628.50,631.75,639.00,614.00,266.82K,0.56%
04/13/2025,625.00,601.00,629.50,597.50,369.12K,4.95%
04/06/2025,595.50,617.00,632.00,567.00,263.78K,-3.29%
03/30/2025,615.75,673.00,695.75,606.00,294.58K,-7.99%
03/23/2025,669.25,670.50,684.00,666.75,283.71K,0.15%
03/16/2025,668.25,649.75,670.75,647.50,485.04K,4.29%
03/09/2025,640.75,654.75,661.00,638.25,648.48K,-2.47%
03/02/2025,657.00,680.00,683.50,641.75,701.09K,-3.03%
02/23/2025,677.50,697.50,704.25,666.25,420.40K,-3.59%
02/16/2025,702.75,702.75,721.50,695.75,453.27K,-1.64%
02/09/2025,714.50,709.75,739.50,699.75,325.75K,1.20%
02/02/2025,706.00,730.00,733.00,692.50,283.16K,-0.74%
01/26/2025,711.25,721.50,721.50,697.50,217.61K,-1.45%
01/19/2025,721.75,760.50,766.50,714.25,411.40K,-4.21%
01/12/2025,753.50,742.75,769.50,737.75,623.23K,6.28%
01/05/2025,709.00,706.00,732.50,693.25,199.40K,0.85%
12/29/2024,703.00,679.50,713.25,679.50,138.20K,3.31%
12/22/2024,680.50,676.50,683.25,666.50,92.62K,0.78%
12/15/2024,675.25,692.50,692.50,668.00,335.72K,-2.03%
12/08/2024,689.25,647.00,692.50,647.00,213.87K,6.41%
12/01/2024,647.75,667.50,681.25,645.00,208.29K,-4.32%
11/24/2024,677.00,699.50,700.50,665.00,232.25K,-2.97%
11/17/2024,697.75,663.75,704.75,659.75,420.54K,3.99%
11/10/2024,671.00,669.25,680.25,653.50,440.17K,0.37%
11/03/2024,668.50,677.25,698.50,667.75,254.44K,-0.52%
10/27/2024,672.00,665.00,689.25,633.75,323.80K,-0.63%
10/20/2024,676.25,650.50,679.75,649.00,293.79K,4.28%
10/13/2024,648.50,706.75,706.75,647.50,430.70K,-8.63%
10/06/2024,709.75,711.00,732.00,682.00,224.76K,-0.39%
09/29/2024,712.50,662.00,722.25,642.50,240.62K,8.37%
09/22/2024,657.50,668.00,676.00,643.00,330.28K,-1.24%
09/15/2024,665.75,642.75,671.25,635.75,394.39K,2.50%
09/08/2024,649.50,649.75,662.25,622.50,167.09K,-0.15%
09/01/2024,650.50,693.75,703.00,642.50,203.15K,-6.60%
08/25/2024,696.50,711.25,728.50,683.75,250.47K,-1.66%
08/18/2024,708.25,717.50,717.50,685.75,353.56K,-1.43%
08/11/2024,718.50,719.00,744.00,712.00,312.87K,-0.24%
08/04/2024,720.25,716.50,726.25,696.00,206.13K,1.05%
07/28/2024,712.75,746.50,753.00,710.00,249.27K,-3.22%
07/21/2024,736.50,745.00,759.75,736.00,298.36K,-2.42%
07/14/2024,754.75,773.00,777.75,742.75,423.99K,-3.14%
07/07/2024,779.25,797.75,797.75,765.75,242.01K,-3.50%
06/30/2024,807.50,785.75,819.25,785.50,306.88K,2.80%
06/23/2024,785.50,776.00,803.50,769.75,332.57K,0.29%
06/16/2024,783.25,761.25,794.25,757.50,441.54K,2.76%
06/09/2024,762.25,724.00,780.25,724.00,372.43K,5.54%
06/02/2024,722.25,733.00,736.00,695.50,266.41K,-1.30%
05/26/2024,731.75,742.00,767.25,726.75,226.43K,-0.98%
05/19/2024,739.00,765.00,769.50,732.75,306.50K,-3.08%
05/12/2024,762.50,746.75,766.00,732.00,413.25K,0.26%
05/05/2024,760.50,744.25,770.00,739.50,145.85K,1.91%
04/28/2024,746.25,783.00,790.00,739.75,188.18K,-5.27%
04/21/2024,787.75,778.75,793.25,766.00,238.29K,0.86%
04/14/2024,781.00,840.00,840.00,770.50,455.79K,-6.97%
04/07/2024,839.50,862.75,863.75,823.00,196.97K,-3.56%
03/31/2024,870.50,819.50,875.50,806.25,197.08K,6.55%
03/24/2024,817.00,823.75,837.25,802.75,170.98K,-0.82%
03/17/2024,823.75,838.00,863.25,815.25,380.18K,-1.76%
03/10/2024,838.50,827.50,841.50,804.75,357.98K,1.39%
03/03/2024,827.00,847.50,857.50,812.25,218.31K,-2.93%
02/25/2024,852.00,831.00,852.50,805.75,249.70K,2.25%
02/18/2024,833.25,853.25,858.75,819.50,306.36K,-1.71%
02/11/2024,847.75,907.00,913.00,838.50,429.19K,-7.68%
02/04/2024,918.25,824.00,932.50,815.50,187.52K,12.88%
01/28/2024,813.50,880.00,882.75,809.50,246.22K,-2.63%
01/21/2024,835.50,795.00,875.75,785.25,426.28K,4.93%
01/14/2024,796.25,783.25,806.50,768.00,486.21K,1.40%
01/07/2024,785.25,772.75,816.00,745.25,245.86K,2.55%
12/31/2023,765.75,758.00,776.00,740.75,162.55K,2.00%
12/24/2023,750.75,780.00,796.00,747.75,101.86K,-5.03%
12/17/2023,790.50,764.00,806.75,759.00,299.81K,3.50%
12/10/2023,763.75,770.75,784.25,715.25,286.89K,-1.32%
12/03/2023,774.00,790.75,805.25,759.75,158.42K,-4.03%
11/26/2023,806.50,812.75,846.50,785.50,222.69K,-3.27%
11/19/2023,833.75,795.25,842.50,792.50,235.22K,3.54%
11/12/2023,805.25,792.00,829.00,778.25,404.82K,-0.92%
11/05/2023,812.75,876.50,895.25,803.00,124.74K,-8.32%
10/29/2023,886.50,881.25,916.50,858.25,203.94K,0.88%
10/22/2023,878.75,920.50,925.00,858.50,213.04K,-5.84%
10/15/2023,933.25,935.75,942.50,890.50,309.31K,0.62%
10/08/2023,927.50,886.50,935.00,876.25,186.51K,6.82%
10/01/2023,868.25,995.25,"1,008.00",836.50,230.52K,-13.31%
09/24/2023,"1,001.50",982.00,"1,012.75",935.25,249.42K,1.93%
09/17/2023,982.50,989.50,"1,014.75",953.00,509.75K,-0.53%
09/10/2023,987.75,979.75,"1,020.00",967.75,295.49K,-0.10%
09/03/2023,988.75,917.25,991.25,912.50,180.04K,7.88%
08/27/2023,916.50,960.00,962.00,885.75,197.05K,-2.78%
08/20/2023,942.75,920.25,968.25,896.75,281.09K,2.86%
08/13/2023,916.50,908.25,923.00,875.75,354.20K,-0.05%
08/06/2023,917.00,909.75,964.00,858.50,157.01K,1.49%
07/30/2023,903.50,876.00,919.00,865.50,170.43K,3.38%
07/23/2023,874.00,803.75,881.75,795.00,230.15K,9.94%
07/16/2023,795.00,753.00,804.50,741.25,340.75K,5.16%
07/09/2023,756.00,752.75,767.75,741.00,216.96K,1.61%
07/02/2023,744.00,717.00,752.25,693.75,117.76K,4.90%
06/25/2023,709.25,705.00,722.75,688.00,140.79K,1.14%
06/18/2023,701.25,745.00,745.00,692.00,269.73K,-4.72%
06/11/2023,736.00,695.00,745.25,671.75,442.85K,3.95%
06/04/2023,708.00,698.25,720.25,684.00,163.30K,1.83%
05/28/2023,695.25,692.75,701.00,651.75,167.79K,0.40%
05/21/2023,692.50,682.50,702.00,671.25,219.66K,0.47%
05/14/2023,689.25,663.75,707.50,655.75,408.24K,3.03%
05/07/2023,669.00,675.50,704.75,662.25,152.77K,-0.26%
04/30/2023,670.75,691.25,699.75,631.00,154.39K,-3.49%
04/23/2023,695.00,723.50,742.00,676.00,152.51K,-4.01%
04/16/2023,724.00,767.75,773.50,714.50,265.38K,-6.22%
04/09/2023,772.00,779.50,790.00,762.50,184.65K,-1.06%
04/02/2023,780.25,790.50,817.75,766.75,134.15K,2.29%
03/26/2023,762.75,770.00,792.00,744.50,179.74K,-0.33%
03/19/2023,765.25,772.00,797.25,740.25,280.66K,-1.32%
03/12/2023,775.50,814.50,823.75,721.75,470.13K,-3.48%
03/05/2023,803.50,857.25,858.25,773.25,103.53K,-6.13%
02/26/2023,856.00,812.75,865.00,810.50,155.57K,5.91%
02/19/2023,808.25,791.75,820.25,779.25,164.72K,2.15%
02/12/2023,791.25,837.50,864.00,772.50,329.17K,-2.79%
02/05/2023,814.00,805.75,868.00,764.75,95.94K,-0.61%
01/29/2023,819.00,935.00,942.50,800.00,172.83K,-12.69%
01/22/2023,938.00,987.50,"1,024.50",924.50,179.84K,-4.63%
01/15/2023,983.50,938.75,992.50,920.00,301.97K,5.44%
01/08/2023,932.75,878.50,940.00,875.75,126.18K,5.96%
01/01/2023,880.25,945.00,950.00,835.50,111.01K,-4.42%
12/25/2022,921.00,928.00,975.00,912.75,82.72K,1.49%
12/18/2022,907.50,891.75,934.75,855.75,159.46K,2.43%
12/11/2022,886.00,823.25,940.50,794.00,237.66K,7.95%
12/04/2022,820.75,904.00,930.00,792.25,100.85K,-10.03%
11/27/2022,912.25,901.75,964.00,870.00,106.89K,-0.44%
11/20/2022,916.25,950.25,961.25,894.25,151.42K,-3.14%
11/13/2022,946.00,990.00,"1,018.75",926.00,246.45K,-4.23%
11/06/2022,987.75,"1,109.00","1,109.00",971.75,129.66K,-11.41%
10/30/2022,"1,115.00","1,130.50","1,131.25","1,025.00",130.78K,-1.63%
10/23/2022,"1,133.50","1,072.75","1,140.00","1,055.50",106.18K,7.90%
10/16/2022,"1,050.50","1,096.00","1,135.00","1,032.25",195.48K,-3.25%
10/09/2022,"1,085.75","1,263.50","1,309.50","1,075.50",154.41K,-13.68%
10/02/2022,"1,257.75","1,002.50","1,267.75","1,002.50",131.81K,26.63%
09/25/2022,993.25,961.50,"1,035.00",915.00,139.77K,3.14%
09/18/2022,963.00,944.50,"1,032.50",924.25,244.85K,1.05%
09/11/2022,953.00,"1,075.00","1,094.00",911.00,328.32K,-12.17%
09/04/2022,"1,085.00","1,104.00","1,152.00","1,061.75",104.12K,-0.57%
08/28/2022,"1,091.25","1,183.75","1,190.00","1,023.00",118.67K,-8.61%
08/21/2022,"1,194.00","1,097.25","1,207.00","1,069.25",163.82K,9.82%
08/14/2022,"1,087.25","1,039.75","1,100.50",998.75,221.99K,4.02%
08/07/2022,"1,045.25",960.50,"1,053.50",937.25,90.17K,5.58%
07/31/2022,990.00,"1,069.50","1,074.25",955.25,111.93K,-10.53%
07/24/2022,"1,106.50","1,027.00","1,132.75","1,005.75",113.22K,3.65%
07/17/2022,"1,067.50","1,110.50","1,120.00","1,014.75",198.06K,-4.04%
07/10/2022,"1,112.50","1,149.75","1,218.75","1,040.25",167.41K,-1.85%
07/03/2022,"1,133.50","1,226.00","1,244.25","1,041.50",96.85K,-7.58%
06/26/2022,"1,226.50","1,289.00","1,300.00","1,142.25",139.86K,-5.80%
06/19/2022,"1,302.00","1,292.25","1,340.00","1,248.00",136.83K,0.62%
06/12/2022,"1,294.00","1,275.50","1,351.25","1,234.00",213.98K,-6.87%
06/05/2022,"1,389.50","1,327.75","1,433.75","1,314.00",79.84K,5.38%
05/29/2022,"1,318.50","1,183.00","1,329.00","1,172.00",97.03K,12.81%
05/22/2022,"1,168.75","1,057.75","1,183.00","1,048.50",115.66K,9.43%
05/15/2022,"1,068.00","1,092.00","1,120.00",989.50,147.03K,-3.52%
05/08/2022,"1,107.00","1,146.25","1,172.50","1,056.75",97.16K,-2.81%
05/01/2022,"1,139.00","1,205.00","1,300.00","1,121.25",113.19K,-7.19%
04/24/2022,"1,227.25","1,107.25","1,249.75","1,058.00",125.02K,9.70%
04/17/2022,"1,118.75","1,159.50","1,188.50","1,092.00",130.12K,-0.09%
04/10/2022,"1,119.75","1,018.50","1,162.25",994.25,112.83K,10.27%
04/03/2022,"1,015.50","1,102.00","1,146.75",968.50,88.10K,-6.92%
03/27/2022,"1,091.00","1,195.00","1,195.00","1,000.00",115.37K,-8.76%
03/20/2022,"1,195.75","1,081.75","1,260.00","1,081.50",145.39K,12.30%
03/13/2022,"1,064.75","1,021.25","1,085.00",864.50,229.27K,5.21%
03/06/2022,"1,012.00","1,221.00","1,665.00",931.75,151.97K,-14.55%
02/27/2022,"1,184.25",860.00,"1,217.25",860.00,239.57K,41.57%
02/20/2022,836.50,821.00,902.50,806.00,318.43K,3.08%
02/13/2022,811.50,844.75,854.50,790.25,465.46K,-1.90%
02/06/2022,827.25,852.00,867.00,805.25,225.69K,-2.85%
01/30/2022,851.50,806.00,861.25,780.75,219.22K,6.17%
01/23/2022,802.00,768.00,809.25,747.00,281.34K,4.26%
01/16/2022,769.25,757.25,779.50,745.00,432.12K,2.67%
01/09/2022,749.25,709.75,757.00,708.00,280.55K,5.16%
01/02/2022,712.50,669.50,718.25,662.50,179.81K,6.82%
12/26/2021,667.00,653.00,688.25,652.00,119.31K,2.14%
12/19/2021,653.00,635.75,664.25,601.25,226.20K,1.79%
12/12/2021,641.50,652.25,658.00,632.50,344.13K,-1.80%
12/05/2021,653.25,616.50,657.75,613.50,148.93K,5.53%
11/28/2021,619.00,600.00,642.50,576.25,318.36K,2.44%
11/21/2021,604.25,658.00,695.00,596.25,359.58K,-8.10%
11/14/2021,657.50,695.75,707.00,654.00,579.98K,-5.87%
11/07/2021,698.50,717.00,748.50,691.50,302.55K,-3.09%
10/31/2021,720.75,721.00,731.25,696.50,231.49K,0.31%
10/24/2021,718.50,731.00,744.75,704.75,304.76K,-1.88%
10/17/2021,732.25,742.50,755.00,720.00,580.57K,-1.94%
10/10/2021,746.75,714.25,749.75,712.75,428.61K,4.19%
10/03/2021,716.75,683.00,727.75,677.00,319.82K,6.46%
09/26/2021,673.25,659.00,683.00,653.50,365.01K,2.75%
09/19/2021,655.25,633.75,659.00,616.50,442.60K,3.76%
09/12/2021,631.50,610.00,636.50,609.25,523.85K,4.29%
09/05/2021,605.50,611.50,611.75,591.00,214.67K,-1.26%
08/29/2021,613.25,601.50,619.00,590.00,255.13K,2.46%
08/22/2021,598.50,540.25,600.75,538.00,359.28K,9.57%
08/15/2021,546.25,574.75,579.00,537.25,388.58K,-6.22%
08/08/2021,582.50,578.00,587.25,555.00,224.96K,0.39%
08/01/2021,580.25,612.75,613.50,573.25,206.54K,-5.38%
07/25/2021,613.25,600.25,616.75,590.25,247.85K,2.38%
07/18/2021,599.00,592.00,602.00,551.00,453.84K,0.34%
07/11/2021,597.00,607.50,618.75,587.50,294.57K,-2.13%
07/04/2021,610.00,612.25,623.25,581.00,215.72K,-0.20%
06/27/2021,611.25,608.00,614.50,590.50,237.22K,0.87%
06/20/2021,606.00,591.25,609.75,585.75,353.33K,2.11%
06/13/2021,593.50,589.75,606.00,582.50,394.48K,0.68%
06/06/2021,589.50,583.25,593.50,573.25,255.76K,1.42%
05/30/2021,581.25,561.50,585.25,560.00,158.20K,2.79%
05/23/2021,565.50,546.00,568.75,545.50,256.11K,3.48%
05/16/2021,546.50,559.00,571.00,532.75,408.97K,-1.93%
05/09/2021,557.25,553.00,564.00,542.25,268.07K,1.23%
05/02/2021,550.50,534.50,561.50,529.75,199.97K,3.14%
04/25/2021,533.75,524.25,549.50,512.75,238.23K,1.67%
04/18/2021,525.00,531.00,536.75,513.00,334.62K,-1.22%
04/11/2021,531.50,505.25,536.50,500.75,278.68K,5.51%
04/04/2021,503.75,508.25,511.75,487.75,201.13K,1.51%
03/28/2021,496.25,511.50,515.75,492.75,193.39K,-2.84%
03/21/2021,510.75,515.25,518.00,482.00,356.05K,0.05%
03/14/2021,510.50,551.25,556.50,488.75,515.19K,-7.73%
03/07/2021,553.25,557.00,564.50,529.00,211.79K,1.05%
02/28/2021,547.50,530.25,555.00,508.25,271.35K,2.91%
02/21/2021,532.00,517.25,548.00,517.25,302.06K,1.72%
02/14/2021,523.00,510.00,532.75,510.00,545.81K,4.03%
02/07/2021,502.75,487.50,510.00,487.25,234.83K,3.13%
01/31/2021,487.50,447.25,490.00,445.25,241.73K,8.27%
01/24/2021,450.25,447.00,459.25,445.00,294.27K,0.22%
01/17/2021,449.25,452.00,462.00,441.25,379.45K,-0.61%
01/10/2021,452.00,448.00,465.75,439.25,312.27K,1.86%
01/03/2021,443.75,423.00,449.50,413.75,257.51K,5.47%
12/27/2020,420.75,424.50,431.50,420.00,129.94K,-0.65%
12/20/2020,423.50,431.75,432.75,407.25,222.41K,-2.31%
12/13/2020,433.50,412.75,435.00,406.75,370.73K,5.22%
12/06/2020,412.00,399.00,416.75,393.75,227.20K,3.65%
11/29/2020,397.50,390.50,407.25,380.50,225.87K,1.53%
11/22/2020,391.50,363.25,399.00,363.00,291.59K,8.90%
11/15/2020,359.50,345.00,366.25,344.25,410.97K,4.28%
11/08/2020,344.75,325.25,369.25,324.75,211.26K,6.82%
11/01/2020,322.75,302.00,333.25,286.25,200.65K,5.82%
10/25/2020,305.00,330.50,331.00,295.75,286.83K,-8.96%
10/18/2020,335.00,342.50,345.50,326.50,343.58K,-2.83%
10/11/2020,344.75,343.50,348.25,334.25,316.49K,-0.65%
10/04/2020,347.00,312.75,351.25,312.75,213.42K,10.25%
09/27/2020,314.75,326.25,338.25,308.25,273.24K,-3.23%
09/20/2020,325.25,338.50,340.00,317.25,367.72K,-4.27%
09/13/2020,339.75,322.75,344.75,317.00,467.09K,4.86%
09/06/2020,324.00,333.25,333.25,306.00,220.93K,-3.43%
08/30/2020,335.50,366.75,371.75,333.00,223.70K,-8.21%
08/23/2020,365.50,363.00,380.00,359.50,293.78K,1.53%
08/16/2020,360.00,376.00,382.25,357.50,374.97K,-3.87%
08/09/2020,374.50,368.00,380.25,366.75,184.00K,1.49%
08/02/2020,369.00,365.50,389.25,360.50,183.90K,1.10%
07/26/2020,365.00,376.25,378.75,349.00,202.52K,-2.60%
07/19/2020,374.75,365.75,388.50,361.50,264.84K,1.97%
07/12/2020,367.50,371.50,372.75,360.25,317.39K,0.82%
07/05/2020,364.50,365.50,373.50,357.00,141.04K,0.14%
06/28/2020,364.00,338.75,367.25,336.25,173.99K,7.37%
06/21/2020,339.00,358.50,370.50,336.00,254.80K,-7.00%
06/14/2020,364.50,328.75,365.75,319.75,388.67K,10.96%
06/07/2020,328.50,336.00,345.75,312.25,175.95K,-0.61%
05/31/2020,330.50,297.75,335.75,291.75,209.77K,16.48%
05/24/2020,283.75,289.50,310.25,274.75,213.86K,-1.39%
05/17/2020,287.75,272.50,307.50,272.50,351.94K,6.67%
05/10/2020,269.75,249.00,277.50,237.25,318.11K,11.35%
05/03/2020,242.25,217.50,259.00,210.00,151.63K,10.11%
04/26/2020,220.00,202.75,241.75,181.00,191.02K,7.32%
04/19/2020,205.00,275.75,278.75,188.25,358.27K,-25.59%
04/12/2020,275.50,304.00,305.25,260.00,462.89K,-8.93%
04/05/2020,302.50,305.00,321.50,290.00,174.57K,1.85%
03/29/2020,297.00,301.00,383.00,266.25,279.84K,-1.08%
03/22/2020,300.25,291.75,314.75,280.00,228.66K,-0.25%
03/15/2020,301.00,351.25,351.25,263.00,434.11K,-10.55%
03/08/2020,336.50,396.00,396.00,315.75,281.61K,-18.57%
03/01/2020,413.25,437.00,475.00,412.50,345.96K,-6.29%
02/23/2020,441.00,505.00,507.50,435.50,436.92K,-13.27%
02/16/2020,508.50,517.50,523.75,501.50,447.85K,-1.17%
02/09/2020,514.50,500.00,518.50,489.50,300.19K,1.83%
02/02/2020,505.25,495.25,513.75,480.00,227.76K,0.85%
01/26/2020,501.00,532.00,532.50,495.50,343.55K,-6.53%
01/19/2020,536.00,575.25,580.00,532.75,425.55K,-5.76%
01/12/2020,568.75,589.00,593.50,566.25,520.81K,-4.13%
01/05/2020,593.25,634.75,643.00,588.50,221.25K,-5.16%
12/29/2019,625.50,625.00,642.00,612.50,175.78K,-0.08%
12/22/2019,626.00,611.50,627.75,609.00,114.82K,2.04%
12/15/2019,613.50,599.00,618.00,598.00,359.64K,3.07%
12/08/2019,595.25,589.25,604.00,577.25,228.15K,1.36%
12/01/2019,587.25,568.50,596.00,565.50,240.36K,2.67%
11/24/2019,572.00,584.25,596.00,566.75,230.37K,-1.68%
11/17/2019,581.75,590.00,591.00,557.00,408.57K,-0.94%
11/10/2019,587.25,582.50,592.00,563.00,345.76K,1.86%
11/03/2019,576.50,586.00,596.50,566.50,218.89K,-0.26%
10/27/2019,578.00,598.50,600.75,563.75,270.68K,-3.30%
10/20/2019,597.75,588.75,602.50,578.25,380.01K,1.44%
10/13/2019,589.25,595.00,595.00,572.75,392.81K,-1.09%
10/06/2019,595.75,578.50,597.50,573.50,280.43K,2.76%
09/29/2019,579.75,600.75,600.75,557.50,255.82K,-3.74%
09/22/2019,602.25,621.00,621.00,588.25,297.55K,-2.43%
09/15/2019,617.25,615.00,673.50,602.50,659.47K,7.53%
09/08/2019,574.00,585.00,603.25,567.50,498.98K,-0.56%
09/01/2019,577.25,564.75,589.75,548.25,459.11K,2.67%
08/25/2019,562.25,554.50,576.00,553.25,406.64K,0.67%
08/18/2019,558.50,559.50,579.00,554.25,375.06K,-0.53%
08/11/2019,561.50,553.25,583.50,552.50,308.85K,0.90%
08/04/2019,556.50,581.00,581.00,534.00,494.00K,-3.97%
07/28/2019,579.50,586.25,606.75,564.00,344.59K,-1.11%
07/21/2019,586.00,583.50,599.25,581.00,260.63K,1.43%
07/14/2019,577.75,608.00,610.50,569.25,289.14K,-4.94%
07/07/2019,607.75,580.75,616.25,576.50,484.58K,4.87%
06/30/2019,579.50,596.50,607.75,570.50,308.12K,-3.01%
06/23/2019,597.50,593.00,605.25,580.75,279.41K,1.44%
06/16/2019,589.00,562.50,595.00,549.25,298.37K,4.11%
06/09/2019,565.75,562.25,568.25,544.75,402.28K,1.03%
06/02/2019,560.00,565.75,573.00,536.75,511.41K,-3.03%
05/26/2019,577.50,611.50,625.25,564.00,336.54K,-4.39%
05/19/2019,604.00,649.00,655.25,600.75,596.70K,-7.36%
05/12/2019,652.00,633.00,661.00,624.25,520.62K,2.48%
05/05/2019,636.25,636.25,643.50,623.50,545.07K,-1.13%
04/28/2019,643.50,629.00,644.25,622.00,729.16K,3.08%
04/21/2019,624.25,633.75,652.25,620.75,378.59K,-1.92%
04/14/2019,636.50,634.25,642.50,628.50,270.06K,0.55%
04/07/2019,633.00,625.00,637.00,620.50,197.40K,2.43%
03/31/2019,618.00,605.00,624.50,604.75,190.24K,2.11%
03/24/2019,605.25,602.50,613.25,594.75,222.19K,1.34%
03/17/2019,597.25,605.00,620.25,595.25,358.13K,-1.57%
03/10/2019,606.75,618.25,622.75,602.00,276.80K,-0.57%
03/03/2019,610.25,615.50,629.00,603.50,233.26K,-0.69%
02/24/2019,614.50,621.25,633.25,604.25,249.47K,-1.21%
02/17/2019,622.00,620.00,626.25,606.00,325.22K,1.06%
02/10/2019,615.50,582.50,607.25,578.75,232.00K,5.67%
02/03/2019,582.50,583.50,590.75,570.00,158.85K,0.73%
01/27/2019,578.25,568.75,587.75,552.50,236.15K,1.80%
01/20/2019,568.00,572.75,579.00,561.00,188.40K,-1.09%
01/13/2019,574.25,567.75,577.75,554.75,340.63K,1.01%
01/06/2019,568.50,535.50,579.50,535.50,198.88K,7.57%
12/30/2018,528.50,494.00,542.50,491.25,152.40K,7.15%
12/23/2018,493.25,511.50,519.75,483.25,139.83K,-4.27%
12/16/2018,515.25,555.75,561.25,505.50,328.47K,-7.37%
12/09/2018,556.25,578.25,579.50,549.75,176.18K,-5.28%
12/02/2018,587.25,564.00,600.00,554.50,190.10K,6.63%
11/25/2018,550.75,574.25,588.25,543.75,277.10K,-4.51%
11/18/2018,576.75,634.50,640.25,573.00,401.95K,-8.92%
11/11/2018,633.25,687.00,713.75,625.25,449.94K,-3.54%
11/04/2018,656.50,662.25,688.50,647.00,832.63K,-1.68%
10/28/2018,667.75,708.00,710.25,662.50,661.82K,-5.18%
10/21/2018,704.25,711.00,715.25,684.50,638.02K,-0.81%
10/14/2018,710.00,717.00,720.75,700.25,479.91K,-0.53%
10/07/2018,713.75,738.25,749.00,702.00,652.42K,-3.77%
09/30/2018,741.75,725.00,753.50,722.75,552.42K,2.42%
09/23/2018,724.25,688.75,727.75,685.25,381.89K,5.23%
09/16/2018,688.25,680.00,697.25,674.25,444.25K,1.32%
09/09/2018,679.25,683.75,698.25,673.50,626.44K,0.30%
09/02/2018,677.25,692.75,710.75,674.50,512.58K,-2.13%
08/26/2018,692.00,678.50,695.75,675.75,321.26K,1.62%
08/19/2018,681.00,646.75,682.50,644.75,439.61K,5.05%
08/12/2018,648.25,658.00,668.25,638.00,308.82K,-1.26%
08/05/2018,656.50,652.00,666.25,642.50,472.68K,0.69%
07/29/2018,652.00,662.25,667.00,638.25,399.00K,-2.32%
07/22/2018,667.50,644.75,668.50,643.00,311.16K,3.37%
07/15/2018,645.75,653.25,655.50,627.00,272.47K,-1.60%
07/08/2018,656.25,665.00,683.50,636.00,498.31K,-1.28%
07/01/2018,664.75,674.50,674.75,656.25,334.42K,-1.77%
06/24/2018,676.75,649.00,679.50,638.00,414.51K,4.72%
06/17/2018,646.25,635.75,655.00,632.00,398.26K,0.86%
06/10/2018,640.75,666.25,671.25,635.75,451.99K,-4.01%
06/03/2018,667.50,669.00,672.25,648.00,568.97K,-0.07%
05/27/2018,668.00,671.25,689.50,662.00,422.02K,-1.11%
05/20/2018,675.50,689.75,700.75,672.00,416.93K,-2.56%
05/13/2018,693.25,673.50,701.00,670.25,379.81K,2.59%
05/06/2018,675.75,657.00,679.00,640.25,600.92K,4.12%
04/29/2018,649.00,650.75,660.00,636.25,570.34K,-0.12%
04/22/2018,649.75,641.75,653.75,636.50,427.09K,1.88%
04/15/2018,637.75,641.25,648.25,619.50,504.44K,0.08%
04/08/2018,637.25,600.25,648.75,599.25,643.37K,6.03%
04/01/2018,601.00,619.00,623.50,598.00,454.06K,-2.75%
03/25/2018,618.00,612.25,624.00,607.75,380.76K,1.06%
03/18/2018,611.50,582.00,614.75,578.00,427.66K,5.20%
03/11/2018,581.25,576.25,584.00,562.50,391.61K,0.96%
03/04/2018,575.75,573.25,579.50,563.25,537.79K,1.90%
02/25/2018,565.00,595.50,602.25,558.50,544.15K,-4.60%
02/18/2018,592.25,569.75,596.75,569.75,276.27K,3.63%
02/11/2018,571.50,551.25,574.25,542.00,599.32K,2.83%
02/04/2018,555.75,608.75,608.75,546.25,857.80K,-8.97%
01/28/2018,610.50,630.00,630.00,608.25,473.80K,-2.94%
01/21/2018,629.00,612.75,631.25,607.75,479.53K,3.37%
01/14/2018,608.50,617.75,622.50,606.00,449.58K,-0.65%
01/07/2018,612.50,605.00,619.00,601.75,494.03K,1.24%
12/31/2017,605.00,605.50,619.75,597.50,362.72K,0.54%
12/24/2017,601.75,585.25,607.25,581.00,217.20K,4.29%
12/17/2017,577.00,564.75,585.00,563.25,207.62K,2.03%
12/10/2017,565.50,563.25,583.00,555.00,433.60K,0.04%
12/03/2017,565.25,566.00,569.25,544.00,445.69K,-0.66%
11/26/2017,569.00,565.25,571.50,550.75,406.90K,0.71%
11/19/2017,565.00,563.50,569.25,553.50,302.43K,0.40%
11/12/2017,562.75,568.75,569.00,551.25,325.13K,-1.10%
11/05/2017,569.00,555.00,571.00,552.00,549.25K,3.97%
10/29/2017,547.25,543.00,555.75,537.75,455.71K,0.60%
10/22/2017,544.00,528.25,546.25,517.00,433.51K,3.13%
10/15/2017,527.50,526.50,538.75,516.50,427.81K,0.09%
10/08/2017,527.00,516.75,530.25,510.25,592.35K,2.18%
10/01/2017,515.75,541.25,541.25,514.25,494.61K,-4.89%
09/24/2017,542.25,534.50,550.50,531.00,388.56K,1.45%
09/17/2017,534.50,528.25,535.75,517.50,309.23K,1.23%
09/10/2017,528.00,525.75,528.50,507.50,515.62K,0.76%
09/03/2017,524.00,514.00,534.25,498.75,551.87K,2.90%
08/27/2017,509.25,482.50,513.75,478.25,586.80K,6.04%
08/20/2017,480.25,482.50,487.75,466.50,389.58K,1.53%
08/13/2017,473.00,483.50,487.75,459.25,336.88K,-2.02%
08/06/2017,482.75,487.75,495.25,475.00,456.75K,-1.08%
07/30/2017,488.00,487.75,501.75,477.75,504.31K,0.62%
07/23/2017,485.00,448.75,487.25,446.25,390.48K,7.06%
07/16/2017,453.00,449.50,466.75,443.25,434.53K,1.12%
07/09/2017,448.00,429.75,451.00,424.50,488.03K,4.67%
07/02/2017,428.00,442.00,453.00,423.00,536.41K,-1.83%
06/25/2017,436.00,409.75,441.75,405.50,439.07K,5.89%
06/18/2017,411.75,424.00,428.50,403.50,310.25K,-2.95%
06/11/2017,424.25,426.00,433.25,419.00,332.73K,-0.70%
06/04/2017,427.25,439.75,446.00,418.25,571.93K,-2.68%
05/28/2017,439.00,464.75,468.00,433.25,452.36K,-4.77%
05/21/2017,461.00,474.50,485.25,453.75,503.14K,-2.64%
05/14/2017,473.50,449.25,474.50,449.25,363.91K,5.40%
05/07/2017,449.25,436.00,453.50,430.00,556.76K,3.28%
04/30/2017,435.00,456.50,457.25,413.00,515.46K,-4.50%
04/23/2017,455.50,469.00,475.50,452.50,428.61K,-2.83%
04/16/2017,468.75,499.00,499.50,466.75,247.21K,-6.11%
04/09/2017,499.25,489.50,503.25,489.50,352.78K,2.04%
04/02/2017,489.25,475.75,495.25,468.50,433.11K,3.87%
03/26/2017,471.00,455.50,476.00,447.25,315.05K,4.49%
03/19/2017,450.75,460.00,464.00,446.25,248.84K,-1.69%
03/12/2017,458.50,458.00,465.25,449.25,247.39K,-0.27%
03/05/2017,459.75,489.50,497.50,454.75,528.87K,-5.60%
02/26/2017,487.00,497.25,504.00,483.50,496.01K,-1.96%
02/19/2017,496.75,498.00,508.00,490.25,317.84K,0.86%
02/12/2017,492.50,505.50,506.00,490.75,204.60K,-2.18%
02/05/2017,503.50,503.25,505.50,486.00,483.26K,0.50%
01/29/2017,501.00,489.00,510.75,486.25,466.73K,2.24%
01/22/2017,490.00,492.50,499.50,485.25,375.22K,-0.86%
01/15/2017,494.25,492.75,505.00,478.50,335.44K,0.46%
01/08/2017,492.00,501.00,501.50,473.50,530.68K,-1.35%
01/01/2017,498.75,507.25,518.75,489.00,375.97K,-1.19%
12/25/2016,504.75,495.75,509.50,491.25,139.96K,3.43%
12/18/2016,488.00,495.25,497.25,481.75,200.54K,-1.21%
12/11/2016,494.00,491.00,502.50,478.25,320.59K,3.46%
12/04/2016,477.50,477.25,486.50,467.50,507.25K,-0.16%
11/27/2016,478.25,429.75,481.00,422.75,515.80K,9.63%
11/20/2016,436.25,430.75,458.50,429.25,304.04K,2.17%
11/13/2016,427.00,409.50,434.50,403.75,253.81K,4.02%
11/06/2016,410.50,417.25,427.25,409.00,479.21K,-1.79%
10/30/2016,418.00,456.00,459.00,414.75,686.26K,-9.57%
10/23/2016,462.25,470.75,471.50,453.75,389.92K,-0.70%
10/16/2016,465.50,465.50,476.75,458.50,299.08K,0.54%
10/09/2016,463.00,466.50,481.50,460.50,476.16K,-1.17%
10/02/2016,468.50,450.50,473.25,446.50,428.22K,4.63%
09/25/2016,447.75,418.00,451.00,410.75,482.99K,4.80%
09/18/2016,427.25,412.75,434.25,404.75,306.54K,3.08%
09/11/2016,414.50,419.25,428.00,407.75,343.35K,-3.04%
09/04/2016,427.50,411.50,437.75,408.00,434.20K,3.26%
08/28/2016,414.00,437.75,442.50,402.50,378.17K,-6.49%
08/21/2016,442.75,451.25,451.25,433.25,326.88K,-1.06%
08/14/2016,447.50,420.00,454.50,418.75,260.49K,7.64%
08/07/2016,415.75,383.00,420.00,382.25,430.75K,9.91%
07/31/2016,378.25,376.50,386.00,360.25,440.81K,0.27%
07/24/2016,377.25,403.00,405.00,371.25,336.69K,-5.92%
07/17/2016,401.00,419.75,422.25,399.00,334.64K,-4.58%
07/10/2016,420.25,412.75,432.00,409.25,453.99K,1.45%
07/03/2016,414.25,448.75,449.75,410.50,488.41K,-5.64%
06/26/2016,439.00,436.25,457.25,422.25,393.78K,0.23%
06/19/2016,438.00,444.75,458.25,428.25,283.82K,0.57%
06/12/2016,435.50,452.50,455.25,422.25,237.64K,-3.54%
06/05/2016,451.50,444.50,470.50,442.50,461.91K,1.86%
05/29/2016,443.25,447.00,455.25,436.50,336.40K,-1.28%
05/22/2016,449.00,443.25,454.50,434.50,360.23K,1.70%
05/15/2016,441.50,421.75,447.75,421.50,459.11K,4.81%
05/08/2016,421.25,400.25,423.00,380.25,478.54K,4.85%
05/01/2016,401.75,412.00,415.50,388.25,348.00K,-2.96%
04/24/2016,414.00,393.75,422.75,387.25,359.17K,4.09%
04/17/2016,397.75,361.00,402.50,349.75,415.68K,8.01%
04/10/2016,368.25,355.75,386.75,351.25,422.10K,2.94%
04/03/2016,357.75,337.75,358.25,317.00,436.43K,5.45%
03/27/2016,339.25,364.00,366.75,337.75,284.45K,-6.86%
03/20/2016,364.25,376.75,380.00,355.25,240.72K,-3.64%
03/13/2016,378.00,368.25,384.00,351.00,267.72K,1.96%
03/06/2016,370.75,348.75,375.50,347.00,506.71K,8.41%
02/28/2016,342.00,318.25,348.50,317.25,406.49K,3.40%
02/21/2016,330.75,310.75,336.00,304.00,400.77K,5.50%
02/14/2016,313.50,319.00,336.50,305.25,284.52K,-1.18%
02/07/2016,317.25,311.00,319.25,281.00,439.89K,1.12%
01/31/2016,313.75,318.00,328.50,290.00,479.98K,0.56%
01/24/2016,312.00,299.25,329.50,269.75,525.12K,7.40%
01/17/2016,290.50,282.00,299.50,253.00,342.46K,1.57%
01/10/2016,286.00,311.00,311.00,281.50,409.94K,-6.76%
01/03/2016,306.75,342.25,354.25,306.25,518.81K,-8.23%
12/27/2015,334.25,346.75,352.00,331.75,154.84K,-3.74%
12/20/2015,347.25,341.75,351.25,336.00,168.14K,-1.14%
12/13/2015,351.25,354.00,366.50,335.50,306.21K,-0.78%
12/06/2015,354.00,402.75,403.75,350.25,517.81K,-12.05%
11/29/2015,402.50,422.25,431.00,391.50,583.22K,-5.13%
11/22/2015,424.25,426.00,440.25,420.50,386.63K,-0.82%
11/15/2015,427.75,429.75,435.25,419.25,325.93K,-0.75%
11/08/2015,431.00,455.25,462.25,427.00,454.12K,-4.80%
11/01/2015,452.75,459.00,479.25,450.50,501.79K,-1.58%
10/25/2015,460.00,447.25,465.50,434.00,403.62K,2.34%
10/18/2015,449.50,467.25,467.25,443.75,357.84K,-2.71%
10/11/2015,462.00,486.00,492.75,453.50,470.77K,-5.04%
10/04/2015,486.50,465.00,499.50,463.00,605.59K,6.69%
09/27/2015,456.00,468.75,481.00,455.25,443.02K,-2.93%
09/20/2015,469.75,462.75,486.00,460.75,365.55K,0.64%
09/13/2015,466.75,476.25,483.50,459.75,303.12K,-1.99%
09/06/2015,476.25,486.00,489.50,464.75,457.42K,-2.71%
08/30/2015,489.50,488.00,519.25,470.75,509.07K,1.50%
08/23/2015,482.25,452.50,492.75,425.50,450.34K,7.77%
08/16/2015,447.50,475.50,482.50,446.25,268.14K,-6.58%
08/09/2015,479.00,468.75,492.00,468.50,423.04K,1.86%
08/02/2015,470.25,485.00,487.75,466.50,469.15K,-4.52%
07/26/2015,492.50,503.25,504.00,484.00,365.98K,-2.33%
07/19/2015,504.25,516.75,520.75,500.75,265.96K,-2.37%
07/12/2015,516.50,539.50,544.25,514.50,322.64K,-3.37%
07/05/2015,534.50,558.50,566.75,515.75,553.30K,-4.00%
06/28/2015,556.75,572.75,585.50,554.75,358.39K,-3.38%
06/21/2015,576.25,570.00,594.50,568.75,343.24K,0.52%
06/14/2015,573.25,581.50,597.50,571.00,279.03K,-2.47%
06/07/2015,587.75,573.25,602.50,570.25,471.83K,3.48%
05/31/2015,568.00,599.50,602.00,561.75,428.36K,-4.30%
05/24/2015,593.50,600.50,606.75,565.75,301.27K,-1.04%
05/17/2015,599.75,613.75,620.00,588.25,297.07K,-1.84%
05/10/2015,611.00,597.25,620.50,588.50,378.63K,2.69%
05/03/2015,595.00,601.50,628.25,587.25,490.21K,-0.79%
04/26/2015,599.75,590.00,605.50,579.00,336.67K,1.95%
04/19/2015,588.25,578.50,592.25,560.25,288.33K,1.60%
04/12/2015,579.00,537.50,587.00,537.50,378.84K,7.47%
04/05/2015,538.75,513.00,546.50,513.00,407.62K,5.17%
03/29/2015,512.25,530.00,539.75,509.00,328.05K,-4.83%
03/22/2015,538.25,522.50,549.50,514.25,364.01K,3.06%
03/15/2015,522.25,517.75,538.75,502.75,294.50K,-0.05%
03/08/2015,522.50,559.50,569.50,515.75,439.99K,-8.29%
03/01/2015,569.75,587.00,587.00,560.50,414.93K,-1.89%
02/22/2015,580.75,571.25,589.50,554.50,412.42K,1.53%
02/15/2015,572.00,581.25,586.00,549.50,404.29K,-1.00%
02/08/2015,577.75,557.25,581.75,536.25,526.52K,4.95%
02/01/2015,550.50,498.75,558.75,494.00,661.49K,15.41%
01/25/2015,477.00,474.00,504.25,468.00,405.34K,0.10%
01/18/2015,476.50,482.25,489.25,466.75,345.57K,0.69%
01/11/2015,473.25,482.75,498.00,456.25,365.27K,-1.15%
01/04/2015,478.75,520.00,523.75,478.00,466.14K,-9.20%
12/28/2014,527.25,548.75,556.25,519.25,187.80K,-3.96%
12/21/2014,549.00,566.25,575.25,543.75,138.85K,-1.83%
12/14/2014,559.25,578.50,586.50,549.50,321.94K,-3.66%
12/07/2014,580.50,615.50,615.50,573.00,365.92K,-5.95%
11/30/2014,617.25,632.00,652.00,614.50,389.58K,-5.66%
11/23/2014,654.25,705.00,707.00,630.25,322.12K,-6.74%
11/16/2014,701.50,704.00,713.50,685.50,313.15K,0.97%
11/09/2014,694.75,742.75,754.00,685.75,464.60K,-5.99%
11/02/2014,739.00,746.50,754.25,718.50,572.84K,-0.30%
10/26/2014,741.25,740.00,760.25,728.75,431.58K,0.58%
10/19/2014,737.00,744.00,747.25,726.75,346.78K,-0.03%
10/12/2014,737.25,775.25,775.25,718.25,468.17K,-3.47%
10/05/2014,763.75,785.50,792.50,751.50,467.78K,-2.24%
09/28/2014,781.25,817.00,823.50,780.50,424.81K,-4.23%
09/21/2014,815.75,826.75,827.50,807.50,342.18K,-1.27%
09/14/2014,826.25,834.25,842.75,823.75,239.57K,-1.11%
09/07/2014,835.50,861.00,861.00,826.50,401.69K,-2.25%
08/31/2014,854.75,868.75,872.75,851.00,394.59K,-1.58%
08/24/2014,868.50,861.50,876.50,858.50,351.55K,0.52%
08/17/2014,864.00,870.50,871.75,857.00,267.08K,-0.83%
08/10/2014,871.25,880.50,891.50,864.75,355.51K,-1.36%
08/03/2014,883.25,883.75,895.75,870.75,436.44K,-0.28%
07/27/2014,885.75,900.00,901.25,880.75,338.37K,-1.01%
07/20/2014,894.75,882.25,902.00,881.00,312.29K,0.76%
07/13/2014,888.00,888.00,893.00,876.25,257.70K,-0.03%
07/06/2014,888.25,901.00,902.25,882.25,359.49K,-1.44%
06/29/2014,901.25,924.50,924.50,900.50,300.86K,-2.51%
06/22/2014,924.50,940.00,943.50,923.75,305.75K,-1.49%
06/15/2014,938.50,924.25,947.00,921.00,302.89K,1.62%
06/08/2014,923.50,886.50,931.75,885.75,403.67K,4.23%
06/01/2014,886.00,897.00,897.50,881.00,364.15K,-0.87%
05/25/2014,893.75,911.75,916.25,892.50,341.16K,-2.03%
05/18/2014,912.25,910.75,916.00,904.50,300.08K,-0.16%
05/11/2014,913.75,901.00,915.00,898.25,272.66K,1.33%
05/04/2014,901.75,904.75,909.50,893.00,457.01K,-0.55%
04/27/2014,906.75,919.50,923.00,893.50,360.98K,-1.12%
04/20/2014,917.00,925.25,928.75,914.25,297.28K,-0.89%
04/13/2014,925.25,900.00,926.50,900.00,278.68K,2.52%
04/06/2014,902.50,892.75,908.00,882.25,386.71K,1.04%
03/30/2014,893.25,901.50,903.75,873.25,375.39K,-1.08%
03/23/2014,903.00,897.00,907.00,892.00,271.23K,0.22%
03/16/2014,901.00,903.25,903.75,885.25,258.68K,-0.11%
03/09/2014,902.00,911.50,912.75,889.25,384.86K,-1.15%
03/02/2014,912.50,921.25,944.25,900.75,493.38K,-0.63%
02/23/2014,918.25,927.50,932.75,912.50,361.76K,-0.97%
02/16/2014,927.25,921.00,938.75,919.50,261.81K,1.17%
02/09/2014,916.50,922.50,927.75,913.00,411.66K,0.05%
02/02/2014,916.00,909.00,926.00,894.50,505.75K,0.47%
01/26/2014,911.75,920.00,921.00,904.00,491.15K,-0.38%
01/19/2014,915.25,907.50,920.00,901.25,349.88K,0.55%
01/12/2014,910.25,905.75,911.00,893.75,368.54K,1.20%
01/05/2014,899.50,908.75,916.75,896.50,452.48K,-1.07%
12/29/2013,909.25,956.00,956.00,904.75,237.97K,-4.79%
12/22/2013,955.00,944.50,957.00,939.75,117.48K,1.25%
12/15/2013,943.25,918.00,947.25,914.25,240.75K,2.89%
12/08/2013,916.75,945.00,946.25,915.75,312.95K,-2.71%
12/01/2013,942.25,937.75,953.25,932.50,399.47K,-0.05%
11/24/2013,942.75,934.25,947.75,918.50,269.31K,0.53%
11/17/2013,937.75,915.00,943.75,900.75,313.57K,2.88%
11/10/2013,911.50,891.00,915.25,888.00,336.79K,2.42%
11/03/2013,890.00,901.25,907.50,882.50,496.83K,-1.82%
10/27/2013,906.50,906.75,932.25,901.00,485.53K,0.19%
10/20/2013,904.75,934.25,941.75,902.00,423.75K,-3.03%
10/13/2013,933.00,932.25,944.00,921.50,442.84K,0.24%
10/06/2013,930.75,923.25,947.00,913.75,566.24K,1.00%
09/29/2013,921.50,915.00,931.50,903.00,410.84K,-0.49%
09/22/2013,926.00,923.25,927.00,900.25,430.16K,0.24%
09/15/2013,923.75,944.00,949.50,914.75,372.36K,-2.27%
09/08/2013,945.25,965.00,967.75,934.75,438.50K,-2.65%
09/01/2013,971.00,956.25,971.75,946.25,381.68K,0.18%
08/25/2013,969.25,945.50,985.50,938.50,441.83K,2.78%
08/18/2013,943.00,943.00,947.50,930.25,330.18K,0.08%
08/11/2013,942.25,908.00,943.50,908.00,312.22K,4.06%
08/04/2013,905.50,926.00,930.75,893.50,394.02K,-2.16%
07/28/2013,925.50,913.25,936.00,899.25,362.93K,1.48%
07/21/2013,912.00,927.50,930.75,908.00,304.54K,-1.54%
07/14/2013,926.25,916.75,931.25,911.00,356.75K,1.04%
07/07/2013,916.75,913.00,919.25,904.50,415.83K,0.96%
06/30/2013,908.00,876.00,913.00,869.50,460.33K,3.51%
06/23/2013,877.25,855.00,882.50,850.50,478.21K,2.45%
06/16/2013,856.25,895.75,901.75,852.75,340.50K,-4.60%
06/09/2013,897.50,873.00,900.50,854.50,465.49K,2.81%
06/02/2013,873.00,839.00,877.25,835.25,570.04K,3.25%
05/26/2013,845.50,857.75,878.50,839.75,356.06K,-1.20%
05/19/2013,855.75,881.25,886.00,847.75,367.62K,-2.42%
05/12/2013,877.00,867.25,883.75,847.25,365.86K,2.96%
05/05/2013,851.75,860.25,875.25,850.25,515.10K,-1.19%
04/28/2013,862.00,862.75,864.50,824.00,419.52K,-0.06%
04/21/2013,862.50,836.50,868.25,832.00,358.24K,3.11%
04/14/2013,836.50,865.75,866.00,820.25,372.17K,-2.68%
04/07/2013,859.50,877.00,896.00,855.75,446.26K,-2.74%
03/31/2013,883.75,917.50,938.00,877.00,400.64K,-3.76%
03/24/2013,918.25,898.50,923.50,898.50,279.00K,1.91%
03/17/2013,901.00,920.00,920.00,896.25,271.94K,-2.09%
03/10/2013,920.25,931.00,939.25,908.25,451.11K,-0.67%
03/03/2013,926.50,927.25,939.75,917.50,485.06K,0.43%
02/24/2013,922.50,976.25,989.75,919.00,602.72K,-5.12%
02/17/2013,972.25,"1,003.50","1,006.25",971.00,327.55K,-2.43%
02/10/2013,996.50,"1,018.00","1,019.00",993.00,400.97K,-2.23%
02/03/2013,"1,019.25",995.50,"1,020.25",987.50,475.51K,2.39%
01/27/2013,995.50,963.25,998.25,959.00,497.29K,3.51%
01/20/2013,961.75,954.75,969.25,952.00,380.90K,1.37%
01/13/2013,948.75,937.25,958.00,937.25,436.51K,1.52%
01/06/2013,934.50,931.75,966.25,930.50,543.18K,0.40%
12/30/2012,930.75,932.75,949.00,922.25,307.56K,-0.27%
12/23/2012,933.25,936.25,945.25,925.25,127.06K,0.13%
12/16/2012,932.00,925.50,947.50,917.50,212.33K,0.98%
12/09/2012,923.00,909.00,930.00,901.00,346.24K,1.51%
12/02/2012,909.25,950.25,962.00,906.25,456.29K,-4.59%
11/25/2012,953.00,954.00,959.25,930.75,331.00K,-0.16%
11/18/2012,954.50,934.75,961.50,933.50,289.16K,3.44%
11/11/2012,922.75,935.25,942.25,920.00,266.66K,-0.62%
11/04/2012,928.50,918.00,955.00,912.25,562.11K,0.60%
10/28/2012,923.00,951.00,964.50,918.00,627.79K,-3.07%
10/21/2012,952.25,966.50,973.50,935.50,518.85K,-2.91%
10/14/2012,980.75,987.75,994.25,966.75,466.92K,-0.73%
10/07/2012,988.00,977.00,"1,016.25",969.00,500.39K,1.05%
09/30/2012,977.75,976.50,987.25,948.00,538.99K,0.33%
09/23/2012,974.50,974.00,985.75,952.50,407.57K,0.54%
09/16/2012,969.25,"1,007.25","1,011.25",943.75,379.16K,-4.15%
09/09/2012,"1,011.25",987.50,"1,017.00",984.75,470.70K,2.56%
09/02/2012,986.00,997.75,"1,007.00",975.25,448.05K,-0.83%
08/26/2012,994.25,985.00,"1,002.50",973.00,385.15K,0.43%
08/19/2012,990.00,979.00,998.25,971.75,326.90K,1.05%
08/12/2012,979.75,956.25,987.25,953.50,315.38K,2.59%
08/05/2012,955.00,926.50,966.00,921.25,467.61K,3.49%
07/29/2012,922.75,912.50,928.25,897.00,419.89K,1.37%
07/22/2012,910.25,922.50,922.50,881.75,384.96K,-0.93%
07/15/2012,918.75,881.50,929.00,876.25,333.16K,4.64%
07/08/2012,878.00,861.00,885.00,857.25,451.05K,1.80%
07/01/2012,862.50,860.50,888.75,841.00,413.55K,2.28%
06/24/2012,843.25,813.75,864.00,801.00,381.83K,4.46%
06/17/2012,807.25,854.25,859.00,802.50,367.55K,-4.72%
06/10/2012,847.25,856.25,874.00,832.50,384.42K,0.68%
06/03/2012,841.50,844.00,871.75,820.50,459.39K,-0.18%
05/27/2012,843.00,901.25,910.25,836.75,419.94K,-6.67%
05/20/2012,903.25,902.25,916.75,891.25,342.58K,-0.17%
05/13/2012,904.75,939.75,939.75,899.00,314.60K,-4.49%
05/06/2012,947.25,952.00,956.25,937.00,503.61K,-0.50%
04/29/2012,952.00,"1,005.50","1,012.00",947.75,533.01K,-5.18%
04/22/2012,"1,004.00",994.25,"1,013.00",984.75,421.34K,0.58%
04/15/2012,998.25,"1,007.00","1,007.00",982.00,425.78K,-0.82%
04/08/2012,"1,006.50","1,008.75","1,011.75",984.00,426.34K,-0.22%
04/01/2012,"1,008.75","1,012.50","1,037.25","1,001.75",364.47K,-0.49%
03/25/2012,"1,013.75","1,026.50","1,034.25","1,004.75",390.21K,-1.53%
03/18/2012,"1,029.50","1,039.25","1,044.50","1,011.50",383.34K,-0.53%
03/11/2012,"1,035.00","1,034.75","1,045.75","1,015.50",331.76K,-0.17%
03/04/2012,"1,036.75","1,013.00","1,038.00","1,002.75",486.19K,2.34%
02/26/2012,"1,013.00","1,035.25","1,043.25",996.75,539.24K,-1.70%
02/19/2012,"1,030.50","1,004.75","1,040.00","1,000.50",327.83K,3.08%
02/12/2012,999.75,991.50,"1,008.00",982.75,382.12K,0.30%
02/05/2012,996.75,974.25,"1,004.75",969.25,583.12K,3.75%
01/29/2012,960.75,956.50,974.00,945.50,477.57K,0.60%
01/22/2012,955.00,935.25,959.25,932.50,416.29K,2.19%
01/15/2012,934.50,950.75,967.25,933.25,406.18K,-1.76%
01/08/2012,951.25,969.75,981.00,944.75,486.62K,-0.99%
01/01/2012,960.75,925.50,974.00,925.50,468.46K,4.66%
12/25/2011,918.00,914.50,929.25,911.25,147.67K,0.74%
12/18/2011,911.25,884.00,920.50,878.25,202.88K,2.24%
12/11/2011,891.25,923.00,941.75,882.75,299.41K,-3.65%
12/04/2011,925.00,946.00,970.00,919.25,496.50K,-1.91%
11/27/2011,943.00,929.75,966.25,927.50,510.39K,1.43%
11/20/2011,929.75,953.75,956.25,922.50,330.62K,-3.53%
11/13/2011,963.75,989.25,990.50,946.75,415.23K,-2.45%
11/06/2011,988.00,957.25,989.75,951.75,585.01K,3.21%
10/30/2011,957.25,951.75,960.00,922.75,536.19K,0.58%
10/23/2011,951.75,937.50,966.50,933.50,454.82K,0.85%
10/16/2011,943.75,946.00,956.50,916.75,534.86K,0.45%
10/09/2011,939.50,891.00,946.75,887.25,607.09K,5.41%
10/02/2011,891.25,872.00,897.00,844.25,521.15K,1.34%
09/25/2011,879.50,882.50,909.75,867.75,468.48K,-1.59%
09/18/2011,893.75,941.25,945.25,881.50,369.89K,-5.52%
09/11/2011,946.00,937.25,957.50,913.25,406.72K,0.77%
09/04/2011,938.75,946.50,969.00,926.00,442.55K,-1.13%
08/28/2011,949.50,944.75,972.00,936.75,451.09K,0.61%
08/21/2011,943.75,915.00,951.00,892.00,418.23K,3.25%
08/14/2011,914.00,912.75,941.00,890.50,298.78K,0.08%
08/07/2011,913.25,915.00,921.25,851.00,579.35K,0.08%
07/31/2011,912.50,972.50,"1,001.50",886.50,677.55K,-6.17%
07/24/2011,972.50,985.50,986.75,964.50,365.75K,-1.32%
07/17/2011,985.50,983.50,989.25,958.00,273.18K,0.59%
07/10/2011,979.75,971.50,987.50,953.00,431.22K,1.37%
07/03/2011,966.50,922.50,984.25,913.25,387.51K,5.86%
06/26/2011,913.00,877.50,935.50,861.50,441.97K,3.90%
06/19/2011,878.75,944.75,946.25,868.50,437.91K,-6.96%
06/12/2011,944.50,981.50,998.50,931.00,305.98K,-3.38%
06/05/2011,977.50,965.00,993.50,946.50,507.77K,2.49%
05/29/2011,953.75,949.00,970.50,940.00,329.32K,1.14%
05/22/2011,943.00,923.25,950.50,898.75,316.06K,3.34%
05/15/2011,912.50,928.50,932.25,893.00,349.38K,-0.92%
05/08/2011,921.00,910.75,954.50,899.25,579.29K,-1.18%
05/01/2011,932.00,"1,037.25","1,044.25",877.75,578.17K,-10.06%
04/24/2011,"1,036.25","1,018.50","1,042.75","1,008.50",289.59K,1.82%
04/17/2011,"1,017.75","1,025.00","1,033.75",992.50,264.89K,-0.92%
04/10/2011,"1,027.25","1,059.50","1,060.50","1,002.75",567.88K,-2.00%
04/03/2011,"1,048.25",998.00,"1,060.50",998.00,465.76K,5.14%
03/27/2011,997.00,976.25,"1,000.75",962.75,395.35K,1.89%
03/20/2011,978.50,970.50,991.00,969.25,369.42K,0.82%
03/13/2011,970.50,958.00,992.75,924.50,499.47K,1.12%
03/06/2011,959.75,972.50,990.00,943.75,586.14K,-0.95%
02/27/2011,969.00,935.75,975.00,922.50,467.66K,4.76%
02/20/2011,925.00,865.00,977.00,865.00,512.08K,6.91%
02/13/2011,865.25,856.25,881.50,849.25,436.97K,1.29%
02/06/2011,854.25,849.75,875.75,833.25,536.62K,0.62%
01/30/2011,849.00,833.00,871.00,828.00,495.61K,2.35%
01/23/2011,829.50,823.00,838.00,798.00,473.74K,1.34%
01/16/2011,818.50,819.25,828.50,802.25,332.80K,0.34%
01/09/2011,815.75,772.50,821.50,770.25,463.66K,5.26%
01/02/2011,775.00,786.00,800.75,763.25,443.59K,0.91%
12/26/2010,768.00,784.50,791.25,766.25,135.02K,-2.01%
12/19/2010,783.75,771.75,792.00,765.25,164.42K,1.62%
12/12/2010,771.25,766.75,780.25,760.25,246.90K,1.35%
12/05/2010,761.00,776.25,782.75,757.75,444.74K,-0.81%
11/28/2010,767.25,728.75,777.50,722.25,435.58K,5.57%
11/21/2010,726.75,714.25,733.50,699.75,283.95K,2.25%
11/14/2010,710.75,738.75,748.50,704.75,368.18K,-4.69%
11/07/2010,745.75,744.00,765.50,736.50,460.95K,0.81%
10/31/2010,739.75,704.00,748.25,702.00,423.04K,5.08%
10/24/2010,704.00,712.50,719.25,695.75,376.19K,0.18%
10/17/2010,702.75,704.75,721.00,693.00,412.19K,-1.47%
10/10/2010,713.25,720.25,731.50,701.50,489.06K,-0.97%
10/03/2010,720.25,723.25,733.75,700.00,508.19K,0.45%
09/26/2010,717.00,680.25,723.00,666.75,457.59K,5.36%
09/19/2010,680.50,669.00,686.75,663.00,357.21K,2.64%
09/12/2010,663.00,669.50,681.25,660.00,322.13K,-0.30%
09/05/2010,665.00,650.75,668.00,643.50,422.50K,3.54%
08/29/2010,642.25,653.75,657.25,632.00,351.38K,-0.73%
08/22/2010,647.00,633.50,654.75,617.50,259.82K,2.09%
08/15/2010,633.75,642.25,655.50,632.25,238.89K,-1.32%
08/08/2010,642.25,684.00,690.75,637.75,393.49K,-6.38%
08/01/2010,686.00,664.00,701.75,662.25,345.81K,4.77%
07/25/2010,654.75,659.75,664.75,639.00,306.55K,-0.38%
07/18/2010,657.25,643.50,667.25,640.00,321.24K,2.14%
07/11/2010,643.50,650.25,663.00,634.50,331.81K,-0.58%
07/04/2010,647.25,616.50,652.75,609.00,342.37K,5.16%
06/27/2010,615.50,671.25,680.00,611.50,339.42K,-7.69%
06/20/2010,666.75,687.00,694.00,655.00,320.93K,-2.27%
06/13/2010,682.25,646.25,686.75,642.75,285.87K,6.10%
06/06/2010,643.00,620.50,654.75,614.00,419.75K,2.19%
05/30/2010,629.25,638.75,655.00,620.50,272.97K,-1.53%
05/23/2010,639.00,612.75,649.50,589.50,278.23K,4.16%
05/16/2010,613.50,659.25,663.00,598.75,351.96K,-8.02%
05/09/2010,667.00,660.00,696.75,657.00,345.95K,0.79%
05/02/2010,661.75,735.00,750.50,656.75,406.99K,-9.90%
04/25/2010,734.50,725.75,739.50,710.00,358.69K,1.73%
04/18/2010,722.00,708.50,725.25,687.75,341.11K,1.76%
04/11/2010,709.50,710.00,724.75,701.75,290.80K,0.28%
04/04/2010,707.50,706.75,724.50,703.00,353.18K,0.93%
03/28/2010,701.00,659.75,705.50,659.75,271.63K,6.74%
03/21/2010,656.75,660.50,671.00,647.50,298.43K,-0.08%
03/14/2010,657.25,663.25,680.75,648.50,344.28K,-1.42%
03/07/2010,666.75,655.75,676.75,644.25,472.08K,1.76%
02/28/2010,655.25,633.50,656.75,624.50,378.94K,3.64%
02/21/2010,632.25,641.50,648.75,614.75,417.42K,-0.63%
02/14/2010,636.25,596.00,643.00,589.00,221.50K,7.84%
02/07/2010,590.00,582.25,606.25,570.00,417.25K,1.33%
01/31/2010,582.25,587.75,630.00,558.25,406.95K,-1.85%
01/24/2010,593.25,598.00,606.25,583.00,316.99K,-1.94%
01/17/2010,605.00,629.00,635.25,594.25,269.77K,-5.02%
01/10/2010,637.00,671.25,676.25,630.50,387.79K,-3.99%
01/03/2010,663.50,642.00,673.75,642.00,369.35K,3.43%
12/27/2009,641.50,626.00,650.00,624.75,124.95K,4.56%
12/20/2009,613.50,607.00,625.75,591.75,130.17K,1.87%
12/13/2009,602.25,595.25,614.75,592.00,215.97K,1.99%
12/06/2009,590.50,631.75,632.25,581.25,358.14K,-7.08%
11/29/2009,635.50,621.75,647.50,617.00,319.15K,3.00%
11/22/2009,617.00,621.75,643.00,591.75,229.53K,-0.76%
11/15/2009,621.75,620.00,656.75,618.25,258.39K,-0.04%
11/08/2009,622.00,622.00,646.00,613.25,355.09K,0.77%
11/01/2009,617.25,626.50,651.75,614.75,397.17K,-2.37%
10/25/2009,632.25,653.00,665.75,623.75,287.56K,-2.99%
10/18/2009,651.75,639.00,670.25,637.50,293.22K,3.00%
10/11/2009,632.75,583.00,642.25,583.00,287.34K,9.00%
10/04/2009,580.50,560.75,585.50,549.25,334.91K,3.43%
09/27/2009,561.25,543.00,581.75,537.50,248.29K,3.46%
09/20/2009,542.50,586.75,587.25,535.75,238.94K,-7.54%
09/13/2009,586.75,563.00,595.25,553.50,192.23K,2.40%
09/06/2009,573.00,545.50,585.50,545.50,288.82K,5.04%
08/30/2009,545.50,601.00,601.75,545.00,254.64K,-9.57%
08/23/2009,603.25,611.25,619.25,584.25,190.57K,-0.82%
08/16/2009,608.25,592.50,618.75,575.00,149.12K,1.84%
08/09/2009,597.25,605.00,619.50,589.50,229.12K,-2.69%
08/02/2009,613.75,588.50,624.75,588.50,265.15K,6.32%
07/26/2009,577.25,576.00,590.00,542.75,206.26K,0.43%
07/19/2009,574.75,537.00,581.00,536.75,222.80K,7.58%
07/12/2009,534.25,501.00,542.50,490.00,223.54K,9.98%
07/05/2009,485.75,531.00,535.50,485.00,344.98K,-9.92%
06/28/2009,539.25,567.25,598.50,534.25,257.63K,-5.19%
06/21/2009,568.75,583.00,586.50,555.00,269.27K,-4.33%
06/14/2009,594.50,594.00,606.50,574.00,171.04K,0.13%
06/07/2009,593.75,560.00,599.75,551.50,291.54K,5.56%
05/31/2009,562.50,533.25,575.75,533.25,274.95K,5.19%
05/24/2009,534.75,499.00,535.75,476.00,231.21K,8.97%
05/17/2009,490.75,468.50,499.50,467.00,177.65K,2.72%
05/10/2009,477.75,483.50,502.50,465.75,270.23K,-0.88%
05/03/2009,482.00,445.25,494.00,444.75,261.77K,8.50%
04/26/2009,444.25,439.25,449.75,417.75,229.46K,0.85%
04/19/2009,440.50,459.25,460.75,425.75,181.04K,-5.42%
04/12/2009,465.75,469.00,471.25,441.50,148.81K,0.87%
04/05/2009,461.75,461.00,473.50,435.75,198.51K,2.38%
03/29/2009,451.00,458.50,471.00,420.50,205.27K,-2.33%
03/22/2009,461.75,450.00,485.00,449.00,199.38K,4.00%
03/15/2009,444.00,388.50,449.75,373.50,128.09K,11.42%
03/08/2009,398.50,389.00,405.75,358.50,273.11K,6.91%
03/01/2009,372.75,399.00,399.00,362.75,257.87K,-5.09%
02/22/2009,392.75,379.75,412.75,368.75,196.37K,5.93%
02/15/2009,370.75,416.50,421.50,367.25,131.14K,-11.41%
02/08/2009,418.50,431.75,452.00,411.00,266.98K,-0.48%
02/01/2009,420.50,453.00,457.00,410.00,212.22K,-7.43%
01/25/2009,454.25,454.75,470.75,434.75,227.30K,7.13%
01/18/2009,424.00,465.25,465.50,418.75,182.43K,-9.79%
01/11/2009,470.00,471.50,489.00,452.00,231.68K,2.12%
01/04/2009,460.25,475.50,530.50,456.75,351.39K,5.87%
12/28/2008,434.75,417.00,473.50,413.00,76.40K,6.30%
12/21/2008,409.00,457.50,464.25,397.25,65.67K,-9.81%
12/14/2008,453.50,486.00,518.75,449.25,171.77K,-3.36%
12/07/2008,469.25,460.00,490.00,434.75,275.11K,4.86%
11/30/2008,447.50,535.25,537.25,440.50,245.98K,-15.96%
11/23/2008,532.50,537.75,572.25,520.00,177.09K,0.90%
11/16/2008,527.75,577.00,602.00,521.25,156.71K,-9.59%
11/09/2008,583.75,632.00,661.50,571.50,236.60K,-6.26%
11/02/2008,622.75,634.75,695.50,613.25,232.55K,-1.70%
10/26/2008,633.50,628.00,670.00,609.50,192.03K,0.48%
10/19/2008,630.50,695.00,727.00,616.50,200.41K,-7.48%
10/12/2008,681.50,736.75,785.50,666.25,211.15K,-5.84%
10/05/2008,723.75,852.00,852.50,706.75,279.94K,-17.29%
09/28/2008,875.00,959.50,959.50,847.25,254.28K,-8.78%
09/21/2008,959.25,935.00,994.50,930.50,229.83K,6.05%
09/14/2008,904.50,928.00,943.00,864.25,190.37K,-3.62%
09/07/2008,938.50,976.50,981.25,919.75,286.32K,-1.93%
08/31/2008,957.00,"1,038.00","1,047.50",948.75,222.46K,-7.78%
08/24/2008,"1,037.75","1,022.25","1,072.50","1,016.25",186.62K,-0.17%
08/17/2008,"1,039.50","1,029.00","1,087.50","1,005.00",122.66K,4.11%
08/10/2008,998.50,"1,025.00","1,049.25",996.25,165.59K,-2.63%
08/03/2008,"1,025.50","1,132.00","1,132.00","1,020.50",219.18K,-9.23%
07/27/2008,"1,129.75","1,158.00","1,176.00","1,114.50",191.01K,-2.63%
07/20/2008,"1,160.25","1,214.75","1,235.25","1,147.50",164.13K,-4.62%
07/13/2008,"1,216.50","1,317.00","1,333.25","1,206.25",157.09K,-8.79%
07/06/2008,"1,333.75","1,305.25","1,347.25","1,225.75",268.49K,2.30%
06/29/2008,"1,303.75","1,280.25","1,331.00","1,258.50",163.09K,2.54%
06/22/2008,"1,271.50","1,233.50","1,289.50","1,203.50",167.61K,2.71%
06/15/2008,"1,238.00","1,241.25","1,285.25","1,207.50",117.96K,-1.12%
06/08/2008,"1,252.00","1,271.50","1,288.00","1,230.00",216.55K,0.20%
06/01/2008,"1,249.50","1,191.00","1,285.25","1,140.00",211.92K,4.85%
05/25/2008,"1,191.75","1,270.00","1,295.00","1,178.75",145.28K,-7.36%
05/18/2008,"1,286.50","1,204.50","1,308.25","1,187.50",156.25K,7.36%
05/11/2008,"1,198.25","1,186.00","1,210.00","1,131.50",141.54K,2.41%
05/04/2008,"1,170.00","1,056.25","1,188.50","1,054.50",236.35K,10.93%
04/27/2008,"1,054.75","1,065.50","1,074.00","1,013.00",191.48K,-1.26%
04/20/2008,"1,068.25","1,039.75","1,071.50","1,032.50",172.89K,3.04%
04/13/2008,"1,036.75","1,000.00","1,046.25",997.75,108.15K,3.70%
04/06/2008,999.75,959.25,"1,051.50",958.00,235.35K,5.51%
03/30/2008,947.50,949.75,963.25,903.50,170.25K,0.03%
03/23/2008,947.25,910.25,964.25,891.00,122.09K,3.95%
03/16/2008,911.25,967.75,978.50,910.75,145.78K,-6.51%
03/09/2008,974.75,938.00,979.00,929.00,236.16K,3.28%
03/02/2008,943.75,892.00,946.50,886.75,263.87K,5.39%
02/24/2008,895.50,874.25,899.00,862.75,196.65K,3.32%
02/17/2008,866.75,833.00,876.50,833.00,160.66K,3.49%
02/10/2008,837.50,807.00,840.00,807.00,272.09K,4.00%
02/03/2008,805.25,782.50,817.50,768.50,260.29K,1.87%
01/27/2008,790.50,789.75,806.25,775.75,218.08K,0.19%
01/20/2008,789.00,783.75,793.50,747.00,146.05K,0.86%
01/13/2008,782.25,786.50,807.75,771.25,148.14K,-1.23%
01/06/2008,792.00,836.00,842.25,785.50,315.58K,-5.74%
12/30/2007,840.25,826.50,856.25,820.75,132.98K,0.45%
12/23/2007,836.50,814.75,841.25,804.25,47.38K,3.53%
12/16/2007,808.00,815.50,820.75,789.75,123.41K,-0.62%
12/09/2007,813.00,780.00,829.00,770.25,217.56K,4.23%
12/02/2007,780.00,792.25,806.25,763.00,258.44K,-0.89%
11/25/2007,787.00,849.50,854.00,782.50,220.51K,-7.25%
11/18/2007,848.50,817.00,852.50,807.50,160.13K,4.33%
11/11/2007,813.25,819.00,825.75,781.50,209.02K,-1.15%
11/04/2007,822.75,797.75,832.75,790.25,294.36K,3.00%
10/28/2007,798.75,763.50,802.75,754.50,228.98K,5.31%
10/21/2007,758.50,724.00,763.00,716.25,130.08K,3.62%
10/14/2007,732.00,701.25,739.00,701.00,147.52K,4.35%
10/07/2007,701.50,689.00,707.00,669.50,278.11K,1.34%
09/30/2007,692.25,703.00,703.25,671.50,243.22K,-2.64%
09/23/2007,711.00,709.50,714.50,679.50,199.03K,0.35%
09/16/2007,708.50,688.00,710.00,682.75,132.26K,2.57%
09/09/2007,690.75,671.25,696.00,667.50,251.20K,3.44%
09/02/2007,667.75,644.00,675.00,643.00,220.09K,4.01%
08/26/2007,642.00,626.25,646.00,617.75,134.41K,3.22%
08/19/2007,622.00,623.25,627.50,608.75,117.81K,-1.19%
08/12/2007,629.50,626.25,638.75,614.25,146.88K,1.90%
08/05/2007,617.75,641.00,642.00,611.50,255.12K,-4.00%
07/29/2007,643.50,656.00,662.00,639.75,171.88K,-0.73%
07/22/2007,648.25,657.75,661.25,638.00,142.28K,-1.59%
07/15/2007,658.75,659.00,665.75,640.50,122.74K,0.00%
07/08/2007,658.75,647.00,664.50,641.50,210.60K,1.62%
07/01/2007,648.25,632.00,652.00,628.00,140.15K,2.94%
06/24/2007,629.75,630.00,637.25,614.50,122.09K,-0.71%
06/17/2007,634.25,627.50,639.50,619.50,99.10K,1.16%
06/10/2007,627.00,600.50,629.75,595.50,183.08K,3.04%
06/03/2007,608.50,603.00,622.00,597.00,182.25K,2.23%
05/27/2007,595.25,610.75,611.75,585.50,113.98K,-2.26%
05/20/2007,609.00,606.75,618.75,602.00,84.73K,0.54%
05/13/2007,605.75,594.50,612.00,585.25,103.44K,1.85%
05/06/2007,594.75,581.00,598.75,567.25,255.27K,1.06%
04/29/2007,588.50,601.00,604.75,578.50,159.13K,-1.05%
04/22/2007,594.75,580.00,604.00,578.50,149.61K,2.72%
04/15/2007,579.00,603.50,606.75,565.75,130.38K,-4.69%
04/08/2007,607.50,587.75,610.75,576.50,182.10K,3.67%
04/01/2007,586.00,589.75,594.75,574.75,111.87K,-1.26%
03/25/2007,593.50,546.00,598.50,546.00,166.85K,8.40%
03/18/2007,547.50,534.25,549.75,529.00,108.71K,1.25%
03/11/2007,540.75,534.00,546.75,525.00,153.69K,0.14%
03/04/2007,540.00,543.00,551.50,531.75,163.62K,-1.55%
02/25/2007,548.50,541.75,554.50,535.25,124.42K,1.01%
02/18/2007,543.00,520.00,545.75,504.00,102.77K,5.28%
02/11/2007,515.75,526.00,528.75,502.00,124.93K,-2.50%
02/04/2007,529.00,526.00,535.00,512.25,211.70K,3.02%
01/28/2007,513.50,504.50,527.25,487.25,186.21K,3.06%
01/21/2007,498.25,487.00,504.00,478.75,136.62K,3.80%
01/14/2007,480.00,484.75,487.00,466.25,123.01K,0.79%
01/07/2007,476.25,498.50,508.25,473.00,226.35K,-2.91%
12/31/2006,490.50,522.50,531.75,489.00,120.70K,-5.99%
12/24/2006,521.75,546.50,552.25,520.25,49.46K,-4.18%
12/17/2006,544.50,556.00,558.00,539.50,90.82K,-2.24%
12/10/2006,557.00,544.75,562.50,536.75,159.79K,-0.45%
12/03/2006,559.50,567.00,569.25,544.75,166.63K,-1.06%
11/26/2006,565.50,538.00,574.00,532.75,167.49K,4.67%
11/19/2006,540.25,526.50,545.50,524.00,116.56K,2.95%
11/12/2006,524.75,543.00,548.25,523.00,144.28K,-2.73%
11/05/2006,539.50,527.00,549.25,524.50,215.23K,2.66%
10/29/2006,525.50,542.00,545.75,514.75,179.18K,-2.91%
10/22/2006,541.25,537.25,557.75,530.50,113.66K,0.37%
10/15/2006,539.25,554.50,569.25,535.50,119.78K,-2.79%
10/08/2006,554.75,543.25,559.25,532.00,213.07K,3.98%
10/01/2006,533.50,558.00,562.50,524.75,157.82K,-3.04%
09/24/2006,550.25,540.50,568.50,533.50,134.58K,1.52%
09/17/2006,542.00,562.00,575.00,538.50,114.11K,-2.56%
09/10/2006,556.25,593.50,593.50,553.00,195.52K,-7.29%
09/03/2006,600.00,631.00,633.50,592.00,150.13K,-5.36%
08/27/2006,634.00,655.50,655.50,630.00,130.86K,-4.27%
08/20/2006,662.25,650.50,667.00,643.25,100.28K,2.63%
08/13/2006,645.25,658.00,662.75,639.00,90.59K,-2.42%
08/06/2006,661.25,662.00,679.25,647.50,175.05K,0.04%
07/30/2006,661.00,638.50,668.00,633.25,159.02K,3.36%
07/23/2006,639.50,639.25,654.25,629.50,97.77K,0.12%
07/16/2006,638.75,678.25,681.50,630.75,104.72K,-5.09%
07/09/2006,673.00,651.00,685.50,627.00,201.11K,2.94%
07/02/2006,653.75,652.00,658.50,633.00,137.82K,0.62%
06/25/2006,649.75,633.00,653.00,627.75,92.38K,2.52%
06/18/2006,633.75,619.25,636.25,610.00,74.80K,3.13%
06/11/2006,614.50,642.00,649.25,613.50,100.34K,-3.83%
06/04/2006,639.00,640.25,650.25,616.00,161.94K,1.03%
05/28/2006,632.50,634.75,643.25,615.50,95.70K,-0.51%
05/21/2006,635.75,614.00,642.00,607.25,62.28K,3.84%
05/14/2006,612.25,642.00,643.00,608.75,69.23K,-6.10%
05/07/2006,652.00,617.50,660.00,605.50,162.91K,5.80%
04/30/2006,616.25,631.50,655.25,609.00,119.41K,-2.49%
04/23/2006,632.00,648.50,651.75,622.00,93.82K,-2.02%
04/16/2006,645.00,621.75,654.00,617.50,61.13K,5.39%
04/09/2006,612.00,592.00,621.00,589.25,108.18K,4.62%
04/02/2006,585.00,584.25,594.50,577.00,101.17K,0.47%
03/26/2006,582.25,562.00,589.75,555.50,83.48K,3.65%
03/19/2006,561.75,565.75,567.75,544.00,85.56K,-1.14%
03/12/2006,568.25,537.25,571.75,529.50,79.73K,6.86%
03/05/2006,531.75,566.25,567.50,525.50,171.66K,-5.59%
02/26/2006,563.25,542.25,572.75,531.75,129.96K,3.25%
02/19/2006,545.50,532.00,552.75,522.25,90.38K,2.59%
02/12/2006,531.75,528.00,535.00,516.50,70.60K,1.58%
02/05/2006,523.50,555.75,558.00,517.75,171.28K,-4.56%
01/29/2006,548.50,572.50,581.00,535.75,106.25K,-2.83%
01/22/2006,564.50,577.00,585.00,553.50,87.74K,-1.87%
01/15/2006,575.25,539.75,585.50,539.25,86.19K,7.98%
01/08/2006,532.75,549.00,551.00,515.75,168.39K,-2.25%
01/01/2006,545.00,522.75,554.50,522.00,91.14K,5.11%
12/25/2005,518.50,510.00,527.50,501.50,30.96K,1.12%
12/18/2005,512.75,524.75,536.25,511.50,51.37K,-2.61%
12/11/2005,526.50,529.25,560.00,509.50,90.74K,-0.52%
12/04/2005,529.25,535.50,543.00,512.75,145.76K,1.05%
11/27/2005,523.75,515.00,534.00,502.50,94.79K,2.55%
11/20/2005,510.75,533.00,545.50,509.25,62.30K,-2.58%
11/13/2005,524.25,537.75,548.00,523.50,87.66K,-1.96%
11/06/2005,534.75,545.00,553.00,525.00,138.06K,-2.42%
10/30/2005,548.00,576.00,576.00,537.25,114.53K,-4.53%
10/23/2005,574.00,563.50,599.75,558.50,77.67K,2.23%
10/16/2005,561.50,590.25,616.00,560.50,60.71K,-4.34%
10/09/2005,587.00,598.00,619.00,586.25,104.61K,-1.59%
10/02/2005,596.50,637.50,642.00,587.25,94.78K,-5.09%
09/25/2005,628.50,596.00,646.00,586.00,92.87K,5.90%
09/18/2005,593.50,590.00,637.50,588.75,85.07K,2.11%
09/11/2005,581.25,596.50,610.00,561.00,87.12K,-3.41%
09/04/2005,601.75,625.00,642.50,586.50,109.81K,-5.53%
08/28/2005,637.00,605.00,660.50,604.75,83.11K,6.17%
08/21/2005,600.00,587.50,606.00,580.75,47.87K,2.04%
08/14/2005,588.00,602.25,605.75,570.00,48.37K,-2.93%
08/07/2005,605.75,541.00,609.75,541.00,110.87K,11.76%
07/31/2005,542.00,540.75,550.75,532.50,78.81K,1.12%
07/24/2005,536.00,522.00,542.25,516.50,65.70K,2.63%
07/17/2005,522.25,539.50,544.25,511.00,44.35K,-2.79%
07/10/2005,537.25,545.00,570.75,527.00,197.06K,-3.20%
07/03/2005,555.00,546.25,576.75,526.50,96.45K,1.83%
06/26/2005,545.00,534.75,550.75,513.50,63.56K,3.12%
06/19/2005,528.50,533.50,539.50,518.00,43.05K,0.00%
06/12/2005,528.50,514.00,536.00,510.50,40.93K,2.72%
06/05/2005,514.50,505.00,525.50,491.00,114.30K,3.99%
05/29/2005,494.75,458.50,503.75,451.00,50.79K,7.55%
05/22/2005,460.00,439.00,464.00,431.75,40.02K,3.49%
05/15/2005,444.50,436.25,451.50,429.50,48.96K,2.07%
05/08/2005,435.50,460.75,472.75,435.00,85.92K,-5.53%
05/01/2005,461.00,470.50,474.25,453.50,46.83K,-2.02%
04/24/2005,470.50,501.75,501.75,457.00,53.08K,-5.05%
04/17/2005,495.50,468.25,500.00,460.50,28.72K,5.26%
04/10/2005,470.75,480.00,488.00,467.00,64.15K,-2.28%
04/03/2005,481.75,522.25,539.00,472.25,87.07K,-6.73%
03/27/2005,516.50,475.00,523.50,475.00,47.13K,7.49%
03/20/2005,480.50,486.50,492.25,473.50,26.06K,-1.08%
03/13/2005,485.75,468.00,495.75,459.25,48.08K,3.79%
03/06/2005,468.00,462.25,489.00,454.75,109.90K,1.46%
02/27/2005,461.25,445.00,479.00,444.50,93.08K,3.89%
02/20/2005,444.00,410.00,450.50,409.50,65.92K,9.70%
02/13/2005,404.75,386.25,409.00,384.00,27.51K,4.18%
02/06/2005,388.50,385.00,399.50,371.00,95.60K,0.06%
01/30/2005,388.25,389.25,401.00,380.50,57.58K,-1.40%
01/23/2005,393.75,408.00,417.50,393.00,63.12K,-1.81%
01/16/2005,401.00,392.00,406.50,383.50,35.34K,1.97%
01/09/2005,393.25,378.00,398.50,371.00,82.96K,4.52%
01/02/2005,376.25,354.75,381.50,351.25,67.66K,3.01%
12/26/2004,365.25,364.00,369.75,350.00,23.09K,-3.82%
12/19/2004,379.75,418.75,419.50,378.75,24.30K,-8.55%
12/12/2004,415.25,369.00,421.00,361.50,42.93K,9.13%
12/05/2004,380.50,373.00,392.75,357.25,94.19K,3.05%
11/28/2004,369.25,436.00,440.75,368.25,80.04K,-15.26%
11/21/2004,435.75,443.50,447.25,422.25,48.47K,-0.57%
11/14/2004,438.25,403.75,440.00,394.75,61.75K,7.61%
11/07/2004,407.25,417.00,424.50,404.75,89.53K,-1.27%
10/31/2004,412.50,443.25,449.75,409.00,79.95K,-5.71%
10/24/2004,437.50,479.00,481.50,436.00,66.38K,-7.94%
10/17/2004,475.25,466.50,479.00,445.00,69.97K,2.48%
10/10/2004,463.75,455.25,478.00,442.00,104.18K,2.43%
10/03/2004,452.75,423.75,455.00,422.25,94.20K,6.59%
09/26/2004,424.75,416.00,431.50,414.75,58.44K,2.85%
09/19/2004,413.00,393.25,417.25,389.75,41.99K,7.20%
09/12/2004,385.25,378.75,390.50,372.25,48.82K,0.00%
09/05/2004,385.25,370.75,397.00,365.25,95.47K,3.56%
08/29/2004,372.00,355.00,384.00,347.00,60.18K,3.55%
08/22/2004,359.25,395.50,396.00,356.75,56.48K,-9.74%
08/15/2004,398.00,384.50,407.00,380.25,33.39K,3.78%
08/08/2004,383.50,373.00,386.00,362.50,101.98K,2.06%
08/01/2004,375.75,368.25,383.25,367.00,70.79K,2.52%
07/25/2004,366.50,357.50,370.50,353.75,44.96K,3.17%
07/18/2004,355.25,347.00,362.00,340.75,39.45K,1.36%
07/11/2004,350.50,340.00,355.00,330.50,66.15K,2.34%
07/04/2004,342.50,339.00,346.50,336.00,80.02K,2.39%
06/27/2004,334.50,313.00,338.00,302.75,71.12K,6.11%
06/20/2004,315.25,317.00,322.00,308.75,30.34K,-0.55%
06/13/2004,317.00,310.25,322.00,304.75,46.69K,1.93%
06/06/2004,311.00,307.25,319.50,298.50,96.40K,1.22%
05/30/2004,307.25,314.75,333.00,305.50,59.33K,-0.57%
05/23/2004,309.00,303.50,324.25,303.50,49.37K,0.82%
05/16/2004,306.50,323.00,325.00,305.50,42.81K,-4.89%
05/09/2004,322.25,318.00,328.25,305.00,92.92K,1.58%
05/02/2004,317.25,302.00,323.50,301.25,72.67K,6.28%
04/25/2004,298.50,283.75,299.25,281.25,62.80K,6.99%
04/18/2004,279.00,287.75,293.00,278.00,48.14K,-2.62%
04/11/2004,286.50,281.50,291.25,276.50,48.76K,1.33%
04/04/2004,282.75,261.25,288.75,257.50,86.63K,9.49%
03/28/2004,258.25,267.00,280.00,255.50,65.55K,-4.00%
03/21/2004,269.00,275.00,279.25,265.00,43.94K,-2.71%
03/14/2004,276.50,266.50,281.75,264.75,55.35K,5.94%
03/07/2004,261.00,275.75,276.25,259.50,95.72K,-5.09%
02/29/2004,275.00,273.25,279.25,267.00,75.46K,1.85%
02/22/2004,270.00,252.00,271.50,252.00,55.42K,7.78%
02/15/2004,250.50,256.50,262.00,250.50,23.33K,-2.53%
02/08/2004,257.00,244.75,257.25,244.75,93.57K,5.33%
02/01/2004,244.00,251.50,259.50,243.25,70.78K,-4.03%
01/25/2004,254.25,272.00,274.25,251.00,78.71K,-8.13%
01/18/2004,276.75,270.00,283.25,269.00,50.08K,3.55%
01/11/2004,267.25,286.50,289.25,258.75,84.98K,-6.72%
01/04/2004,286.50,267.75,288.25,267.75,115.70K,7.10%
12/28/2003,267.50,261.75,271.75,258.75,15.70K,2.49%
12/21/2003,261.00,270.50,270.50,256.25,10.41K,-4.13%
12/14/2003,272.25,262.50,276.75,260.75,38.29K,3.42%
12/07/2003,263.25,255.50,269.25,255.50,81.96K,3.03%
11/30/2003,255.50,248.25,261.00,242.25,68.80K,2.30%
11/23/2003,249.75,257.50,257.50,241.00,47.26K,-3.76%
11/16/2003,259.50,260.00,270.00,254.50,52.15K,-1.33%
11/09/2003,263.00,257.50,263.00,252.00,72.21K,3.44%
11/02/2003,254.25,244.00,255.00,237.50,76.81K,4.85%
10/26/2003,242.50,249.75,250.75,235.00,69.81K,-3.67%
10/19/2003,251.75,246.00,255.00,241.50,64.13K,2.23%
10/12/2003,246.25,264.25,265.00,244.00,65.69K,-10.21%
10/05/2003,274.25,246.50,273.75,240.75,115.97K,12.63%
09/28/2003,243.50,229.00,245.00,229.00,69.50K,7.51%
09/21/2003,226.50,213.75,231.50,212.00,68.00K,6.21%
09/14/2003,213.25,227.25,228.50,212.75,38.78K,-5.64%
09/07/2003,226.00,232.50,235.75,224.75,78.75K,-2.59%
08/31/2003,232.00,252.00,253.25,229.00,69.29K,-8.84%
08/24/2003,254.50,252.50,255.25,247.75,36.02K,-0.29%
08/17/2003,255.25,249.50,255.75,241.75,30.38K,4.18%
08/10/2003,245.00,254.00,255.25,242.00,66.16K,-3.35%
08/03/2003,253.50,252.75,261.50,251.25,64.78K,0.20%
07/27/2003,253.00,235.00,255.75,232.50,39.31K,6.75%
07/20/2003,237.00,243.50,243.50,231.00,34.47K,-2.37%
07/13/2003,242.75,243.25,247.00,238.75,34.10K,-1.92%
07/06/2003,247.50,233.50,247.75,228.75,78.96K,6.68%
06/29/2003,232.00,227.50,239.75,227.50,54.10K,1.75%
06/22/2003,228.00,229.25,234.00,223.75,37.02K,0.44%
06/15/2003,227.00,223.00,229.75,218.50,33.07K,2.48%
06/08/2003,221.50,235.25,238.50,220.25,81.14K,-4.94%
06/01/2003,233.00,224.75,235.00,223.00,77.21K,5.31%
05/25/2003,221.25,223.00,224.00,213.00,37.13K,-0.11%
05/18/2003,221.50,221.25,223.75,212.75,38.12K,1.03%
05/11/2003,219.25,215.50,225.00,213.50,51.70K,2.33%
05/04/2003,214.25,208.50,215.50,201.75,62.13K,6.20%
04/27/2003,201.75,209.00,212.75,200.50,45.16K,-4.27%
04/20/2003,210.75,221.00,223.00,205.25,30.71K,-3.21%
04/13/2003,217.75,207.50,220.50,205.75,31.94K,5.96%
04/06/2003,205.50,200.00,221.25,198.50,75.10K,-0.96%
03/30/2003,207.50,229.50,232.25,206.25,44.04K,-10.27%
03/23/2003,231.25,214.00,236.00,212.00,43.43K,8.95%
03/16/2003,212.25,265.75,265.75,212.00,50.67K,-17.73%
03/09/2003,258.00,320.00,325.25,253.00,80.44K,-17.57%
03/02/2003,313.00,297.00,313.25,292.50,84.59K,3.81%
02/23/2003,301.50,289.50,305.50,289.00,58.99K,5.33%
02/16/2003,286.25,283.00,289.50,277.25,28.70K,0.79%
02/09/2003,284.00,304.00,313.50,281.25,95.90K,-6.27%
02/02/2003,303.00,264.50,303.00,261.50,91.79K,13.06%
01/26/2003,268.00,261.00,269.75,256.00,57.65K,4.69%
01/19/2003,256.00,253.25,258.75,249.25,44.90K,1.79%
01/12/2003,251.50,245.50,260.00,242.00,56.97K,-0.98%
01/05/2003,254.00,262.00,263.00,238.50,132.03K,-2.03%
12/29/2002,259.25,258.50,261.50,247.00,29.53K,1.47%
12/22/2002,255.50,250.50,261.00,249.25,13.19K,4.07%
12/15/2002,245.50,238.00,254.00,237.50,35.26K,4.69%
12/08/2002,234.50,226.25,235.50,223.75,107.40K,5.39%
12/01/2002,222.50,223.50,229.50,219.25,83.85K,-0.11%
11/24/2002,222.75,226.25,226.50,218.75,50.63K,0.34%
11/17/2002,222.00,205.00,222.75,205.00,71.23K,9.36%
11/10/2002,203.00,206.00,209.75,197.50,82.81K,-1.34%
11/03/2002,205.75,218.25,219.00,204.25,76.11K,-7.11%
10/27/2002,221.50,221.75,224.75,216.50,56.41K,-0.78%
10/20/2002,223.25,240.00,240.00,222.50,46.87K,-6.98%
10/13/2002,240.00,238.25,244.25,236.50,41.53K,0.84%
10/06/2002,238.00,243.75,244.00,234.25,99.90K,-1.55%
09/29/2002,241.75,248.00,250.25,240.75,63.71K,-1.12%
09/22/2002,244.50,244.00,250.50,242.50,37.70K,1.03%
09/15/2002,242.00,241.50,243.75,233.00,27.27K,0.73%
09/08/2002,240.25,244.75,245.00,233.75,72.35K,-1.03%
09/01/2002,242.75,233.25,244.50,225.00,72.13K,4.07%
08/25/2002,233.25,233.75,236.25,229.00,25.29K,1.30%
08/18/2002,230.25,224.75,233.75,223.50,41.78K,1.88%
08/11/2002,226.00,211.50,226.00,206.50,55.88K,7.49%
08/04/2002,210.25,210.00,211.50,206.00,74.59K,1.45%
07/28/2002,207.25,207.00,217.00,205.25,59.26K,0.00%
07/21/2002,207.25,214.00,214.25,204.75,41.73K,-3.27%
07/14/2002,214.25,219.00,219.75,212.75,35.48K,-0.81%
07/07/2002,216.00,210.00,217.00,203.75,77.65K,3.35%
06/30/2002,209.00,208.00,213.75,207.00,61.64K,0.60%
06/23/2002,207.75,202.00,209.50,201.25,37.12K,4.27%
06/16/2002,199.25,207.00,209.00,198.50,34.82K,-2.33%
06/09/2002,204.00,191.00,205.25,188.50,84.16K,6.39%
06/02/2002,191.75,193.50,197.75,190.50,50.29K,-2.29%
05/26/2002,196.25,203.75,203.75,194.50,43.09K,-3.44%
05/19/2002,203.25,210.75,213.75,202.75,30.60K,-2.52%
05/12/2002,208.50,211.00,218.50,207.50,35.35K,-1.42%
05/05/2002,211.50,199.75,212.00,198.25,82.67K,5.09%
04/28/2002,201.25,206.00,212.25,198.50,47.40K,-2.66%
04/21/2002,206.75,204.00,208.25,200.25,30.21K,3.38%
04/14/2002,200.00,191.50,204.75,188.00,41.25K,4.58%
04/07/2002,191.25,210.00,215.00,190.75,80.67K,-8.71%
03/31/2002,209.50,210.50,221.50,209.00,40.46K,3.08%
03/24/2002,203.25,199.75,205.00,196.25,22.75K,0.87%
03/17/2002,201.50,195.25,207.50,194.25,26.33K,2.15%
03/10/2002,197.25,192.50,200.00,190.50,62.09K,4.78%
03/03/2002,188.25,179.00,196.25,177.00,59.86K,4.58%
02/24/2002,180.00,166.75,181.50,163.25,46.11K,7.14%
02/17/2002,168.00,171.00,171.50,163.25,20.96K,-2.33%
02/10/2002,172.00,163.75,174.75,163.00,66.48K,4.40%
02/03/2002,164.75,165.50,168.25,158.75,61.66K,-1.49%
01/27/2002,167.25,164.25,169.50,155.75,54.56K,3.88%
01/20/2002,161.00,158.50,166.75,158.50,42.97K,1.58%
01/13/2002,158.50,166.25,167.00,157.50,40.90K,-6.35%
01/06/2002,169.25,176.00,178.00,163.75,77.87K,-3.01%
12/30/2001,174.50,172.00,177.50,167.50,38.41K,1.16%
12/23/2001,172.50,167.75,178.00,166.50,11.80K,3.29%
12/16/2001,167.00,167.75,175.25,165.25,34.93K,0.00%
12/09/2001,167.00,158.50,167.00,150.00,66.32K,7.57%
12/02/2001,155.25,164.00,173.00,153.25,63.77K,-5.19%
11/25/2001,163.75,165.50,169.50,158.75,47.21K,-3.53%
11/18/2001,169.75,159.00,177.50,155.00,39.61K,4.46%
11/11/2001,162.50,194.00,194.50,159.00,56.95K,-15.25%
11/04/2001,191.75,179.00,194.50,172.50,71.96K,9.42%
10/28/2001,175.25,193.75,194.25,175.00,48.79K,-8.25%
10/21/2001,191.00,192.75,196.25,187.75,36.01K,0.26%
10/14/2001,190.50,200.00,200.00,186.25,53.29K,-4.03%
10/07/2001,198.50,203.50,207.75,197.50,64.81K,-3.41%
09/30/2001,205.50,210.00,210.75,196.50,58.06K,-1.67%
09/23/2001,209.00,221.75,222.25,189.00,61.74K,-7.83%
09/16/2001,226.75,257.75,262.75,225.25,44.03K,-13.95%
09/09/2001,263.50,243.50,274.00,240.00,82.81K,8.32%
09/02/2001,243.25,233.50,243.25,230.00,47.27K,4.51%
08/26/2001,232.75,231.00,238.00,229.75,30.16K,0.22%
08/19/2001,232.25,222.25,232.25,219.25,33.21K,3.11%
08/12/2001,225.25,230.75,232.75,225.00,25.73K,-2.28%
08/05/2001,230.50,224.75,231.00,224.25,53.45K,1.65%
07/29/2001,226.75,221.00,228.50,217.75,31.20K,2.02%
07/22/2001,222.25,219.50,226.00,216.50,43.85K,2.77%
07/15/2001,216.25,217.25,219.75,211.00,39.12K,-1.93%
07/08/2001,220.50,226.00,227.75,215.50,58.27K,-2.11%
07/01/2001,225.25,229.00,229.75,219.25,34.45K,-1.10%
06/24/2001,227.75,231.00,233.25,219.25,48.27K,-0.65%
06/17/2001,229.25,247.50,247.50,229.00,40.28K,-7.56%
06/10/2001,248.00,239.50,252.25,239.25,80.52K,5.31%
06/03/2001,235.50,237.50,240.25,231.00,61.31K,0.86%
05/27/2001,233.50,236.50,238.75,230.00,35.49K,-1.27%
05/20/2001,236.50,243.00,245.25,236.00,35.05K,-1.56%
05/13/2001,240.25,231.00,244.00,225.75,38.18K,4.46%
05/06/2001,230.00,229.50,235.25,228.00,56.98K,-1.39%
04/29/2001,233.25,229.00,235.50,224.00,44.71K,1.74%
04/22/2001,229.25,226.50,231.50,223.00,38.54K,1.21%
04/15/2001,226.50,240.25,241.25,226.25,29.33K,-1.95%
04/08/2001,231.00,214.00,233.75,214.00,62.35K,7.94%
04/01/2001,214.00,210.50,220.00,201.75,51.38K,2.76%
03/25/2001,208.25,215.50,218.50,208.00,27.39K,-2.00%
03/18/2001,212.50,212.00,213.00,204.50,38.48K,-0.23%
03/11/2001,213.00,218.75,220.00,206.25,37.15K,-3.51%
03/04/2001,220.75,221.75,226.25,219.25,53.49K,0.11%
02/25/2001,220.50,222.00,222.25,214.00,34.02K,-0.90%
02/18/2001,222.50,227.00,228.50,218.00,24.16K,0.23%
02/11/2001,222.00,236.00,236.50,219.75,37.88K,-6.03%
02/04/2001,236.25,228.25,239.00,223.75,72.74K,5.00%
01/28/2001,225.00,225.25,228.75,210.75,50.12K,-0.33%
01/21/2001,225.75,227.25,227.50,218.50,34.09K,0.78%
01/14/2001,224.00,224.25,228.50,214.25,33.29K,0.45%
01/07/2001,223.00,232.50,234.50,216.00,70.15K,-4.70%
12/31/2000,234.00,241.00,242.00,221.00,42.40K,-1.68%
12/24/2000,238.00,238.50,240.25,228.50,13.34K,4.85%
12/17/2000,227.00,239.00,248.00,224.25,22.45K,-3.09%
12/10/2000,234.25,260.00,264.75,231.00,61.91K,-8.85%
12/03/2000,257.00,282.75,289.50,255.50,75.79K,-10.61%
11/26/2000,287.50,304.50,305.00,282.00,49.65K,-6.50%
11/19/2000,307.50,305.00,315.50,301.50,36.09K,2.67%
11/12/2000,299.50,292.25,303.00,286.00,53.04K,0.42%
11/05/2000,298.25,270.50,301.00,267.00,76.37K,8.75%
10/29/2000,274.25,283.50,285.50,272.50,35.20K,-4.28%
10/22/2000,286.50,296.25,297.50,286.50,38.96K,-0.52%
10/15/2000,288.00,300.50,310.50,287.25,44.14K,-8.72%
10/08/2000,315.50,287.00,342.50,287.00,84.33K,10.99%
10/01/2000,284.25,287.50,296.50,282.00,48.94K,0.35%
09/24/2000,283.25,292.25,296.50,277.50,50.32K,-7.81%
09/17/2000,307.25,314.75,321.50,305.25,38.58K,-3.00%
09/10/2000,316.75,307.00,341.50,300.75,62.61K,0.56%
09/03/2000,315.00,304.00,320.00,304.00,48.51K,4.30%
08/27/2000,302.00,307.00,309.00,297.25,39.70K,1.94%
08/20/2000,296.25,279.00,296.50,279.00,47.62K,6.56%
08/13/2000,278.00,261.50,281.00,260.75,52.65K,4.32%
08/06/2000,266.50,251.50,266.75,245.00,65.38K,6.71%
07/30/2000,249.75,242.00,250.00,232.00,54.97K,3.31%
07/23/2000,241.75,241.25,245.50,238.00,44.88K,-1.23%
07/16/2000,244.75,245.00,252.50,243.50,29.16K,-1.81%
07/09/2000,249.25,238.00,249.50,234.50,60.57K,4.84%
07/02/2000,237.75,251.50,257.00,237.25,52.55K,-6.21%
06/25/2000,253.50,245.50,254.25,238.00,40.05K,4.43%
06/18/2000,242.75,224.00,244.25,221.00,29.42K,6.82%
06/11/2000,227.25,229.50,237.25,226.50,44.07K,0.22%
06/04/2000,226.75,230.00,230.00,221.50,61.91K,-0.77%
05/28/2000,228.50,225.00,230.75,221.00,26.21K,-0.65%
05/21/2000,230.00,228.00,232.50,217.00,22.01K,0.44%
05/14/2000,229.00,222.75,233.50,219.00,27.63K,0.88%
05/07/2000,227.00,202.00,227.00,201.50,68.00K,12.38%
04/30/2000,202.00,203.25,208.75,201.25,38.38K,-0.49%
04/23/2000,203.00,202.25,204.00,195.00,28.73K,0.50%
04/16/2000,202.00,190.25,204.00,187.50,29.65K,4.94%
04/09/2000,192.50,192.00,196.50,189.50,65.74K,-2.04%
04/02/2000,196.50,199.25,203.75,190.50,41.49K,-1.13%
03/26/2000,198.75,204.00,205.00,195.00,33.61K,-3.40%
03/19/2000,205.75,207.50,208.00,198.25,32.47K,-1.67%
03/12/2000,209.25,217.00,219.00,200.50,27.55K,-6.69%
03/05/2000,224.25,227.50,245.75,222.50,71.35K,-2.07%
02/27/2000,229.00,218.75,232.50,217.00,43.90K,3.97%
02/20/2000,220.25,213.00,220.25,206.50,29.84K,3.89%
02/13/2000,212.00,213.50,219.75,212.00,23.26K,-0.82%
02/06/2000,213.75,223.75,224.00,211.75,73.07K,-3.50%
01/30/2000,221.50,211.50,224.00,209.50,54.38K,3.38%
01/23/2000,214.25,227.50,230.25,213.25,47.23K,-5.09%
01/16/2000,225.75,211.50,233.00,211.25,46.34K,8.14%