,benzina_eur_l,diesel_eur_l,benzina_4w,diesel_4w,log_benzina,log_diesel
2019-01-07,0.48963,0.5538099999999999,0.48963,0.5538099999999999,-0.7141052751514229,-0.5909336113479919
2019-01-14,0.4868,0.5514600000000001,0.4868,0.5514600000000001,-0.7199019178687649,-0.5951859723840638
2019-01-21,0.49421,0.55988,0.49421,0.55988,-0.7047947509095623,-0.5800328039296918
2019-01-28,0.49660000000000004,0.56349,0.49660000000000004,0.56349,-0.6999704059080707,-0.5736056918886985
2019-02-04,0.5006,0.56753,0.5006,0.56753,-0.6919478999844632,-0.5664616675876782
2019-02-11,0.50786,0.5725,0.50786,0.5725,-0.6775494599368908,-0.5577425435537423
2019-02-18,0.51567,0.5809,0.51567,0.5809,-0.6622882529739619,-0.5431766539836503
2019-02-25,0.52953,0.5955900000000001,0.52953,0.5955900000000001,-0.6357654583218398,-0.5182027681050397
2019-03-04,0.5357999999999999,0.60135,0.5357999999999999,0.60135,-0.6239943218716288,-0.5085781512255113
2019-03-11,0.54104,0.60651,0.54104,0.60651,-0.6142620657154526,-0.500034062687792
2019-03-18,0.5454,0.60914,0.5454,0.60914,-0.606235808570649,-0.49570715263428966
2019-03-25,0.5526,0.6098,0.5526,0.6098,-0.5931208664928209,-0.49462424442798264
2019-04-01,0.5614,0.61023,0.5614,0.61023,-0.5773216150543549,-0.49391934369963153
2019-04-08,0.5737300000000001,0.61142,0.5737300000000001,0.61142,-0.5555963766027493,-0.4919711582514595
2019-04-15,0.58688,0.6166200000000001,0.58688,0.6166200000000001,-0.5329349093540918,-0.48350232811710026
2019-04-22,0.5955799999999999,0.6224400000000001,0.5955799999999999,0.6224400000000001,-0.5182195583197033,-0.47410804083082775
2019-04-29,0.6042799999999999,0.62826,0.6042799999999999,0.62826,-0.5037176123066129,-0.4648011854547113
2019-05-06,0.60587,0.62774,0.60587,0.62774,-0.5010898373779857,-0.4656292109797281
2019-05-13,0.60424,0.62713,0.60424,0.62713,-0.5037838089769445,-0.4666014233173368
2019-05-20,0.60289,0.62666,0.60289,0.62666,-0.5060205201229248,-0.46735115018071127
2019-05-27,0.6086,0.6323,0.6086,0.6323,-0.4965940415192663,-0.4583913139175696
2019-06-03,0.60103,0.62388,0.60103,0.62388,-0.5091104288874073,-0.4717972367985124
2019-06-10,0.5879500000000001,0.60999,0.5879500000000001,0.60999,-0.5311133687127121,-0.49431271539177696
2019-06-17,0.57962,0.60126,0.57962,0.60126,-0.5453825625747015,-0.5087278256838446
2019-06-24,0.57489,0.5962799999999999,0.57489,0.5962799999999999,-0.5535765608336235,-0.5170449235799076
2019-07-01,0.57386,0.59477,0.57386,0.59477,-0.5553698148506322,-0.519580502789853
2019-07-08,0.5752200000000001,0.59645,0.5752200000000001,0.59645,-0.5530027026651767,-0.5167598632541822
2019-07-15,0.58041,0.59938,0.58041,0.59938,-0.5440205286236317,-0.5118594913562883
2019-07-22,0.58302,0.60146,0.58302,0.60146,-0.5395337879027344,-0.5083952461942818
2019-07-29,0.57653,0.5943099999999999,0.57653,0.5943099999999999,-0.5507279024656432,-0.5203542102324933
2019-08-05,0.5768,0.59472,0.5768,0.59472,-0.5502596930113978,-0.519664572433195
2019-08-12,0.56662,0.585,0.56662,0.585,-0.5680663939383054,-0.5361434317502807
2019-08-19,0.55996,0.5783400000000001,0.55996,0.5783400000000001,-0.5798899263755126,-0.5475933479582051
2019-08-26,0.5573899999999999,0.57673,0.5573899999999999,0.57673,-0.5844901045329676,-0.5503810595993252
2019-09-02,0.55526,0.5752200000000001,0.55526,0.5752200000000001,-0.5883188064643287,-0.5530027026651767
2019-09-09,0.5545399999999999,0.57521,0.5545399999999999,0.57521,-0.5896163377330533,-0.5530200874691201
2019-09-16,0.5589,0.5819,0.5589,0.5819,-0.5817847127064847,-0.5414566673195128
2019-09-23,0.57462,0.59825,0.57462,0.59825,-0.554046326220554,-0.5137465521936544
2019-09-30,0.57645,0.60036,0.57645,0.60036,-0.5508666733031744,-0.510225803694023
2019-10-07,0.5712,0.595,0.5712,0.595,-0.5600158679567624,-0.5191938734365074
2019-10-14,0.56592,0.58994,0.56592,0.58994,-0.5693025535249666,-0.5277344421689046
2019-10-21,0.56212,0.58747,0.56212,0.58747,-0.5760399287495929,-0.5319300980974119
2019-10-28,0.56003,0.58582,0.56003,0.58582,-0.5797649252592684,-0.5347427038261374
2019-11-04,0.5604600000000001,0.58689,0.5604600000000001,0.58689,-0.5789974038693246,-0.5329178702408067
2019-11-11,0.5615399999999999,0.58776,0.5615399999999999,0.58776,-0.5770722695849171,-0.5314365776701151
2019-11-18,0.56161,0.58751,0.56161,0.58751,-0.576947620161259,-0.5318620118320876
2019-11-25,0.5638099999999999,0.5877100000000001,0.5638099999999999,0.5877100000000001,-0.5730379636733256,-0.5315216500242034
2019-12-02,0.56732,0.5927,0.56732,0.5927,-0.5668317605557301,-0.5230669101883446
2019-12-09,0.5670299999999999,0.5925,0.5670299999999999,0.5925,-0.5673430666011625,-0.5234044059728508
2019-12-16,0.5650499999999999,0.5911000000000001,0.5650499999999999,0.5911000000000001,-0.5708410561759774,-0.5257700711518132
2019-12-23,0.5683633333333333,0.5951533333333333,0.5683633333333333,0.5951533333333333,-0.5649943934020037,-0.5189362035550102
2019-12-30,0.5716766666666666,0.5992066666666667,0.5716766666666666,0.5992066666666667,-0.5591817154918319,-0.5121487208953148
2020-01-06,0.57499,0.60326,0.57499,0.60326,-0.5534026296403649,-0.5054069977391318
2020-01-13,0.57796,0.6066699999999999,0.57796,0.6066699999999999,-0.5482506168567265,-0.49977029308900606
2020-01-20,0.57251,0.60274,0.57251,0.60274,-0.5577250764573847,-0.5062693526847787
2020-01-27,0.57253,0.59762,0.57253,0.59762,-0.557690143179941,-0.5148001785214018
2020-02-03,0.55889,0.5866699999999999,0.55889,0.5866699999999999,-0.5818026051549772,-0.533292797816009
2020-02-10,0.5459299999999999,0.57167,0.5459299999999999,0.57167,-0.6052645165844173,-0.559193377163416
2020-02-17,0.53975,0.56404,0.53975,0.56404,-0.6166492095872204,-0.5726301080131078
2020-02-24,0.5384,0.56245,0.5384,0.56245,-0.619153500651619,-0.5754530377433021
2020-03-02,0.5340199999999999,0.5565,0.5340199999999999,0.5565,-0.6273219875397746,-0.5860881082665376
2020-03-09,0.5194,0.5417799999999999,0.5194,0.5417799999999999,-0.655080979753489,-0.612895264002883
2020-03-16,0.49831,0.52115,0.49831,0.52115,-0.6965329056641537,-0.6517173707968058
2020-03-23,0.48264,0.5043,0.48264,0.5043,-0.7284842448496307,-0.6845839498994575
2020-03-30,0.46549,0.48736,0.46549,0.48736,-0.7646646647728841,-0.71875220927534
2020-04-06,0.44931,0.47114,0.44931,0.47114,-0.8000422063097231,-0.7525999892176766
2020-04-13,0.43884,0.46229000000000003,0.43884,0.46229000000000003,-0.8236203970328468,-0.7715628791974671
2020-04-20,0.42837000000000003,0.45344,0.42837000000000003,0.45344,-0.8477679708718234,-0.7908923224798214
2020-04-27,0.41226,0.43757,0.41226,0.43757,-0.8861010607110974,-0.8265185859831027
2020-05-04,0.39806,0.42125,0.39806,0.42125,-0.9211525312910626,-0.8645287973155655
2020-05-11,0.388,0.40948,0.388,0.40948,-0.9467499393588635,-0.892867216930567
2020-05-18,0.38369,0.40505,0.38369,0.40505,-0.9579203440964768,-0.9037447627056368
2020-05-25,0.39189999999999997,0.41241,0.39189999999999997,0.41241,-0.9367485737765513,-0.8857372788306987
2020-06-01,0.39576,0.41608,0.39576,0.41608,-0.9269473120626839,-0.87687772951732
2020-06-08,0.39538,0.41570999999999997,0.39538,0.41570999999999997,-0.9279079512143457,-0.8777673772034037
2020-06-15,0.40092,0.42071,0.40092,0.42071,-0.9139933728254716,-0.8658115187608644
2020-06-22,0.40716,0.42607999999999996,0.40716,0.42607999999999996,-0.8985490503979979,-0.853128156916515
2020-06-29,0.41847,0.43631,0.41847,0.43631,-0.8711500762098835,-0.8294022791060646
2020-07-06,0.41981999999999997,0.43817,0.41981999999999997,0.43817,-0.8679292309962767,-0.8251483160539411
2020-07-13,0.42225999999999997,0.44024,0.42225999999999997,0.44024,-0.8621340409222001,-0.8204352462306337
2020-07-20,0.42291,0.44066000000000005,0.42291,0.44066000000000005,-0.8605958885311933,-0.8194816759460942
2020-07-27,0.42206,0.43976,0.42206,0.43976,-0.8626077949579702,-0.8215261554297322
2020-08-03,0.4205,0.43862,0.4205,0.43862,-0.8663107995691344,-0.824121844402778
2020-08-10,0.41722000000000004,0.43532,0.41722000000000004,0.43532,-0.8741416183659967,-0.8316738861542762
2020-08-17,0.41769,0.43551,0.41769,0.43551,-0.8730157483928332,-0.8312375208406905
2020-08-24,0.41888,0.43633999999999995,0.41888,0.43633999999999995,-0.870170796260602,-0.8293335230182589
2020-08-31,0.41920999999999997,0.43603,0.41920999999999997,0.43603,-0.8693832912979977,-0.8300442306607696
2020-09-07,0.4179,0.43312,0.4179,0.43312,-0.8725131095282673,-0.836740453116146
2020-09-14,0.41262,0.42708999999999997,0.41262,0.42708999999999997,-0.8852282064223373,-0.8507605151292619
2020-09-21,0.40988,0.42146,0.40988,0.42146,-0.8918908450506199,-0.8640304052130703
2020-09-28,0.41057,0.41944,0.41057,0.41944,-0.8902088408756539,-0.8688347907178597
2020-10-05,0.4095,0.41758999999999996,0.4095,0.41758999999999996,-0.892818375689013,-0.8732551890605801
2020-10-12,0.40982,0.41620999999999997,0.40982,0.41620999999999997,-0.8920372400734505,-0.8765653384011053
2020-10-19,0.41024,0.41578,0.41024,0.41578,-0.8910129246898866,-0.877599004763169
2020-10-26,0.40908,0.41417000000000004,0.40908,0.41417000000000004,-0.893844543044325,-0.8814787614221118
2020-11-02,0.40593,0.4111,0.40593,0.4111,-0.9015745480384745,-0.8889187850783042
2020-11-09,0.40138999999999997,0.40614,0.40138999999999997,0.40614,-0.9128217557354104,-0.9010573512335658
2020-11-16,0.40722,0.41152999999999995,0.40722,0.41152999999999995,-0.898401699038415,-0.8878733575126603
2020-11-23,0.4136,0.41875999999999997,0.4136,0.41875999999999997,-0.8828559557879176,-0.8704573155309829
2020-11-30,0.42211000000000004,0.42789,0.42211000000000004,0.42789,-0.8624893354058456,-0.8488891257786965
2020-12-07,0.4268,0.43489,0.4268,0.43489,-0.8514397595545388,-0.8326621534345818
2020-12-14,0.4294,0.43859,0.4294,0.43859,-0.8453663935374564,-0.8241902430758705
2020-12-21,0.44175,0.45171,0.44175,0.45171,-0.8170111677823313,-0.7947148979790754
2020-12-28,0.4478933333333333,0.45735666666666663,0.4478933333333333,0.45735666666666663,-0.8032001701544184,-0.7822917402577497
2021-01-04,0.4540366666666667,0.4630033333333333,0.4540366666666667,0.4630033333333333,-0.7895773206190253,-0.7700210254977726
2021-01-11,0.46018000000000003,0.46864999999999996,0.46018000000000003,0.46864999999999996,-0.7761375616907503,-0.7578990577896423
2021-01-18,0.47322000000000003,0.48051,0.47322000000000003,0.48051,-0.7481948823441824,-0.7329072391338228
2021-01-25,0.48157,0.48625,0.48157,0.48625,-0.7307036792865793,-0.721032384049481
2021-02-01,0.48471,0.48962,0.48471,0.48962,-0.7242045050252883,-0.7141256989451433
2021-02-08,0.49201,0.49789,0.49201,0.49789,-0.709256237493131,-0.6973761098899813
2021-02-15,0.50146,0.50796,0.50146,0.50796,-0.6902314354790484,-0.6773525746613045
2021-02-22,0.5163099999999999,0.5226900000000001,0.5163099999999999,0.5226900000000001,-0.6610479186999458,-0.6487667248792133
2021-03-01,0.5310900000000001,0.53707,0.5310900000000001,0.53707,-0.6328237805768402,-0.6216268391510882
2021-03-08,0.5418,0.5475099999999999,0.5418,0.5475099999999999,-0.6128583493311424,-0.6023745526180988
2021-03-15,0.55533,0.55971,0.55533,0.55971,-0.5881927473424337,-0.5803364865301197
2021-03-22,0.56567,0.56701,0.56567,0.56701,-0.5697444096814674,-0.5673783387256061
2021-03-29,0.56287,0.56317,0.56287,0.56317,-0.574706583366766,-0.5741737426024985
2021-04-05,0.56212,0.5610749999999999,0.56212,0.5610749999999999,-0.5760399287495929,-0.577900692555559
2021-04-12,0.56137,0.55898,0.56137,0.55898,-0.5773750543161933,-0.5816415846424051
2021-04-19,0.56213,0.55937,0.56213,0.55937,-0.5760221391120561,-0.5809441285404523
2021-04-26,0.56423,0.56096,0.56423,0.56096,-0.5722933091940378,-0.5781056772492673
2021-05-03,0.5658099999999999,0.5619700000000001,0.5658099999999999,0.5619700000000001,-0.5694969461810708,-0.5763068112961687
2021-05-10,0.57309,0.5688300000000001,0.57309,0.5688300000000001,-0.5567125065384669,-0.564173659267915
2021-05-17,0.5774,0.5732999999999999,0.5774,0.5732999999999999,-0.5492200117533023,-0.5563461390678002
2021-05-24,0.57685,0.57221,0.57685,0.57221,-0.5501730116088384,-0.558249222111987
2021-05-31,0.5749,0.56948,0.5749,0.56948,-0.5535591663528919,-0.5630316152365921
2021-06-07,0.58229,0.57732,0.58229,0.57732,-0.5407866735649041,-0.5493585734827743
2021-06-14,0.5875499999999999,0.58326,0.5875499999999999,0.58326,-0.5317939302021872,-0.5391222229211045
2021-06-21,0.59494,0.59092,0.59494,0.59092,-0.5192947188573702,-0.5260746345287297
2021-06-28,0.60325,0.6004400000000001,0.60325,0.6004400000000001,-0.505423574476996,-0.5100925591901616
2021-07-05,0.61122,0.60763,0.61122,0.60763,-0.4922983191521071,-0.49818913489085903
2021-07-12,0.62373,0.6185900000000001,0.62373,0.6185900000000001,-0.4720376965587303,-0.48031258439691055
2021-07-19,0.62837,0.62263,0.62837,0.62263,-0.4646261140330822,-0.47380283710497334
2021-07-26,0.627,0.6207699999999999,0.627,0.6207699999999999,-0.4668087383492164,-0.4767946360230742
2021-08-02,0.62859,0.6204400000000001,0.62859,0.6204400000000001,-0.46427606311301073,-0.47732637522558685
2021-08-09,0.63013,0.62029,0.63013,0.62029,-0.4618291316772787,-0.47756816836467575
2021-08-16,0.6291100000000001,0.61846,0.6291100000000001,0.61846,-0.46344915680843846,-0.4805227618359448
2021-08-23,0.62602,0.6149199999999999,0.62602,0.6149199999999999,-0.468372959510604,-0.4862631009377385
2021-08-30,0.62425,0.6120800000000001,0.62425,0.6120800000000001,-0.4712043498222545,-0.4908922860585405
2021-09-06,0.6283099999999999,0.6154700000000001,0.6283099999999999,0.6154700000000001,-0.4647216037361818,-0.48536907540659163
2021-09-13,0.63397,0.6203500000000001,0.63397,0.6203500000000001,-0.4557536442764593,-0.4774714440932564
2021-09-20,0.641,0.62575,0.641,0.62575,-0.444725822061467,-0.4688043486702534
2021-09-27,0.64567,0.6313500000000001,0.64567,0.6313500000000001,-0.43746674163396493,-0.4598948950974476
2021-10-04,0.6543,0.6422100000000001,0.6543,0.6422100000000001,-0.424189317106444,-0.4428399259748962
2021-10-11,0.67576,0.66713,0.67576,0.66713,-0.3919172955628958,-0.4047703495088219
2021-10-18,0.69278,0.68849,0.69278,0.68849,-0.367042790510888,-0.3732544852471563
2021-10-25,0.70262,0.70055,0.70262,0.70055,-0.35293907385671774,-0.3558895381648966
2021-11-01,0.70541,0.7048,0.70541,0.7048,-0.34897608492682725,-0.3498412043601673
2021-11-08,0.70665,0.7054199999999999,0.70665,0.7054199999999999,-0.34721978516797725,-0.34896190887443235
2021-11-15,0.7056699999999999,0.7046699999999999,0.7056699999999999,0.7046699999999999,-0.3486075728609737,-0.3500256708622833
2021-11-22,0.7034600000000001,0.70335,0.7034600000000001,0.70335,-0.35174426260852387,-0.351900644778432
2021-11-29,0.70009,0.70021,0.70009,0.70021,-0.3565463807747587,-0.3563749889297344
2021-12-06,0.69201,0.69223,0.69201,0.69223,-0.3681548726018282,-0.3678370086449243
2021-12-13,0.6858200000000001,0.6861799999999999,0.6858200000000001,0.6861799999999999,-0.37714007635726055,-0.37661529500410945
2021-12-20,0.68345,0.68353,0.68345,0.68353,-0.38060177838347503,-0.38048473204762334
2021-12-27,0.683695,0.68385,0.683695,0.68385,-0.38024336723817187,-0.380016683654577
2022-01-03,0.6839400000000001,0.68417,0.6839400000000001,0.68417,-0.3798850845053947,-0.37954885422834583
2022-01-10,0.6924199999999999,0.69244,0.6924199999999999,0.69244,-0.3675625710596971,-0.3675336872736082
2022-01-17,0.70956,0.7106699999999999,0.70956,0.7106699999999999,-0.34311021936139824,-0.341547091943992
2022-01-24,0.7295,0.7327100000000001,0.7295,0.7327100000000001,-0.31539591101929665,-0.3110052897586783
2022-01-31,0.7443200000000001,0.7492300000000001,0.7443200000000001,0.7492300000000001,-0.295284229091892,-0.2887092665016651
2022-02-07,0.76285,0.7683300000000001,0.76285,0.7683300000000001,-0.2706938594229259,-0.26353595062370255
2022-02-14,0.77591,0.78276,0.77591,0.78276,-0.25371874490649016,-0.2449291433861321
2022-02-21,0.7879400000000001,0.79437,0.7879400000000001,0.79437,-0.2383333341551968,-0.2302059313147184
2022-02-28,0.80345,0.80921,0.80345,0.80921,-0.21884032349437485,-0.21169681588057448
2022-03-07,0.87253,0.88205,0.87253,0.88205,-0.13635824154251466,-0.12550653523972216
2022-03-14,1.06224,1.14869,1.06224,1.14869,0.06037988598871224,0.13862216263816224
2022-03-21,1.0234,1.12404,1.0234,1.12404,0.023130417388854466,0.11692933802690239
2022-03-28,1.05475,1.15545,1.05475,1.15545,0.053303772022311076,0.14448987848494751
2022-04-04,0.9910399999999999,1.09831,0.9910399999999999,1.09831,-0.009000382197299159,0.09377263475113727
2022-04-11,0.96862,1.07568,0.96862,1.07568,-0.031882900867727174,0.07295301973858948
2022-04-18,0.968995,1.07849,0.968995,1.07849,-0.03149582706340373,0.07556191466685981
2022-04-25,0.96937,1.0813,0.96937,1.0813,-0.031108903027240935,0.07816402096935429
2022-05-02,0.97921,1.10073,0.97921,1.10073,-0.021009154857921125,0.09597359605872592
2022-05-09,1.00379,1.13309,1.00379,1.13309,0.003782836045220355,0.1249484140190453
2022-05-16,1.01598,1.13093,1.01598,1.13093,0.015853663923167245,0.12304030308772879
2022-05-23,1.05694,1.1243599999999998,1.05694,1.1243599999999998,0.055377940849314126,0.11721398488881354
2022-05-30,1.06706,1.11849,1.06706,1.11849,0.06490720316599899,0.11197956136270705
2022-06-06,1.1122100000000001,1.15024,1.1122100000000001,1.15024,0.10634902691954133,0.1399706162534243
2022-06-13,1.17263,1.21889,1.17263,1.21889,0.159249089392634,0.19794060852753229
2022-06-20,1.21298,1.2769000000000001,1.21298,1.2769000000000001,0.19308014177981717,0.24443526544849853
2022-06-27,1.2215799999999999,1.29967,1.2215799999999999,1.29967,0.200145102817078,0.2621103860892566
2022-07-04,1.21426,1.29041,1.21426,1.29041,0.1941348377461445,0.2549599973338625
2022-07-11,1.18426,1.25689,1.18426,1.25689,0.16911810694904478,0.22864041583458
2022-07-18,1.15169,1.22349,1.15169,1.22349,0.14123042883832315,0.2017074305937919
2022-07-25,1.1097000000000001,1.18544,1.1097000000000001,1.18544,0.10408970852438107,0.17011401368620976
2022-08-01,1.06025,1.15035,1.06025,1.15035,0.058504729372562965,0.1400662438968409
2022-08-08,1.02209,1.11726,1.02209,1.11726,0.021849550526536737,0.11087925933958892
2022-08-15,0.9726,1.07238,0.9726,1.07238,-0.02778238101245161,0.06988047744820523
2022-08-22,0.9554600000000001,1.06244,0.9554600000000001,1.06244,-0.0455623790770906,0.0605681496336759
2022-08-29,0.9654400000000001,1.1151300000000002,0.9654400000000001,1.1151300000000002,-0.0351713230114407,0.10897099004402275
2022-09-05,0.9532200000000001,1.1394900000000001,0.9532200000000001,1.1394900000000001,-0.04790955202214982,0.13058079388624425
2022-09-12,0.93326,1.13079,0.93326,1.13079,-0.0690714460024193,0.12291650350141498
2022-09-19,0.90807,1.1105399999999999,0.90807,1.1105399999999999,-0.09643381084130541,0.10484638351454313
2022-09-26,0.8790800000000001,1.07664,0.8790800000000001,1.07664,-0.12887937292412685,0.07384508045787086
2022-10-03,0.85997,1.05746,0.85997,1.05746,-0.150857774063965,0.0558698061638088
2022-10-10,0.8820800000000001,1.09898,0.8820800000000001,1.09898,-0.1254725241407635,0.09438247689374477
2022-10-17,0.91307,1.17577,0.91307,1.17577,-0.09094273100855294,0.16192325211722633
2022-10-24,0.90786,1.17365,0.90786,1.17365,-0.09666509729060266,0.16011855089275923
2022-10-31,0.8967999999999999,1.16173,0.8967999999999999,1.16173,-0.10892240722418697,0.14991027342697377
2022-11-07,0.90499,1.15601,0.90499,1.15601,-0.09983138506701653,0.14497442073180133
2022-11-14,0.92318,1.15101,0.92318,1.15101,-0.07993104724112787,0.14063981779931106
2022-11-21,0.91267,1.1161400000000001,0.91267,1.1161400000000001,-0.0913809095075726,0.10987630411984721
2022-11-28,0.88209,1.0653299999999999,0.88209,1.0653299999999999,-0.12546118736482914,0.06328461031988446
2022-12-05,0.90639,1.07906,0.90639,1.07906,-0.09828560198586439,0.07609029177354204
2022-12-12,0.81635,0.98349,0.81635,0.98349,-0.2029120944099636,-0.016647808972890307
2022-12-19,0.7846799999999999,0.94009,0.7846799999999999,0.94009,-0.24247928762095225,-0.06177966362046584
2022-12-26,0.75375,0.9176599999999999,0.75375,0.9176599999999999,-0.2826945309407418,-0.08592832733606247
2023-01-02,0.7692100000000001,0.93247,0.7692100000000001,0.93247,-0.26239126483199754,-0.0699182995634523
2023-01-09,0.75685,0.91385,0.75685,0.91385,-0.2785901957735628,-0.09008883478168583
2023-01-16,0.75814,0.9102100000000001,0.75814,0.9102100000000001,-0.2768872138241561,-0.09407993686359516
2023-01-23,0.7711699999999999,0.91957,0.7711699999999999,0.91957,-0.25984643685737985,-0.08384910950476111
2023-01-30,0.8054600000000001,0.95008,0.8054600000000001,0.95008,-0.2163417361952815,-0.051209087406742036
2023-02-06,0.80633,0.93755,0.80633,0.93755,-0.21526219098840874,-0.0644851892264095
2023-02-13,0.79598,0.90159,0.79598,0.90159,-0.2281812190815486,-0.10359540771115942
2023-02-20,0.7962,0.8879900000000001,0.7962,0.8879900000000001,-0.2279048684159202,-0.11879479731463666
2023-02-27,0.79328,0.8757999999999999,0.79328,0.8757999999999999,-0.2315790301353114,-0.13261752461483917
2023-03-06,0.79032,0.8654400000000001,0.79032,0.8654400000000001,-0.2353173522459185,-0.1445172308590201
2023-03-13,0.79613,0.8683200000000001,0.79613,0.8683200000000001,-0.22799278988954075,-0.14119496866704226
2023-03-20,0.79237,0.85949,0.79237,0.85949,-0.23272682454127136,-0.151416088898237
2023-03-27,0.7887000000000001,0.85856,0.7887000000000001,0.85856,-0.23736925857819174,-0.15249871174487775
2023-04-03,0.79467,0.83069,0.79467,0.83069,-0.22982834484293133,-0.185498598249776
2023-04-10,0.80871,0.83114,0.80871,0.83114,-0.2123148934318965,-0.18495702659563726
2023-04-17,0.81726,0.83054,0.81726,0.83054,-0.2017979972948318,-0.18567918733185101
2023-04-24,0.8109,0.81343,0.8109,0.81343,-0.2096105370316255,-0.20649540396637675
2023-05-01,0.7941699999999999,0.78492,0.7941699999999999,0.78492,-0.23045773485892482,-0.24217347722101543
2023-05-08,0.7755,0.7595299999999999,0.7755,0.7595299999999999,-0.2542472963655436,-0.27505545805556497
2023-05-15,0.75652,0.73845,0.75652,0.73845,-0.2790263085618835,-0.3032018841098177
2023-05-22,0.75319,0.73533,0.75319,0.73533,-0.2834377589734148,-0.30743590093864187
2023-05-29,0.76215,0.74514,0.76215,0.74514,-0.27161189227428645,-0.2941831587941408
2023-06-05,0.76523,0.7444400000000001,0.76523,0.7444400000000001,-0.26757883674806515,-0.295123021106374
2023-06-12,0.77278,0.75017,0.77278,0.75017,-0.2577608763359039,-0.2874554314701219
2023-06-19,0.78059,0.75748,0.78059,0.75748,-0.2477052349761475,-0.27775814458743264
2023-06-26,0.78999,0.76811,0.78999,0.76811,-0.23573499182903407,-0.26382232692411606
2023-07-03,0.78512,0.76376,0.78512,0.76376,-0.24191870664054374,-0.2695016752923593
2023-07-10,0.78377,0.76274,0.78377,0.76274,-0.24363966901928616,-0.2708380659268892
2023-07-17,0.7958500000000001,0.7787200000000001,0.7958500000000001,0.7787200000000001,-0.22834455310627358,-0.2501037328969928
2023-07-24,0.7995,0.7838999999999999,0.7995,0.7838999999999999,-0.22376874670812816,-0.24347381778746063
2023-07-31,0.8272999999999999,0.81383,0.8272999999999999,0.81383,-0.18958789278599994,-0.20600377999963934
2023-08-07,0.85294,0.85507,0.85294,0.85507,-0.1590660739409834,-0.15657194205162325
2023-08-14,0.86099,0.8807200000000001,0.86099,0.8807200000000001,-0.14967238902371222,-0.12701552421998927
2023-08-21,0.86681,0.8951699999999999,0.86681,0.8951699999999999,-0.14293547269981657,-0.11074163461030662
2023-08-28,0.86809,0.8968200000000001,0.86809,0.8968200000000001,-0.14145988306092985,-0.10890010595635882
2023-09-04,0.87362,0.90359,0.87362,0.90359,-0.13510978048066116,-0.10137956129326298
2023-09-11,0.88602,0.92088,0.88602,0.92088,-0.12101575526839946,-0.08242554437533038
2023-09-18,0.90872,0.9596699999999999,0.90872,0.9596699999999999,-0.09571826305897092,-0.041165803615829596
2023-09-25,0.91249,0.9713200000000001,0.91249,0.9713200000000001,-0.09157815248964928,-0.02909930782527471
2023-10-02,0.90404,0.9662999999999999,0.90404,0.9662999999999999,-0.10088167178125447,-0.03428093397687428
2023-10-09,0.88036,0.9577100000000001,0.88036,0.9577100000000001,-0.12742436425566572,-0.043210260825878026
2023-10-16,0.84429,0.93776,0.84429,0.93776,-0.16925924150805807,-0.06426122625401791
2023-10-23,0.82527,0.92662,0.82527,0.92662,-0.19204467346222084,-0.07621172194588709
2023-10-30,0.80672,0.9115700000000001,0.80672,0.9115700000000001,-0.21477863498258207,-0.09258689132281528
2023-11-06,0.79144,0.89712,0.79144,0.89712,-0.23390120796716987,-0.10856564660677462
2023-11-13,0.7756799999999999,0.87791,0.7756799999999999,0.87791,-0.2540152149812969,-0.13021119629584904
2023-11-20,0.75986,0.85517,0.75986,0.85517,-0.27462107319691903,-0.15645499940016622
2023-11-27,0.75137,0.84605,0.75137,0.84605,-0.28585707211176287,-0.16717681946750146
2023-12-04,0.7446,0.83621,0.7446,0.83621,-0.2949081175435205,-0.17887550126966265
2023-12-11,0.73068,0.8200599999999999,0.73068,0.8200599999999999,-0.31377967157365405,-0.19837777066897846
2023-12-18,0.7190700000000001,0.80234,0.7190700000000001,0.80234,-0.3297965685591282,-0.22022282080323227
2023-12-25,0.7190700000000001,0.80234,0.7190700000000001,0.80234,-0.3297965685591282,-0.22022282080323227
2024-01-01,0.7241000000000001,0.8011699999999999,0.7241000000000001,0.8011699999999999,-0.3228257745873619,-0.22168211972576043
2024-01-08,0.72542,0.80108,0.72542,0.80108,-0.3210044815180951,-0.2217944617449142
2024-01-15,0.7215499999999999,0.79614,0.7215499999999999,0.79614,-0.3263536031000504,-0.22798022920573702
2024-01-22,0.72881,0.80403,0.72881,0.80403,-0.3163422119450127,-0.21811869706646364
2024-01-29,0.75673,0.83087,0.75673,0.83087,-0.27874876023695616,-0.18528193439086738
2024-02-05,0.76891,0.84621,0.76891,0.84621,-0.2627813514361692,-0.16698772322877123
2024-02-12,0.7797799999999999,0.85923,0.7797799999999999,0.85923,-0.2487434503644948,-0.1517186396359758
2024-02-19,0.7994,0.8847,0.7994,0.8847,-0.2238938327049139,-0.12250667449279676
2024-02-26,0.79535,0.87962,0.79535,0.87962,-0.22897300963776757,-0.12826528295202283
2024-03-04,0.78961,0.8684400000000001,0.78961,0.8684400000000001,-0.23621612630273683,-0.1410567803161003
2024-03-11,0.79023,0.8585900000000001,0.79023,0.8585900000000001,-0.23543123665336818,-0.1524637701264948
2024-03-18,0.78913,0.8497899999999999,0.78913,0.8497899999999999,-0.236824206182629,-0.16276601884536315
2024-03-25,0.8102699999999999,0.8586,0.8102699999999999,0.8586,-0.21038775352553232,-0.15245212319167678
2024-04-01,0.81849,0.8523099999999999,0.81849,0.8523099999999999,-0.2002940997165648,-0.15980496856483717
2024-04-08,0.82962,0.857,0.82962,0.857,-0.18678751435355542,-0.15431736038435728
2024-04-15,0.84024,0.86364,0.84024,0.86364,-0.17406771366761714,-0.14659926367442389
2024-04-22,0.84577,0.8600599999999999,0.84577,0.8600599999999999,-0.16750782395090566,-0.15075312472635802
2024-04-29,0.84094,0.8497100000000001,0.84094,0.8497100000000001,-0.17323496519279297,-0.1628601641822963
2024-05-06,0.83905,0.83769,0.83905,0.83769,-0.17548497953496633,-0.17710717534139875
2024-05-13,0.82782,0.8197300000000001,0.82782,0.8197300000000001,-0.1889595395341399,-0.1987802612372278
2024-05-20,0.8149500000000001,0.8032999999999999,0.8149500000000001,0.8032999999999999,-0.2046285173164952,-0.21902703580237032
2024-05-27,0.80761,0.79441,0.80761,0.79441,-0.21367601025260677,-0.23015557821358623
2024-06-03,0.80037,0.7850199999999999,0.80037,0.7850199999999999,-0.22268115823436893,-0.2420460838172736
2024-06-10,0.7885800000000001,0.7719400000000001,0.7885800000000001,0.7719400000000001,-0.2375214192601652,-0.2588484521849865
2024-06-17,0.78339,0.77139,0.78339,0.77139,-0.24412462270295254,-0.25956119673512623
2024-06-24,0.7844099999999999,0.789,0.7844099999999999,0.789,-0.24282343614355434,-0.23698895813626278
2024-07-01,0.79598,0.8068,0.79598,0.8068,-0.2281812190815486,-0.2146794729020804
2024-07-08,0.80561,0.8184400000000001,0.80561,0.8184400000000001,-0.21615552454658413,-0.2003551896837785
2024-07-15,0.80426,0.8178500000000001,0.80426,0.8178500000000001,-0.21783267899563324,-0.20107633327760233
2024-07-22,0.79798,0.8108200000000001,0.79798,0.8108200000000001,-0.22567174450304348,-0.20970919771295735
2024-07-29,0.78918,0.80116,0.78918,0.80116,-0.2367608472733948,-0.22169460154910528
2024-08-05,0.77865,0.79018,0.77865,0.79018,-0.2501936280407894,-0.23549451137324046
2024-08-12,0.7699400000000001,0.7803,0.7699400000000001,0.7803,-0.26144268924841235,-0.2480768178594215
2024-08-19,0.7651399999999999,0.77474,0.7651399999999999,0.77474,-0.26769645536330694,-0.255227789787061
2024-08-26,0.756,0.76312,0.756,0.76312,-0.27971390280260405,-0.2703399861451844
2024-09-02,0.74353,0.74987,0.74353,0.74987,-0.2963461641985771,-0.28785542080907256
2024-09-09,0.73254,0.73953,0.73254,0.73953,-0.311237332073318,-0.30174042970282117
2024-09-16,0.71376,0.7233200000000001,0.71376,0.7233200000000001,-0.33720850760218246,-0.32390355446535807
2024-09-23,0.70027,0.71225,0.70027,0.71225,-0.35628930402165054,-0.3393263056041193
2024-09-30,0.69359,0.7067899999999999,0.69359,0.7067899999999999,-0.3658742711514571,-0.3470216869105942
2024-10-07,0.69079,0.70421,0.69079,0.70421,-0.36991940878428137,-0.3506786718507928
2024-10-14,0.71215,0.72684,0.71215,0.72684,-0.33946671560154196,-0.31904890820128085
2024-10-21,0.7186,0.73121,0.7186,0.73121,-0.33045040430271866,-0.31305458278691795
2024-10-28,0.71594,0.72313,0.71594,0.72313,-0.3341589144154955,-0.3241662666242198
2024-11-04,0.7113400000000001,0.72025,0.7113400000000001,0.72025,-0.34060476376123777,-0.3281569050174993
2024-11-11,0.71124,0.72303,0.71124,0.72303,-0.34074535339439,-0.3243045639082817
2024-11-18,0.70923,0.72229,0.70923,0.72229,-0.3435754044923209,-0.32532855868405663
2024-11-25,0.7127,0.73414,0.7127,0.73414,-0.338694704474312,-0.30905553286053855
2024-12-02,0.71723,0.74452,0.71723,0.74452,-0.3323587087896736,-0.29501556355200476
2024-12-09,0.71184,0.7395,0.71184,0.7395,-0.33990211192440534,-0.3017809968312825
2024-12-16,0.7063400000000001,0.73326,0.7063400000000001,0.73326,-0.3476585710121427,-0.31025493330417286
2024-12-23,0.7098,0.73775,0.7098,0.73775,-0.342772038769741,-0.3041502651590882
2024-12-30,0.71154,0.74,0.71154,0.74,-0.3403236437773783,-0.3011050927839216
2025-01-06,0.72454,0.75298,0.72454,0.75298,-0.32221830825544995,-0.28371661195994463
2025-01-13,0.7413500000000001,0.7698400000000001,0.7413500000000001,0.7698400000000001,-0.2992824305181019,-0.2615725779339916
2025-01-20,0.76591,0.7980900000000001,0.76591,0.7980900000000001,-0.2666906096170294,-0.2255339059368475
2025-01-27,0.77262,0.8084,0.77262,0.8084,-0.2579679424683896,-0.2126982934526711
2025-02-03,0.7662599999999999,0.8009299999999999,0.7662599999999999,0.8009299999999999,-0.2662337412459115,-0.2219817264941211
2025-02-10,0.7662599999999999,0.8009299999999999,0.7662599999999999,0.8009299999999999,-0.2662337412459115,-0.2219817264941211
2025-02-17,0.7672100000000001,0.79845,0.7672100000000001,0.79845,-0.26499472108701105,-0.22508293069526097
2025-02-24,0.76638,0.79813,0.76638,0.79813,-0.26607714869939664,-0.22548378753210593
2025-03-03,0.76024,0.7916799999999999,0.76024,0.7916799999999999,-0.2741211060790772,-0.23359800921806875
2025-03-10,0.74851,0.77912,0.74851,0.77912,-0.2896707151582585,-0.2495902013291932
2025-03-17,0.73237,0.7624,0.73237,0.7624,-0.31146942824409046,-0.27128392664214473
2025-03-24,0.72024,0.7489,0.72024,0.7489,-0.3281707891819157,-0.28914981572681564
2025-03-31,0.7156699999999999,0.74285,0.7156699999999999,0.74285,-0.334536112120459,-0.2972611388987751
2025-04-07,0.71521,0.74094,0.71521,0.74094,-0.3351790731176731,-0.299835628624351
2025-04-14,0.6967899999999999,0.72065,0.6967899999999999,0.72065,-0.3612712048671468,-0.3276016964530253
2025-04-21,0.67824,0.70202,0.67824,0.70202,-0.3882540713778101,-0.3537933853336691
2025-04-28,0.6693300000000001,0.69309,0.6693300000000001,0.69309,-0.4014780669307087,-0.366595418094759
2025-05-05,0.66239,0.6854600000000001,0.66239,0.6854600000000001,-0.41190077264339964,-0.37766513325048523
2025-05-12,0.65658,0.6765399999999999,0.65658,0.6765399999999999,-0.42071073432373035,-0.39076370525527176
2025-05-19,0.67899,0.6718200000000001,0.67899,0.6718200000000001,-0.387148879072393,-0.39776483148197633
2025-05-26,0.67899,0.6779299999999999,0.67899,0.6779299999999999,-0.387148879072393,-0.38871124120961487
2025-06-02,0.67435,0.6721699999999999,0.67435,0.6721699999999999,-0.39400601501927046,-0.39724399426159235
2025-06-09,0.6716599999999999,0.66726,0.6716599999999999,0.66726,-0.3980030188770348,-0.4045755039233315
2025-06-16,0.6772100000000001,0.6738999999999999,0.6772100000000001,0.6738999999999999,-0.38977386214582754,-0.3946735470299658
2025-06-23,0.70798,0.71439,0.70798,0.71439,-0.3453394342749867,-0.3363262472781757
2025-06-30,0.71877,0.7413,0.71877,0.7413,-0.3302138611707587,-0.29934987731946305
2025-07-07,0.70748,0.73126,0.70748,0.73126,-0.34604591841554416,-0.31298620531590043
2025-07-14,0.70368,0.73058,0.70368,0.73058,-0.35143157161574073,-0.3139165397561214
2025-07-21,0.70238,0.7313,0.70238,0.7313,-0.35328071087071683,-0.3129315067052316
2025-07-28,0.6969099999999999,0.7285499999999999,0.6969099999999999,0.7285499999999999,-0.3610990013796006,-0.31669902152227364
2025-08-04,0.69044,0.71912,0.69044,0.71912,-0.3704262034636485,-0.3297270367169932
2025-08-11,0.68769,0.71304,0.68769,0.71304,-0.3744171239864423,-0.33821775915967517
2025-08-18,0.6810900000000001,0.7048300000000001,0.6810900000000001,0.7048300000000001,-0.38406082297449334,-0.3497986399993001
2025-08-25,0.6762999999999999,0.69714,0.6762999999999999,0.69714,-0.39111851440124296,-0.36076902755931156
2025-09-01,0.6774,0.69749,0.6774,0.69749,-0.3894933385984657,-0.3602671023069536
2025-09-08,0.68443,0.7037899999999999,0.68443,0.7037899999999999,-0.37916890390958524,-0.35127526277757876
2025-09-15,0.68892,0.70763,0.68892,0.70763,-0.37263012501459136,-0.34583392076085756
2025-09-22,0.6911,0.71051,0.6911,0.71051,-0.36947074788478834,-0.3417722569486726
2025-09-29,0.68963,0.70999,0.68963,0.70999,-0.3716000570986243,-0.34250439355300577
2025-10-06,0.6873049180327869,0.7086,0.6873049180327869,0.7086,-0.37497724529631865,-0.34446408655076544
2025-10-13,0.6794606557377049,0.6999196721311477,0.6794606557377049,0.6999196721311477,-0.38645594885141044,-0.3567897046218481
2025-10-20,0.6720999999999999,0.6920262295081967,0.6720999999999999,0.6920262295081967,-0.397348140006217,-0.3681314201692236
2025-10-27,0.6664852459016395,0.6863131147540983,0.6664852459016395,0.6863131147540983,-0.40573727629010486,-0.37642131988964833
2025-11-03,0.6758049180327869,0.7055344262295082,0.6758049180327869,0.7055344262295082,-0.391850827378935,-0.3487997119563293
2025-11-10,0.6845754098360656,0.7236081967213115,0.6845754098360656,0.7236081967213115,-0.3789564725553076,-0.32350519782848336
2025-11-17,0.6960508196721312,0.7469360655737706,0.6960508196721312,0.7469360655737706,-0.36233260454300853,-0.2917756857668613
2025-11-24,0.7052147540983608,0.7631983606557378,0.7052147540983608,0.7631983606557378,-0.34925290681346827,-0.2702373068381322
2025-12-01,0.7023131147540985,0.7621655737704918,0.7023131147540985,0.7621655737704918,-0.3533759419859683,-0.2715914584864799
2025-12-08,0.6949934426229508,0.7481327868852459,0.6949934426229508,0.7481327868852459,-0.3638528685367464,-0.2901747941890692
2025-12-15,0.6866,0.7324688524590165,0.6866,0.7324688524590165,-0.37600339795854537,-0.31133446123526126
2025-12-22,0.6718622950819672,0.7139524590163935,0.6718622950819672,0.7139524590163935,-0.39770187749034325,-0.3369389028700197
2025-12-29,0.6627393442622952,0.7025180327868852,0.6627393442622952,0.7025180327868852,-0.4113735120074458,-0.35308420865616746
2026-01-05,0.6834114754098362,0.6747803278688526,0.6834114754098362,0.6747803278688526,-0.38065814779744583,-0.39336808127105183
2026-01-12,0.6609442622950819,0.6880590163934426,0.6609442622950819,0.6880590163934426,-0.4140857659913343,-0.3738806650860248
2026-01-19,0.6600180327868853,0.6883377049180328,0.6600180327868853,0.6883377049180328,-0.41548812193054424,-0.37347571130477325
2026-01-26,0.6672229508196722,0.6987967213114755,0.6672229508196722,0.6987967213114755,-0.40463102981868226,-0.3583953926172214
2026-02-02,0.6726327868852459,0.7056737704918032,0.6726327868852459,0.7056737704918032,-0.3965557343798793,-0.34860222973779964
2026-02-09,0.6753622950819673,0.7131901639344262,0.6753622950819673,0.7131901639344262,-0.3925059986447211,-0.3380071845430693
2026-02-16,0.6781901639344262,0.7168459016393443,0.6781901639344262,0.7168459016393443,-0.38832755258889085,-0.33289438248644426
2026-02-23,0.6832967213114753,0.7220426229508196,0.6832967213114753,0.7220426229508196,-0.38082607552174835,-0.32567110727385995
2026-03-02,0.6962721311475412,0.7375016393442624,0.6962721311475412,0.7375016393442624,-0.3620147020374964,-0.30448696793095487
2026-03-09,0.7575590163934428,0.8592639344262295,0.7575590163934428,0.8592639344262295,-0.2776538352031073,-0.15167914641978916
2026-03-16,0.8182393442622952,0.9938622950819672,0.8182393442622952,0.9938622950819672,-0.20060038827984272,-0.006156618057421544
2026-03-23,0.9850836065573771,1.1854196721311476,0.9850836065573771,1.1854196721311476,-0.015028761658448254,0.17009686558664752
2026-03-30,0.9478868852459016,1.1932721311475412,0.9478868852459016,1.1932721311475412,-0.053520103207099795,0.1766992236814185
2026-04-06,0.971304918032787,1.2419196721311476,0.971304918032787,1.2419196721311476,-0.029114835235711404,0.21665830519678142
2026-04-13,0.988304918032787,1.2922147540983606,0.988304918032787,1.2922147540983606,-0.011764007357410238,0.2563576098900564
2026-04-20,0.9720344262295082,1.2604688524590164,0.9720344262295082,1.2604688524590164,-0.02836405721730531,0.23148375687564704
