Evento,Serie,tau,CI_95_lo,CI_95_hi,Lag (gg),H0_rif,b1_OLS,b2_OLS,DT1 (gg),DT2 (gg),R2_pre,R2_post,nu_StudentT,rhat_max,ess_min
Ucraina (Feb 2022),Brent,2021-12-13,2021-11-08,2022-07-04,-73,NO,-0.00731,0.016,∞,303.2,0.2059,0.7879,16.97,1.059,52.0
Ucraina (Feb 2022),Benzina,2022-01-03,2021-12-27,2022-01-17,-52,NO,0.00118,0.01969,4115.9,246.4,0.0428,0.8643,1.46,1.001,1709.0
Ucraina (Feb 2022),Diesel,2022-01-03,2021-12-06,2022-01-17,-52,NO,0.00238,0.02211,2039.1,219.4,0.1187,0.8217,5.39,1.002,1027.0
Iran-Israele (Giu 2025),Brent,2025-04-28,2025-04-07,2025-05-12,-46,NO,-0.02074,-0.00163,∞,∞,0.8307,0.0974,16.71,1.002,3241.0
Iran-Israele (Giu 2025),Benzina,2025-04-28,2025-04-14,2025-05-12,-46,NO,-0.01124,0.00034,∞,14353.9,0.9168,0.0154,21.38,1.001,3577.0
Iran-Israele (Giu 2025),Diesel,2025-05-05,2025-04-21,2025-05-19,-39,NO,-0.01278,0.00118,∞,4119.8,0.941,0.0887,22.82,1.001,3974.0
Hormuz (Feb 2026),Brent,2026-02-16,2026-02-09,2026-02-23,-12,SÌ,0.00038,0.09404,12892.0,51.6,0.0041,0.945,22.2,1.002,3212.0
Hormuz (Feb 2026),Benzina,2026-03-02,2026-02-23,2026-03-02,2,SÌ,-0.00089,0.08796,∞,55.2,0.0832,0.8967,13.69,1.002,2743.0
Hormuz (Feb 2026),Diesel,2026-02-23,2026-02-23,2026-03-02,-5,SÌ,-0.00075,0.1166,∞,41.6,0.0159,0.9535,21.9,1.001,3881.0
